interval_id,queue_id,interval_start,offered_calls,aht_sec,agents_staffed,traffic_intensity_erlangs,occupancy_pct,wait_probability_pct,asa_sec,service_level_pct,expected_abandon_rate_pct,calls_answered,calls_abandoned,realized_abandon_rate_pct
1,1,2026-05-04 08:00:00,13,303,5,2.19,43.8,8.2,8.9,93.2,4.9,13,0,0.0
2,2,2026-05-04 08:00:00,8,376,5,1.67,33.4,3.1,3.5,97.7,1.7,8,0,0.0
3,3,2026-05-04 08:00:00,11,255,5,1.56,31.2,2.3,1.7,98.1,1.5,11,0,0.0
4,4,2026-05-04 08:00:00,7,398,4,1.55,38.7,8.2,13.3,93.0,6.0,5,2,28.6
5,1,2026-05-04 08:30:00,26,308,9,4.45,49.4,4.3,2.9,96.8,2.1,24,2,7.7
6,2,2026-05-04 08:30:00,12,465,8,3.1,38.8,1.6,1.5,98.9,0.8,11,1,8.3
7,3,2026-05-04 08:30:00,12,261,6,1.74,29.0,1.0,0.6,99.3,0.5,12,0,0.0
8,4,2026-05-04 08:30:00,8,336,4,1.49,37.3,7.4,9.9,93.9,5.1,8,0,0.0
9,1,2026-05-04 09:00:00,26,280,9,4.04,44.9,2.5,1.4,98.2,1.1,26,0,0.0
10,2,2026-05-04 09:00:00,15,468,9,3.9,43.3,2.1,1.9,98.5,1.0,15,0,0.0
11,3,2026-05-04 09:00:00,16,218,6,1.94,32.3,1.6,0.8,98.8,0.8,16,0,0.0
12,4,2026-05-04 09:00:00,3,368,3,0.61,20.4,2.6,4.0,97.8,1.9,2,1,33.3
13,1,2026-05-04 09:30:00,30,287,10,4.78,47.8,2.8,1.5,98.1,1.2,29,1,3.3
14,2,2026-05-04 09:30:00,18,398,9,3.98,44.2,2.3,1.8,98.4,1.1,18,0,0.0
15,3,2026-05-04 09:30:00,19,230,6,2.43,40.5,4.2,2.7,96.7,2.5,19,0,0.0
16,4,2026-05-04 09:30:00,16,390,8,3.47,43.3,2.8,2.4,97.9,1.7,16,0,0.0
17,1,2026-05-04 10:00:00,40,266,11,5.91,53.7,4.5,2.3,96.9,1.8,38,2,5.0
18,2,2026-05-04 10:00:00,23,424,10,5.42,54.2,5.8,5.3,95.8,2.9,23,0,0.0
19,3,2026-05-04 10:00:00,9,233,5,1.16,23.3,0.7,0.4,99.4,0.4,9,0,0.0
20,4,2026-05-04 10:00:00,9,349,5,1.74,34.9,3.6,3.9,97.1,2.3,8,1,11.1
21,1,2026-05-04 10:30:00,37,291,11,5.98,54.4,4.8,2.8,96.6,2.1,36,1,2.7
22,2,2026-05-04 10:30:00,27,430,12,6.45,53.8,3.7,2.9,97.5,1.7,27,0,0.0
23,3,2026-05-04 10:30:00,23,240,8,3.07,38.3,1.5,0.7,98.9,0.8,23,0,0.0
24,4,2026-05-04 10:30:00,9,341,5,1.7,34.1,3.3,3.4,97.4,2.1,9,0,0.0
25,1,2026-05-04 11:00:00,36,289,11,5.78,52.5,3.9,2.2,97.3,1.7,36,0,0.0
26,2,2026-05-04 11:00:00,19,428,9,4.52,50.2,4.7,4.5,96.6,2.4,19,0,0.0
27,3,2026-05-04 11:00:00,24,230,8,3.07,38.3,1.5,0.7,98.9,0.7,24,0,0.0
28,4,2026-05-04 11:00:00,11,394,6,2.41,40.1,4.1,4.4,96.8,2.6,11,0,0.0
29,1,2026-05-04 11:30:00,47,335,15,8.75,58.3,3.9,2.1,97.3,1.6,46,1,2.1
30,2,2026-05-04 11:30:00,29,438,12,7.06,58.8,6.6,5.8,95.3,3.3,29,0,0.0
31,3,2026-05-04 11:30:00,26,274,10,3.96,39.6,0.8,0.4,99.4,0.4,25,1,3.8
32,4,2026-05-04 11:30:00,14,361,6,2.81,46.8,7.6,8.6,93.9,5.0,13,1,7.1
33,1,2026-05-04 12:00:00,45,289,14,7.22,51.6,1.8,0.8,98.9,0.7,44,1,2.2
34,2,2026-05-04 12:00:00,34,409,14,7.73,55.2,3.0,2.0,98.1,1.3,34,0,0.0
35,3,2026-05-04 12:00:00,18,212,6,2.12,35.3,2.3,1.3,98.2,1.3,18,0,0.0
36,4,2026-05-04 12:00:00,5,393,4,1.09,27.3,2.7,3.7,97.7,1.9,5,0,0.0
37,1,2026-05-04 12:30:00,43,298,12,7.12,59.3,7.0,4.2,95.0,3.1,40,3,7.0
38,2,2026-05-04 12:30:00,23,429,11,5.48,49.8,2.8,2.2,98.1,1.3,23,0,0.0
39,3,2026-05-04 12:30:00,18,244,8,2.44,30.5,0.4,0.2,99.7,0.2,18,0,0.0
40,4,2026-05-04 12:30:00,12,434,6,2.89,48.2,8.6,12.0,92.8,6.0,12,0,0.0
41,1,2026-05-04 13:00:00,50,306,15,8.5,56.7,3.1,1.5,98.0,1.2,50,0,0.0
42,2,2026-05-04 13:00:00,30,456,14,7.6,54.3,2.7,1.9,98.2,1.2,27,3,10.0
43,3,2026-05-04 13:00:00,26,258,9,3.73,41.4,1.6,0.8,98.8,0.8,25,1,3.8
44,4,2026-05-04 13:00:00,14,365,6,2.84,47.3,8.0,9.2,93.6,5.2,14,0,0.0
45,1,2026-05-04 13:30:00,35,326,12,6.34,52.8,3.3,1.9,97.7,1.4,34,1,2.9
46,2,2026-05-04 13:30:00,26,428,11,6.18,56.2,5.9,5.2,95.8,2.9,26,0,0.0
47,3,2026-05-04 13:30:00,21,231,8,2.7,33.7,0.7,0.3,99.5,0.3,21,0,0.0
48,4,2026-05-04 13:30:00,12,339,5,2.26,45.2,9.2,11.4,92.5,6.2,11,1,8.3
49,1,2026-05-04 14:00:00,38,312,12,6.59,54.9,4.2,2.4,97.0,1.8,37,1,2.6
50,2,2026-05-04 14:00:00,22,428,10,5.23,52.3,4.7,4.2,96.6,2.4,22,0,0.0
51,3,2026-05-04 14:00:00,16,273,8,2.43,30.3,0.4,0.2,99.7,0.2,16,0,0.0
52,4,2026-05-04 14:00:00,10,352,5,1.96,39.1,5.5,6.4,95.6,3.6,10,0,0.0
53,1,2026-05-04 14:30:00,33,311,11,5.7,51.8,3.6,2.1,97.5,1.6,32,1,3.0
54,2,2026-05-04 14:30:00,27,420,12,6.3,52.5,3.1,2.3,97.9,1.4,27,0,0.0
55,3,2026-05-04 14:30:00,27,232,9,3.48,38.7,1.0,0.4,99.3,0.5,27,0,0.0
56,4,2026-05-04 14:30:00,12,394,6,2.63,43.8,5.8,6.8,95.3,3.8,12,0,0.0
57,1,2026-05-04 15:00:00,35,307,11,5.97,54.3,4.8,2.9,96.6,2.1,33,2,5.7
58,2,2026-05-04 15:00:00,28,403,11,6.27,57.0,6.4,5.5,95.5,3.1,27,1,3.6
59,3,2026-05-04 15:00:00,19,234,8,2.47,30.9,0.4,0.2,99.7,0.2,19,0,0.0
60,4,2026-05-04 15:00:00,13,349,6,2.52,42.0,4.9,4.9,96.2,3.1,13,0,0.0
61,1,2026-05-04 15:30:00,40,316,12,7.02,58.5,6.4,4.1,95.3,2.9,39,1,2.5
62,2,2026-05-04 15:30:00,26,407,11,5.88,53.4,4.3,3.4,97.0,2.0,24,2,7.7
63,3,2026-05-04 15:30:00,15,225,6,1.88,31.2,1.3,0.7,99.0,0.7,14,1,6.7
64,4,2026-05-04 15:30:00,8,346,4,1.54,38.4,8.0,11.3,93.3,5.6,8,0,0.0
65,1,2026-05-04 16:00:00,27,273,9,4.1,45.5,2.7,1.5,98.1,1.2,27,0,0.0
66,2,2026-05-04 16:00:00,10,415,6,2.31,38.4,3.4,3.8,97.4,1.9,9,1,10.0
67,3,2026-05-04 16:00:00,21,189,6,2.2,36.8,2.8,1.4,97.9,1.5,20,1,4.8
68,4,2026-05-04 16:00:00,10,384,5,2.13,42.7,7.5,10.1,93.8,5.2,10,0,0.0
69,1,2026-05-04 16:30:00,27,326,10,4.89,48.9,3.2,2.0,97.7,1.5,27,0,0.0
70,2,2026-05-04 16:30:00,25,431,11,5.99,54.4,4.9,4.2,96.6,2.4,25,0,0.0
71,3,2026-05-04 16:30:00,21,229,8,2.67,33.4,0.7,0.3,99.5,0.3,21,0,0.0
72,4,2026-05-04 16:30:00,6,364,4,1.21,30.3,3.8,5.0,96.8,2.6,6,0,0.0
73,1,2026-05-04 17:00:00,27,311,10,4.66,46.7,2.4,1.4,98.3,1.0,27,0,0.0
74,2,2026-05-04 17:00:00,16,464,9,4.12,45.8,2.8,2.7,97.9,1.5,16,0,0.0
75,3,2026-05-04 17:00:00,12,251,5,1.67,33.5,3.1,2.3,97.5,1.9,11,1,8.3
76,4,2026-05-04 17:00:00,10,324,5,1.8,36.0,4.0,4.1,96.8,2.5,10,0,0.0
77,1,2026-05-04 17:30:00,14,309,6,2.4,40.1,4.0,3.5,96.8,2.1,14,0,0.0
78,2,2026-05-04 17:30:00,9,451,6,2.26,37.6,3.1,3.7,97.6,1.8,9,0,0.0
79,3,2026-05-04 17:30:00,9,230,5,1.15,23.0,0.7,0.4,99.5,0.4,9,0,0.0
80,4,2026-05-04 17:30:00,3,378,3,0.63,21.0,2.8,4.5,97.6,2.0,3,0,0.0
81,1,2026-05-05 08:00:00,12,296,5,1.97,39.5,5.7,5.6,95.4,3.2,12,0,0.0
82,2,2026-05-05 08:00:00,7,343,4,1.33,33.3,5.2,6.7,95.9,3.1,7,0,0.0
83,3,2026-05-05 08:00:00,13,236,5,1.7,34.1,3.3,2.4,97.3,2.0,13,0,0.0
84,4,2026-05-05 08:00:00,6,352,4,1.17,29.3,3.4,4.3,97.2,2.3,6,0,0.0
85,1,2026-05-05 08:30:00,10,335,5,1.86,37.2,4.6,4.9,96.2,2.7,10,0,0.0
86,2,2026-05-05 08:30:00,17,452,9,4.27,47.4,3.4,3.3,97.5,1.8,17,0,0.0
87,3,2026-05-05 08:30:00,8,236,4,1.05,26.2,2.4,1.9,98.0,1.5,8,0,0.0
88,4,2026-05-05 08:30:00,7,335,4,1.3,32.6,4.8,6.0,96.1,3.2,7,0,0.0
89,1,2026-05-05 09:00:00,21,327,9,3.82,42.4,1.8,1.1,98.7,0.8,21,0,0.0
90,2,2026-05-05 09:00:00,17,436,9,4.12,45.8,2.8,2.5,98.0,1.4,17,0,0.0
91,3,2026-05-05 09:00:00,16,252,6,2.24,37.3,3.0,2.0,97.6,1.8,16,0,0.0
92,4,2026-05-05 09:00:00,5,346,4,0.96,24.0,1.8,2.0,98.6,1.2,5,0,0.0
93,1,2026-05-05 09:30:00,30,308,10,5.13,51.3,4.2,2.7,96.9,1.9,30,0,0.0
94,2,2026-05-05 09:30:00,21,367,9,4.28,47.6,3.5,2.7,97.6,1.6,21,0,0.0
95,3,2026-05-05 09:30:00,13,246,6,1.78,29.6,1.0,0.6,99.2,0.6,13,0,0.0
96,4,2026-05-05 09:30:00,12,372,6,2.48,41.3,4.6,4.8,96.4,2.9,12,0,0.0
97,1,2026-05-05 10:00:00,30,327,11,5.45,49.5,2.7,1.6,98.1,1.2,30,0,0.0
98,2,2026-05-05 10:00:00,30,407,12,6.78,56.5,5.1,4.0,96.5,2.4,30,0,0.0
99,3,2026-05-05 10:00:00,17,274,8,2.59,32.3,0.6,0.3,99.6,0.3,17,0,0.0
100,4,2026-05-05 10:00:00,9,337,5,1.68,33.7,3.2,3.2,97.5,2.0,9,0,0.0
101,1,2026-05-05 10:30:00,34,329,11,6.21,56.5,6.1,4.2,95.4,2.9,34,0,0.0
102,2,2026-05-05 10:30:00,22,491,11,6.0,54.6,4.9,4.8,96.4,2.6,21,1,4.5
103,3,2026-05-05 10:30:00,24,223,8,2.97,37.2,1.2,0.5,99.1,0.6,24,0,0.0
104,4,2026-05-05 10:30:00,8,349,4,1.55,38.8,8.3,11.8,93.1,5.8,8,0,0.0
105,1,2026-05-05 11:00:00,26,348,10,5.03,50.3,3.7,2.6,97.2,1.8,26,0,0.0
106,2,2026-05-05 11:00:00,29,462,14,7.44,53.2,2.3,1.6,98.5,1.0,29,0,0.0
107,3,2026-05-05 11:00:00,25,271,9,3.76,41.8,1.7,0.9,98.8,0.9,24,1,4.0
108,4,2026-05-05 11:00:00,10,329,5,1.83,36.6,4.3,4.4,96.6,2.7,9,1,10.0
109,1,2026-05-05 11:30:00,39,309,12,6.7,55.8,4.7,2.7,96.7,2.1,38,1,2.6
110,2,2026-05-05 11:30:00,24,423,11,5.64,51.3,3.3,2.6,97.7,1.6,24,0,0.0
111,3,2026-05-05 11:30:00,23,226,8,2.89,36.1,1.0,0.5,99.3,0.5,23,0,0.0
112,4,2026-05-05 11:30:00,16,316,6,2.81,46.8,7.6,7.6,94.1,4.8,15,1,6.2
113,1,2026-05-05 12:00:00,48,250,12,6.67,55.6,4.6,2.1,97.0,1.8,47,1,2.1
114,2,2026-05-05 12:00:00,37,407,15,8.37,55.8,2.8,1.7,98.3,1.1,37,0,0.0
115,3,2026-05-05 12:00:00,22,255,8,3.12,39.0,1.6,0.8,98.8,0.9,22,0,0.0
116,4,2026-05-05 12:00:00,13,360,6,2.6,43.3,5.6,5.9,95.6,3.6,13,0,0.0
117,1,2026-05-05 12:30:00,42,284,12,6.63,55.2,4.4,2.3,97.0,1.8,42,0,0.0
118,2,2026-05-05 12:30:00,31,422,14,7.27,51.9,1.9,1.2,98.8,0.8,31,0,0.0
119,3,2026-05-05 12:30:00,27,256,9,3.84,42.7,1.9,0.9,98.6,1.0,27,0,0.0
120,4,2026-05-05 12:30:00,17,375,8,3.54,44.3,3.2,2.7,97.6,1.9,17,0,0.0
121,1,2026-05-05 13:00:00,45,304,14,7.6,54.3,2.7,1.3,98.2,1.0,43,2,4.4
122,2,2026-05-05 13:00:00,34,365,12,6.89,57.5,5.7,4.1,96.3,2.5,34,0,0.0
123,3,2026-05-05 13:00:00,26,258,9,3.73,41.4,1.6,0.8,98.8,0.8,26,0,0.0
124,4,2026-05-05 13:00:00,16,342,6,3.04,50.7,10.4,12.1,91.6,6.9,15,1,6.2
125,1,2026-05-05 13:30:00,29,299,10,4.82,48.2,2.9,1.7,98.0,1.3,29,0,0.0
126,2,2026-05-05 13:30:00,24,368,10,4.91,49.1,3.2,2.3,97.9,1.4,23,1,4.2
127,3,2026-05-05 13:30:00,22,244,8,2.98,37.3,1.3,0.6,99.1,0.7,22,0,0.0
128,4,2026-05-05 13:30:00,10,353,5,1.96,39.2,5.6,6.5,95.5,3.7,10,0,0.0
129,1,2026-05-05 14:00:00,34,302,11,5.7,51.9,3.6,2.0,97.5,1.6,33,1,2.9
130,2,2026-05-05 14:00:00,28,409,12,6.36,53.0,3.4,2.4,97.8,1.5,28,0,0.0
131,3,2026-05-05 14:00:00,19,252,8,2.66,33.2,0.7,0.3,99.5,0.3,19,0,0.0
132,4,2026-05-05 14:00:00,9,400,5,2.0,40.0,6.0,8.0,95.1,4.1,8,1,11.1
133,1,2026-05-05 14:30:00,41,263,11,5.99,54.5,4.9,2.6,96.7,2.0,39,2,4.9
134,2,2026-05-05 14:30:00,35,413,15,8.03,53.5,2.0,1.2,98.8,0.8,34,1,2.9
135,3,2026-05-05 14:30:00,31,232,10,4.0,40.0,0.9,0.3,99.4,0.4,31,0,0.0
136,4,2026-05-05 14:30:00,10,361,5,2.01,40.1,6.0,7.3,95.1,4.0,10,0,0.0
137,1,2026-05-05 15:00:00,37,307,12,6.31,52.6,3.2,1.7,97.8,1.3,37,0,0.0
138,2,2026-05-05 15:00:00,18,421,9,4.21,46.8,3.2,2.8,97.7,1.6,18,0,0.0
139,3,2026-05-05 15:00:00,25,255,9,3.54,39.4,1.2,0.5,99.2,0.6,25,0,0.0
140,4,2026-05-05 15:00:00,12,310,5,2.07,41.3,6.7,7.1,94.7,4.3,10,2,16.7
141,1,2026-05-05 15:30:00,25,290,9,4.03,44.8,2.5,1.4,98.2,1.1,23,2,8.0
142,2,2026-05-05 15:30:00,15,496,9,4.13,45.9,2.9,2.9,97.9,1.5,14,1,6.7
143,3,2026-05-05 15:30:00,20,248,8,2.76,34.4,0.8,0.4,99.4,0.4,20,0,0.0
144,4,2026-05-05 15:30:00,7,419,5,1.63,32.6,2.8,3.5,97.7,1.9,7,0,0.0
145,1,2026-05-05 16:00:00,31,315,11,5.42,49.3,2.6,1.5,98.2,1.1,28,3,9.7
146,2,2026-05-05 16:00:00,16,464,9,4.12,45.8,2.8,2.7,97.9,1.5,16,0,0.0
147,3,2026-05-05 16:00:00,12,229,5,1.53,30.5,2.2,1.4,98.3,1.3,12,0,0.0
148,4,2026-05-05 16:00:00,10,386,5,2.14,42.9,7.7,10.4,93.6,5.3,8,2,20.0
149,1,2026-05-05 16:30:00,19,273,6,2.88,48.0,8.5,7.4,93.3,4.6,19,0,0.0
150,2,2026-05-05 16:30:00,12,427,6,2.85,47.4,8.1,10.9,93.5,4.8,12,0,0.0
151,3,2026-05-05 16:30:00,13,250,6,1.81,30.1,1.1,0.7,99.1,0.6,13,0,0.0
152,4,2026-05-05 16:30:00,5,358,4,0.99,24.9,2.0,2.4,98.4,1.3,5,0,0.0
153,1,2026-05-05 17:00:00,15,302,6,2.52,41.9,4.9,4.2,96.1,2.6,15,0,0.0
154,2,2026-05-05 17:00:00,14,425,8,3.31,41.3,2.2,2.0,98.4,1.1,14,0,0.0
155,3,2026-05-05 17:00:00,17,240,6,2.27,37.8,3.1,2.0,97.5,1.8,16,1,5.9
156,4,2026-05-05 17:00:00,10,310,5,1.72,34.4,3.4,3.2,97.4,2.1,10,0,0.0
157,1,2026-05-05 17:30:00,17,298,6,2.81,46.9,7.7,7.2,93.8,4.3,16,1,5.9
158,2,2026-05-05 17:30:00,11,454,6,2.77,46.2,7.3,10.2,94.1,4.4,10,1,9.1
159,3,2026-05-05 17:30:00,7,223,4,0.87,21.7,1.3,0.9,99.0,0.8,7,0,0.0
160,4,2026-05-05 17:30:00,2,333,3,0.37,12.3,0.7,0.8,99.5,0.5,2,0,0.0
161,1,2026-05-06 08:00:00,15,272,6,2.27,37.8,3.1,2.3,97.6,1.5,15,0,0.0
162,2,2026-05-06 08:00:00,14,420,8,3.27,40.8,2.1,1.8,98.5,1.0,14,0,0.0
163,3,2026-05-06 08:00:00,15,229,6,1.91,31.8,1.5,0.8,98.9,0.8,14,1,6.7
164,4,2026-05-06 08:00:00,5,376,4,1.04,26.1,2.4,3.0,98.1,1.6,5,0,0.0
165,1,2026-05-06 08:30:00,22,273,8,3.34,41.7,2.3,1.4,98.4,1.0,22,0,0.0
166,2,2026-05-06 08:30:00,16,512,9,4.55,50.6,4.9,5.6,96.2,2.7,16,0,0.0
167,3,2026-05-06 08:30:00,13,240,5,1.73,34.7,3.5,2.6,97.1,2.2,13,0,0.0
168,4,2026-05-06 08:30:00,11,310,5,1.89,37.9,4.9,4.9,96.2,3.1,11,0,0.0
169,1,2026-05-06 09:00:00,21,300,8,3.5,43.8,3.0,2.0,97.8,1.4,21,0,0.0
170,2,2026-05-06 09:00:00,14,391,8,3.04,38.0,1.4,1.1,99.0,0.7,14,0,0.0
171,3,2026-05-06 09:00:00,15,224,6,1.87,31.1,1.3,0.7,99.0,0.7,14,1,6.7
172,4,2026-05-06 09:00:00,5,346,4,0.96,24.0,1.8,2.0,98.6,1.2,5,0,0.0
173,1,2026-05-06 09:30:00,29,305,10,4.91,49.1,3.3,2.0,97.7,1.4,29,0,0.0
174,2,2026-05-06 09:30:00,17,413,9,3.9,43.3,2.1,1.7,98.6,1.0,17,0,0.0
175,3,2026-05-06 09:30:00,12,254,5,1.69,33.9,3.2,2.5,97.4,2.0,12,0,0.0
176,4,2026-05-06 09:30:00,12,375,6,2.5,41.7,4.7,5.1,96.2,3.0,12,0,0.0
177,1,2026-05-06 10:00:00,39,288,11,6.24,56.7,6.2,3.8,95.5,2.8,39,0,0.0
178,2,2026-05-06 10:00:00,13,437,8,3.16,39.5,1.7,1.5,98.8,0.9,13,0,0.0
179,3,2026-05-06 10:00:00,14,249,6,1.94,32.3,1.6,1.0,98.8,0.9,14,0,0.0
180,4,2026-05-06 10:00:00,10,366,5,2.03,40.7,6.3,7.8,94.8,4.3,9,1,10.0
181,1,2026-05-06 10:30:00,28,335,10,5.21,52.1,4.6,3.2,96.5,2.2,28,0,0.0
182,2,2026-05-06 10:30:00,32,474,15,8.43,56.2,2.9,2.1,98.1,1.3,32,0,0.0
183,3,2026-05-06 10:30:00,29,221,9,3.56,39.6,1.2,0.5,99.2,0.6,29,0,0.0
184,4,2026-05-06 10:30:00,6,378,4,1.26,31.5,4.3,6.0,96.4,3.0,6,0,0.0
185,1,2026-05-06 11:00:00,45,305,14,7.62,54.5,2.8,1.3,98.2,1.1,45,0,0.0
186,2,2026-05-06 11:00:00,26,436,12,6.3,52.5,3.1,2.4,97.9,1.4,26,0,0.0
187,3,2026-05-06 11:00:00,18,245,8,2.45,30.6,0.4,0.2,99.7,0.2,18,0,0.0
188,4,2026-05-06 11:00:00,15,370,6,3.08,51.4,11.0,14.0,90.9,7.5,14,1,6.7
189,1,2026-05-06 11:30:00,49,277,14,7.54,53.9,2.5,1.1,98.4,0.9,48,1,2.0
190,2,2026-05-06 11:30:00,36,449,16,8.98,56.1,2.4,1.6,98.5,1.0,35,1,2.8
191,3,2026-05-06 11:30:00,18,232,6,2.32,38.7,3.5,2.2,97.3,2.0,18,0,0.0
192,4,2026-05-06 11:30:00,13,367,6,2.65,44.2,6.0,6.6,95.2,3.9,11,2,15.4
193,1,2026-05-06 12:00:00,37,312,12,6.41,53.4,3.5,2.0,97.5,1.5,37,0,0.0
194,2,2026-05-06 12:00:00,27,461,12,6.92,57.6,5.8,5.3,95.8,2.9,25,2,7.4
195,3,2026-05-06 12:00:00,21,245,8,2.86,35.7,1.0,0.5,99.3,0.5,21,0,0.0
196,4,2026-05-06 12:00:00,19,319,8,3.37,42.1,2.4,1.7,98.3,1.3,18,1,5.3
197,1,2026-05-06 12:30:00,37,313,12,6.43,53.6,3.6,2.0,97.5,1.6,35,2,5.4
198,2,2026-05-06 12:30:00,36,427,15,8.54,56.9,3.2,2.1,97.9,1.4,36,0,0.0
199,3,2026-05-06 12:30:00,30,242,10,4.03,40.3,0.9,0.4,99.4,0.4,29,1,3.3
200,4,2026-05-06 12:30:00,19,329,8,3.47,43.4,2.9,2.1,98.0,1.6,19,0,0.0
201,1,2026-05-06 13:00:00,39,346,14,7.5,53.5,2.4,1.3,98.3,1.0,39,0,0.0
202,2,2026-05-06 13:00:00,28,457,12,7.11,59.2,6.9,6.4,95.0,3.5,27,1,3.6
203,3,2026-05-06 13:00:00,20,244,8,2.71,33.9,0.7,0.3,99.5,0.4,20,0,0.0
204,4,2026-05-06 13:00:00,11,348,5,2.13,42.5,7.4,9.0,93.9,5.0,11,0,0.0
205,1,2026-05-06 13:30:00,43,276,12,6.59,54.9,4.3,2.2,97.1,1.7,43,0,0.0
206,2,2026-05-06 13:30:00,24,411,11,5.48,49.8,2.8,2.1,98.1,1.3,24,0,0.0
207,3,2026-05-06 13:30:00,27,242,9,3.63,40.3,1.3,0.6,99.0,0.7,27,0,0.0
208,4,2026-05-06 13:30:00,19,366,8,3.86,48.3,5.0,4.4,96.3,3.0,19,0,0.0
209,1,2026-05-06 14:00:00,50,311,15,8.64,57.6,3.5,1.7,97.6,1.4,50,0,0.0
210,2,2026-05-06 14:00:00,30,407,12,6.78,56.5,5.1,4.0,96.5,2.4,28,2,6.7
211,3,2026-05-06 14:00:00,24,243,9,3.24,36.0,0.7,0.3,99.5,0.3,24,0,0.0
212,4,2026-05-06 14:00:00,16,360,8,3.2,40.0,1.8,1.4,98.7,1.0,16,0,0.0
213,1,2026-05-06 14:30:00,24,323,9,4.31,47.9,3.6,2.5,97.3,1.7,23,1,4.2
214,2,2026-05-06 14:30:00,24,396,10,5.28,52.8,5.0,4.2,96.5,2.4,23,1,4.2
215,3,2026-05-06 14:30:00,30,226,9,3.77,41.9,1.7,0.7,98.8,0.8,30,0,0.0
216,4,2026-05-06 14:30:00,14,356,6,2.77,46.1,7.2,7.9,94.2,4.7,14,0,0.0
217,1,2026-05-06 15:00:00,31,312,10,5.37,53.7,5.5,3.7,95.9,2.6,30,1,3.2
218,2,2026-05-06 15:00:00,29,418,12,6.73,56.1,4.9,3.9,96.6,2.3,29,0,0.0
219,3,2026-05-06 15:00:00,18,259,8,2.59,32.4,0.6,0.3,99.6,0.3,18,0,0.0
220,4,2026-05-06 15:00:00,7,355,4,1.38,34.5,5.8,7.8,95.2,4.0,6,1,14.3
221,1,2026-05-06 15:30:00,34,342,12,6.46,53.8,3.7,2.3,97.3,1.7,34,0,0.0
222,2,2026-05-06 15:30:00,23,515,12,6.58,54.8,4.2,4.0,96.9,2.2,23,0,0.0
223,3,2026-05-06 15:30:00,14,244,6,1.9,31.6,1.4,0.8,98.9,0.8,14,0,0.0
224,4,2026-05-06 15:30:00,21,371,9,4.33,48.1,3.7,3.0,97.3,2.1,19,2,9.5
225,1,2026-05-06 16:00:00,26,279,9,4.03,44.8,2.5,1.4,98.3,1.1,26,0,0.0
226,2,2026-05-06 16:00:00,29,419,12,6.75,56.3,5.0,4.0,96.6,2.3,28,1,3.4
227,3,2026-05-06 16:00:00,24,272,9,3.63,40.3,1.3,0.7,99.0,0.7,24,0,0.0
228,4,2026-05-06 16:00:00,8,340,4,1.51,37.8,7.6,10.4,93.6,5.3,8,0,0.0
229,1,2026-05-06 16:30:00,24,312,9,4.16,46.2,3.0,1.9,97.8,1.4,24,0,0.0
230,2,2026-05-06 16:30:00,22,455,11,5.56,50.6,3.1,2.6,97.9,1.5,22,0,0.0
231,3,2026-05-06 16:30:00,13,244,6,1.76,29.4,1.0,0.6,99.2,0.6,13,0,0.0
232,4,2026-05-06 16:30:00,5,340,4,0.94,23.6,1.7,1.9,98.7,1.1,5,0,0.0
233,1,2026-05-06 17:00:00,20,303,8,3.37,42.1,2.4,1.6,98.2,1.1,20,0,0.0
234,2,2026-05-06 17:00:00,11,413,6,2.52,42.1,4.9,5.9,96.2,2.8,11,0,0.0
235,3,2026-05-06 17:00:00,10,217,5,1.21,24.1,0.8,0.5,99.4,0.5,10,0,0.0
236,4,2026-05-06 17:00:00,8,394,5,1.75,35.0,3.7,4.4,97.0,2.4,7,1,12.5
237,1,2026-05-06 17:30:00,14,337,6,2.62,43.7,5.8,5.8,95.3,3.3,14,0,0.0
238,2,2026-05-06 17:30:00,7,432,5,1.68,33.6,3.1,4.1,97.5,1.8,7,0,0.0
239,3,2026-05-06 17:30:00,4,218,3,0.48,16.1,1.4,1.2,98.8,0.9,4,0,0.0
240,4,2026-05-06 17:30:00,6,328,4,1.09,27.3,2.7,3.1,97.8,1.8,6,0,0.0
241,1,2026-05-07 08:00:00,14,317,6,2.47,41.1,4.5,4.0,96.4,2.4,14,0,0.0
242,2,2026-05-07 08:00:00,9,449,6,2.24,37.4,3.0,3.6,97.7,1.7,8,1,11.1
243,3,2026-05-07 08:00:00,5,279,4,0.78,19.4,0.9,0.7,99.3,0.6,5,0,0.0
244,4,2026-05-07 08:00:00,6,361,4,1.2,30.1,3.7,4.8,96.9,2.6,6,0,0.0
245,1,2026-05-07 08:30:00,15,288,6,2.4,40.0,4.0,3.2,96.9,2.1,15,0,0.0
246,2,2026-05-07 08:30:00,15,441,8,3.68,45.9,3.9,3.9,97.1,2.0,15,0,0.0
247,3,2026-05-07 08:30:00,9,234,5,1.17,23.4,0.7,0.5,99.4,0.4,9,0,0.0
248,4,2026-05-07 08:30:00,6,381,4,1.27,31.8,4.4,6.2,96.3,3.1,5,1,16.7
249,1,2026-05-07 09:00:00,24,308,9,4.11,45.6,2.8,1.7,98.0,1.3,24,0,0.0
250,2,2026-05-07 09:00:00,21,367,9,4.28,47.6,3.5,2.7,97.6,1.6,21,0,0.0
251,3,2026-05-07 09:00:00,8,241,4,1.07,26.8,2.6,2.1,97.9,1.7,8,0,0.0
252,4,2026-05-07 09:00:00,8,374,5,1.66,33.2,3.0,3.4,97.6,2.0,8,0,0.0
253,1,2026-05-07 09:30:00,21,293,8,3.42,42.7,2.6,1.7,98.1,1.2,20,1,4.8
254,2,2026-05-07 09:30:00,12,479,8,3.19,39.9,1.8,1.8,98.6,1.0,12,0,0.0
255,3,2026-05-07 09:30:00,18,268,8,2.68,33.5,0.7,0.3,99.5,0.4,18,0,0.0
256,4,2026-05-07 09:30:00,8,384,5,1.71,34.1,3.3,3.9,97.3,2.2,8,0,0.0
257,1,2026-05-07 10:00:00,27,298,9,4.47,49.7,4.4,2.9,96.7,2.1,27,0,0.0
258,2,2026-05-07 10:00:00,23,404,10,5.16,51.6,4.4,3.6,97.0,2.1,21,2,8.7
259,3,2026-05-07 10:00:00,24,266,9,3.55,39.4,1.2,0.6,99.1,0.6,24,0,0.0
260,4,2026-05-07 10:00:00,7,381,4,1.48,37.0,7.2,10.9,93.9,5.1,7,0,0.0
261,1,2026-05-07 10:30:00,39,332,14,7.19,51.4,1.8,0.9,98.8,0.7,39,0,0.0
262,2,2026-05-07 10:30:00,35,409,14,7.95,56.8,3.8,2.5,97.6,1.6,35,0,0.0
263,3,2026-05-07 10:30:00,17,236,6,2.23,37.1,2.9,1.8,97.7,1.7,17,0,0.0
264,4,2026-05-07 10:30:00,10,337,5,1.87,37.4,4.7,5.1,96.3,3.0,10,0,0.0
265,1,2026-05-07 11:00:00,37,250,10,5.14,51.4,4.2,2.2,97.1,1.7,37,0,0.0
266,2,2026-05-07 11:00:00,24,417,11,5.56,50.5,3.0,2.3,97.9,1.4,23,1,4.2
267,3,2026-05-07 11:00:00,28,264,10,4.11,41.1,1.0,0.5,99.2,0.5,28,0,0.0
268,4,2026-05-07 11:00:00,9,414,5,2.07,41.4,6.8,9.6,94.3,4.7,8,1,11.1
269,1,2026-05-07 11:30:00,35,289,11,5.62,51.1,3.3,1.8,97.8,1.4,35,0,0.0
270,2,2026-05-07 11:30:00,29,389,11,6.27,57.0,6.4,5.3,95.6,3.1,28,1,3.4
271,3,2026-05-07 11:30:00,24,227,8,3.03,37.8,1.4,0.6,99.0,0.7,23,1,4.2
272,4,2026-05-07 11:30:00,12,374,6,2.49,41.6,4.7,5.0,96.3,3.0,11,1,8.3
273,1,2026-05-07 12:00:00,38,313,12,6.61,55.1,4.3,2.5,96.9,1.9,37,1,2.6
274,2,2026-05-07 12:00:00,29,395,12,6.36,53.0,3.4,2.4,97.8,1.5,29,0,0.0
275,3,2026-05-07 12:00:00,16,232,6,2.06,34.4,2.1,1.2,98.4,1.2,16,0,0.0
276,4,2026-05-07 12:00:00,16,348,6,3.09,51.6,11.2,13.4,90.9,7.4,16,0,0.0
277,1,2026-05-07 12:30:00,30,349,11,5.82,52.9,4.1,2.7,97.0,1.9,29,1,3.3
278,2,2026-05-07 12:30:00,28,414,12,6.44,53.7,3.6,2.7,97.6,1.6,28,0,0.0
279,3,2026-05-07 12:30:00,28,232,9,3.61,40.1,1.3,0.6,99.1,0.6,28,0,0.0
280,4,2026-05-07 12:30:00,15,367,6,3.06,51.0,10.7,13.3,91.3,7.2,14,1,6.7
281,1,2026-05-07 13:00:00,31,253,9,4.36,48.4,3.9,2.1,97.3,1.6,31,0,0.0
282,2,2026-05-07 13:00:00,21,368,9,4.29,47.7,3.6,2.8,97.6,1.7,21,0,0.0
283,3,2026-05-07 13:00:00,21,205,6,2.39,39.9,3.9,2.2,97.0,2.2,21,0,0.0
284,4,2026-05-07 13:00:00,14,377,6,2.93,48.9,9.1,11.1,92.6,6.1,12,2,14.3
285,1,2026-05-07 13:30:00,31,358,11,6.17,56.1,5.8,4.3,95.6,2.9,31,0,0.0
286,2,2026-05-07 13:30:00,26,457,12,6.6,55.0,4.3,3.6,97.0,2.1,25,1,3.8
287,3,2026-05-07 13:30:00,20,286,9,3.18,35.3,0.6,0.3,99.6,0.3,20,0,0.0
288,4,2026-05-07 13:30:00,19,397,9,4.19,46.6,3.1,2.6,97.7,1.8,18,1,5.3
289,1,2026-05-07 14:00:00,52,288,15,8.32,55.5,2.6,1.1,98.3,1.0,51,1,1.9
290,2,2026-05-07 14:00:00,44,477,20,11.66,58.3,1.8,1.0,98.9,0.7,44,0,0.0
291,3,2026-05-07 14:00:00,23,242,8,3.09,38.7,1.5,0.8,98.9,0.8,23,0,0.0
292,4,2026-05-07 14:00:00,11,415,6,2.54,42.3,5.0,6.0,95.9,3.4,11,0,0.0
293,1,2026-05-07 14:30:00,28,296,10,4.6,46.0,2.2,1.2,98.5,0.9,28,0,0.0
294,2,2026-05-07 14:30:00,23,424,10,5.42,54.2,5.8,5.3,95.8,2.9,23,0,0.0
295,3,2026-05-07 14:30:00,23,236,8,3.02,37.7,1.3,0.6,99.0,0.7,23,0,0.0
296,4,2026-05-07 14:30:00,17,370,8,3.49,43.7,3.0,2.4,97.8,1.7,17,0,0.0
297,1,2026-05-07 15:00:00,29,321,10,5.17,51.7,4.4,2.9,96.7,2.1,27,2,6.9
298,2,2026-05-07 15:00:00,26,446,12,6.44,53.7,3.7,2.9,97.5,1.7,26,0,0.0
299,3,2026-05-07 15:00:00,21,217,8,2.53,31.6,0.5,0.2,99.7,0.2,21,0,0.0
300,4,2026-05-07 15:00:00,12,313,5,2.09,41.7,7.0,7.5,94.5,4.5,12,0,0.0
301,1,2026-05-07 15:30:00,27,242,8,3.63,45.4,3.6,2.0,97.5,1.5,25,2,7.4
302,2,2026-05-07 15:30:00,24,489,12,6.52,54.3,4.0,3.5,97.2,2.0,22,2,8.3
303,3,2026-05-07 15:30:00,21,267,8,3.12,38.9,1.6,0.9,98.8,0.9,21,0,0.0
304,4,2026-05-07 15:30:00,13,416,6,3.0,50.1,10.0,13.8,91.7,7.0,11,2,15.4
305,1,2026-05-07 16:00:00,23,291,8,3.72,46.5,4.1,2.8,97.0,1.9,22,1,4.3
306,2,2026-05-07 16:00:00,19,447,10,4.72,47.2,2.5,2.2,98.2,1.2,18,1,5.3
307,3,2026-05-07 16:00:00,23,239,8,3.05,38.2,1.4,0.7,99.0,0.7,23,0,0.0
308,4,2026-05-07 16:00:00,8,353,4,1.57,39.2,8.5,12.4,92.8,6.0,8,0,0.0
309,1,2026-05-07 16:30:00,22,234,6,2.86,47.7,8.2,6.1,93.7,4.1,20,2,9.1
310,2,2026-05-07 16:30:00,16,389,8,3.46,43.2,2.8,2.4,98.0,1.4,15,1,6.2
311,3,2026-05-07 16:30:00,17,259,8,2.45,30.6,0.4,0.2,99.7,0.2,17,0,0.0
312,4,2026-05-07 16:30:00,9,339,5,1.7,33.9,3.2,3.3,97.5,2.0,9,0,0.0
313,1,2026-05-07 17:00:00,12,290,5,1.93,38.7,5.3,5.0,95.7,2.9,11,1,8.3
314,2,2026-05-07 17:00:00,12,389,6,2.59,43.2,5.5,6.3,95.8,3.1,12,0,0.0
315,3,2026-05-07 17:00:00,15,251,6,2.09,34.9,2.2,1.4,98.3,1.3,14,1,6.7
316,4,2026-05-07 17:00:00,8,414,5,1.84,36.8,4.4,5.8,96.4,3.0,7,1,12.5
317,1,2026-05-07 17:30:00,11,270,5,1.65,33.0,2.9,2.3,97.7,1.5,11,0,0.0
318,2,2026-05-07 17:30:00,12,375,6,2.5,41.7,4.7,5.1,96.4,2.6,12,0,0.0
319,3,2026-05-07 17:30:00,8,217,4,0.96,24.1,1.8,1.3,98.5,1.1,7,1,12.5
320,4,2026-05-07 17:30:00,13,359,6,2.59,43.2,5.5,5.8,95.6,3.5,13,0,0.0
321,1,2026-05-08 08:00:00,19,256,6,2.7,45.0,6.5,5.1,94.9,3.3,17,2,10.5
322,2,2026-05-08 08:00:00,8,398,5,1.77,35.4,3.8,4.7,97.0,2.2,8,0,0.0
323,3,2026-05-08 08:00:00,15,205,5,1.71,34.2,3.3,2.1,97.4,1.9,15,0,0.0
324,4,2026-05-08 08:00:00,10,372,5,2.07,41.3,6.7,8.5,94.5,4.6,9,1,10.0
325,1,2026-05-08 08:30:00,14,274,5,2.13,42.6,7.5,7.2,93.9,4.2,14,0,0.0
326,2,2026-05-08 08:30:00,11,441,6,2.7,44.9,6.5,8.6,94.8,3.9,10,1,9.1
327,3,2026-05-08 08:30:00,7,218,4,0.85,21.2,1.2,0.8,99.1,0.7,7,0,0.0
328,4,2026-05-08 08:30:00,10,375,5,2.08,41.7,6.9,8.9,94.3,4.7,10,0,0.0
329,1,2026-05-08 09:00:00,18,276,6,2.76,46.0,7.1,6.1,94.4,3.8,18,0,0.0
330,2,2026-05-08 09:00:00,19,451,10,4.76,47.6,2.7,2.3,98.1,1.3,18,1,5.3
331,3,2026-05-08 09:00:00,11,198,5,1.21,24.2,0.8,0.4,99.4,0.5,11,0,0.0
332,4,2026-05-08 09:00:00,6,329,4,1.1,27.4,2.8,3.1,97.8,1.8,6,0,0.0
333,1,2026-05-08 09:30:00,15,286,6,2.38,39.7,3.9,3.1,97.0,2.0,15,0,0.0
334,2,2026-05-08 09:30:00,21,481,11,5.61,51.0,3.2,2.9,97.7,1.6,21,0,0.0
335,3,2026-05-08 09:30:00,11,280,5,1.71,34.2,3.3,2.8,97.2,2.2,11,0,0.0
336,4,2026-05-08 09:30:00,10,441,6,2.45,40.8,4.4,5.4,96.4,2.9,10,0,0.0
337,1,2026-05-08 10:00:00,30,328,11,5.47,49.7,2.7,1.6,98.0,1.2,30,0,0.0
338,2,2026-05-08 10:00:00,18,419,9,4.19,46.6,3.1,2.7,97.8,1.5,18,0,0.0
339,3,2026-05-08 10:00:00,20,276,8,3.07,38.3,1.5,0.8,98.9,0.8,20,0,0.0
340,4,2026-05-08 10:00:00,24,372,10,4.96,49.6,3.4,2.5,97.5,1.9,23,1,4.2
341,1,2026-05-08 10:30:00,32,324,11,5.76,52.4,3.8,2.4,97.2,1.7,32,0,0.0
342,2,2026-05-08 10:30:00,30,440,14,7.33,52.4,2.0,1.3,98.7,0.9,28,2,6.7
343,3,2026-05-08 10:30:00,22,222,8,2.71,33.9,0.7,0.3,99.5,0.4,22,0,0.0
344,4,2026-05-08 10:30:00,17,386,8,3.65,45.6,3.7,3.3,97.2,2.2,16,1,5.9
345,1,2026-05-08 11:00:00,37,341,12,7.01,58.4,6.3,4.3,95.3,3.0,35,2,5.4
346,2,2026-05-08 11:00:00,31,453,14,7.8,55.7,3.3,2.4,97.8,1.5,30,1,3.2
347,3,2026-05-08 11:00:00,22,235,8,2.87,35.9,1.0,0.5,99.3,0.5,22,0,0.0
348,4,2026-05-08 11:00:00,10,314,5,1.74,34.9,3.6,3.5,97.2,2.2,10,0,0.0
349,1,2026-05-08 11:30:00,39,311,12,6.74,56.2,4.9,2.9,96.5,2.2,38,1,2.6
350,2,2026-05-08 11:30:00,35,394,14,7.66,54.7,2.9,1.8,98.2,1.2,35,0,0.0
351,3,2026-05-08 11:30:00,24,229,8,3.05,38.2,1.4,0.7,99.0,0.7,24,0,0.0
352,4,2026-05-08 11:30:00,19,387,9,4.08,45.4,2.7,2.1,98.0,1.5,19,0,0.0
353,1,2026-05-08 12:00:00,36,299,11,5.98,54.4,4.8,2.9,96.6,2.1,35,1,2.8
354,2,2026-05-08 12:00:00,36,357,12,7.14,59.5,7.1,5.2,95.3,3.2,35,1,2.8
355,3,2026-05-08 12:00:00,23,248,9,3.17,35.2,0.6,0.2,99.6,0.3,23,0,0.0
356,4,2026-05-08 12:00:00,17,384,8,3.63,45.3,3.6,3.2,97.3,2.1,15,2,11.8
357,1,2026-05-08 12:30:00,42,291,12,6.79,56.6,5.2,2.9,96.4,2.2,41,1,2.4
358,2,2026-05-08 12:30:00,24,425,11,5.67,51.5,3.4,2.7,97.6,1.6,23,1,4.2
359,3,2026-05-08 12:30:00,33,223,10,4.09,40.9,1.0,0.4,99.3,0.5,32,1,3.0
360,4,2026-05-08 12:30:00,10,331,5,1.84,36.8,4.4,4.6,96.5,2.8,9,1,10.0
361,1,2026-05-08 13:00:00,37,307,12,6.31,52.6,3.2,1.7,97.8,1.3,37,0,0.0
362,2,2026-05-08 13:00:00,23,420,10,5.37,53.7,5.5,5.0,96.1,2.7,22,1,4.3
363,3,2026-05-08 13:00:00,39,215,10,4.66,46.6,2.3,0.9,98.4,1.1,37,2,5.1
364,4,2026-05-08 13:00:00,15,386,8,3.22,40.2,1.9,1.5,98.6,1.1,15,0,0.0
365,1,2026-05-08 13:30:00,47,306,14,7.99,57.1,3.9,2.0,97.4,1.6,46,1,2.1
366,2,2026-05-08 13:30:00,31,419,14,7.22,51.5,1.8,1.1,98.9,0.7,31,0,0.0
367,3,2026-05-08 13:30:00,19,227,6,2.4,39.9,4.0,2.5,96.9,2.3,17,2,10.5
368,4,2026-05-08 13:30:00,16,360,8,3.2,40.0,1.8,1.4,98.7,1.0,15,1,6.2
369,1,2026-05-08 14:00:00,25,332,10,4.61,46.1,2.2,1.4,98.4,1.0,25,0,0.0
370,2,2026-05-08 14:00:00,33,478,15,8.76,58.4,3.9,3.0,97.3,1.8,33,0,0.0
371,3,2026-05-08 14:00:00,22,224,8,2.74,34.2,0.8,0.3,99.5,0.4,22,0,0.0
372,4,2026-05-08 14:00:00,11,337,5,2.06,41.2,6.6,7.6,94.7,4.4,11,0,0.0
373,1,2026-05-08 14:30:00,41,259,11,5.9,53.6,4.4,2.3,97.0,1.8,41,0,0.0
374,2,2026-05-08 14:30:00,23,411,10,5.25,52.5,4.8,4.2,96.6,2.4,23,0,0.0
375,3,2026-05-08 14:30:00,30,234,9,3.9,43.3,2.1,0.9,98.5,1.0,30,0,0.0
376,4,2026-05-08 14:30:00,7,388,4,1.51,37.7,7.6,11.8,93.5,5.5,5,2,28.6
377,1,2026-05-08 15:00:00,31,315,11,5.42,49.3,2.6,1.5,98.2,1.1,31,0,0.0
378,2,2026-05-08 15:00:00,22,384,10,4.69,46.9,2.5,1.8,98.4,1.1,21,1,4.5
379,3,2026-05-08 15:00:00,24,235,8,3.13,39.2,1.6,0.8,98.8,0.9,24,0,0.0
380,4,2026-05-08 15:00:00,13,345,6,2.49,41.5,4.7,4.6,96.4,2.9,12,1,7.7
381,1,2026-05-08 15:30:00,56,309,16,9.61,60.1,4.2,2.0,97.2,1.7,56,0,0.0
382,2,2026-05-08 15:30:00,28,448,12,6.97,58.1,6.1,5.4,95.7,3.0,28,0,0.0
383,3,2026-05-08 15:30:00,23,232,8,2.96,37.1,1.2,0.6,99.1,0.6,23,0,0.0
384,4,2026-05-08 15:30:00,15,400,8,3.33,41.7,2.3,2.0,98.3,1.4,15,0,0.0
385,1,2026-05-08 16:00:00,30,345,11,5.75,52.3,3.8,2.5,97.2,1.8,30,0,0.0
386,2,2026-05-08 16:00:00,21,351,9,4.1,45.5,2.7,1.9,98.2,1.2,21,0,0.0
387,3,2026-05-08 16:00:00,25,200,8,2.78,34.7,0.8,0.3,99.4,0.4,25,0,0.0
388,4,2026-05-08 16:00:00,14,356,6,2.77,46.1,7.2,7.9,94.2,4.7,14,0,0.0
389,1,2026-05-08 16:30:00,23,257,8,3.28,41.0,2.1,1.2,98.5,0.9,23,0,0.0
390,2,2026-05-08 16:30:00,25,396,11,5.5,50.0,2.8,2.0,98.1,1.3,24,1,4.0
391,3,2026-05-08 16:30:00,11,221,5,1.35,27.0,1.3,0.8,99.0,0.8,11,0,0.0
392,4,2026-05-08 16:30:00,9,310,4,1.55,38.8,8.2,10.4,93.2,5.6,9,0,0.0
393,1,2026-05-08 17:00:00,18,315,8,3.15,39.4,1.7,1.1,98.8,0.8,18,0,0.0
394,2,2026-05-08 17:00:00,11,445,6,2.72,45.3,6.7,9.1,94.6,4.0,11,0,0.0
395,3,2026-05-08 17:00:00,16,226,6,2.01,33.5,1.8,1.0,98.6,1.0,16,0,0.0
396,4,2026-05-08 17:00:00,6,364,4,1.21,30.3,3.8,5.0,96.8,2.6,6,0,0.0
397,1,2026-05-08 17:30:00,14,284,6,2.21,36.8,2.8,2.1,97.9,1.4,14,0,0.0
398,2,2026-05-08 17:30:00,4,380,4,0.84,21.1,1.2,1.4,99.1,0.7,4,0,0.0
399,3,2026-05-08 17:30:00,13,257,6,1.86,30.9,1.3,0.8,99.0,0.7,12,1,7.7
400,4,2026-05-08 17:30:00,5,373,4,1.04,25.9,2.3,2.9,98.1,1.6,5,0,0.0
401,1,2026-05-11 08:00:00,12,259,5,1.73,34.5,3.5,2.7,97.3,1.8,12,0,0.0
402,2,2026-05-11 08:00:00,16,426,9,3.79,42.1,1.7,1.4,98.8,0.8,15,1,6.2
403,3,2026-05-11 08:00:00,5,245,4,0.68,17.0,0.5,0.4,99.6,0.3,5,0,0.0
404,4,2026-05-11 08:00:00,6,355,4,1.18,29.6,3.5,4.5,97.1,2.4,6,0,0.0
405,1,2026-05-11 08:30:00,15,313,6,2.61,43.5,5.7,5.2,95.4,3.1,14,1,6.7
406,2,2026-05-11 08:30:00,10,472,6,2.62,43.7,5.8,8.1,95.3,3.5,9,1,10.0
407,3,2026-05-11 08:30:00,15,243,6,2.02,33.8,1.9,1.2,98.5,1.1,15,0,0.0
408,4,2026-05-11 08:30:00,7,364,4,1.42,35.4,6.2,8.8,94.8,4.4,5,2,28.6
409,1,2026-05-11 09:00:00,31,293,10,5.05,50.5,3.8,2.3,97.3,1.7,31,0,0.0
410,2,2026-05-11 09:00:00,9,370,5,1.85,37.0,4.5,5.3,96.5,2.5,9,0,0.0
411,3,2026-05-11 09:00:00,15,228,6,1.9,31.7,1.4,0.8,98.9,0.8,15,0,0.0
412,4,2026-05-11 09:00:00,11,298,5,1.82,36.4,4.2,4.0,96.8,2.6,11,0,0.0
413,1,2026-05-11 09:30:00,21,313,8,3.65,45.6,3.7,2.7,97.2,1.8,21,0,0.0
414,2,2026-05-11 09:30:00,24,431,11,5.75,52.2,3.8,3.1,97.4,1.8,24,0,0.0
415,3,2026-05-11 09:30:00,21,241,8,2.81,35.1,0.9,0.4,99.4,0.5,21,0,0.0
416,4,2026-05-11 09:30:00,7,343,4,1.33,33.3,5.2,6.7,95.7,3.5,7,0,0.0
417,1,2026-05-11 10:00:00,23,313,9,4.0,44.4,2.4,1.5,98.3,1.1,23,0,0.0
418,2,2026-05-11 10:00:00,25,416,11,5.78,52.5,3.9,3.1,97.3,1.8,25,0,0.0
419,3,2026-05-11 10:00:00,23,228,8,2.91,36.4,1.1,0.5,99.2,0.5,23,0,0.0
420,4,2026-05-11 10:00:00,14,349,6,2.71,45.2,6.7,7.1,94.7,4.3,13,1,7.1
421,1,2026-05-11 10:30:00,34,308,11,5.82,52.9,4.1,2.4,97.1,1.8,34,0,0.0
422,2,2026-05-11 10:30:00,15,481,9,4.01,44.5,2.4,2.3,98.2,1.2,15,0,0.0
423,3,2026-05-11 10:30:00,23,258,9,3.3,36.6,0.7,0.3,99.5,0.4,23,0,0.0
424,4,2026-05-11 10:30:00,9,380,5,1.9,38.0,4.9,6.1,96.0,3.3,9,0,0.0
425,1,2026-05-11 11:00:00,39,289,11,6.26,56.9,6.4,3.9,95.4,2.9,39,0,0.0
426,2,2026-05-11 11:00:00,23,408,10,5.21,52.1,4.6,3.9,96.8,2.2,23,0,0.0
427,3,2026-05-11 11:00:00,18,257,8,2.57,32.1,0.5,0.3,99.6,0.3,18,0,0.0
428,4,2026-05-11 11:00:00,13,318,5,2.3,45.9,9.8,11.5,92.1,6.5,12,1,7.7
429,1,2026-05-11 11:30:00,34,338,12,6.38,53.2,3.4,2.1,97.5,1.5,32,2,5.9
430,2,2026-05-11 11:30:00,21,465,11,5.42,49.3,2.6,2.2,98.2,1.3,21,0,0.0
431,3,2026-05-11 11:30:00,22,250,8,3.06,38.2,1.4,0.7,98.9,0.8,22,0,0.0
432,4,2026-05-11 11:30:00,14,378,6,2.94,49.0,9.2,11.3,92.5,6.2,14,0,0.0
433,1,2026-05-11 12:00:00,47,338,15,8.83,58.8,4.2,2.3,97.1,1.8,47,0,0.0
434,2,2026-05-11 12:00:00,34,432,15,8.16,54.4,2.3,1.4,98.6,0.9,34,0,0.0
435,3,2026-05-11 12:00:00,22,264,9,3.23,35.9,0.6,0.3,99.5,0.3,22,0,0.0
436,4,2026-05-11 12:00:00,15,346,6,2.88,48.1,8.5,9.4,93.2,5.5,15,0,0.0
437,1,2026-05-11 12:30:00,33,260,10,4.77,47.7,2.7,1.3,98.2,1.1,30,3,9.1
438,2,2026-05-11 12:30:00,43,398,16,9.51,59.4,3.9,2.4,97.6,1.6,43,0,0.0
439,3,2026-05-11 12:30:00,22,264,9,3.23,35.9,0.6,0.3,99.5,0.3,21,1,4.5
440,4,2026-05-11 12:30:00,8,399,5,1.77,35.5,3.8,4.7,96.9,2.6,8,0,0.0
441,1,2026-05-11 13:00:00,40,312,12,6.93,57.8,5.9,3.6,95.7,2.7,40,0,0.0
442,2,2026-05-11 13:00:00,29,401,12,6.46,53.8,3.7,2.7,97.5,1.7,29,0,0.0
443,3,2026-05-11 13:00:00,28,228,9,3.55,39.4,1.2,0.5,99.2,0.6,28,0,0.0
444,4,2026-05-11 13:00:00,19,334,8,3.53,44.1,3.1,2.3,97.8,1.7,19,0,0.0
445,1,2026-05-11 13:30:00,53,333,17,9.8,57.7,2.6,1.2,98.3,1.0,52,1,1.9
446,2,2026-05-11 13:30:00,23,411,10,5.25,52.5,4.8,4.2,96.6,2.4,23,0,0.0
447,3,2026-05-11 13:30:00,25,255,9,3.54,39.4,1.2,0.5,99.2,0.6,25,0,0.0
448,4,2026-05-11 13:30:00,14,354,6,2.75,45.9,7.1,7.7,94.4,4.5,13,1,7.1
449,1,2026-05-11 14:00:00,40,318,12,7.07,58.9,6.6,4.3,95.1,3.1,40,0,0.0
450,2,2026-05-11 14:00:00,27,469,12,7.04,58.6,6.5,6.1,95.3,3.3,26,1,3.7
451,3,2026-05-11 14:00:00,34,244,10,4.61,46.1,2.2,1.0,98.4,1.1,34,0,0.0
452,4,2026-05-11 14:00:00,13,279,5,2.02,40.3,6.1,5.7,95.3,3.7,13,0,0.0
453,1,2026-05-11 14:30:00,26,317,9,4.58,50.9,5.1,3.6,96.2,2.5,26,0,0.0
454,2,2026-05-11 14:30:00,30,383,12,6.38,53.2,3.4,2.3,97.8,1.5,30,0,0.0
455,3,2026-05-11 14:30:00,24,259,9,3.45,38.4,1.0,0.5,99.3,0.5,24,0,0.0
456,4,2026-05-11 14:30:00,13,390,6,2.82,46.9,7.7,9.5,93.7,5.2,11,2,15.4
457,1,2026-05-11 15:00:00,28,300,10,4.67,46.7,2.4,1.3,98.3,1.0,28,0,0.0
458,2,2026-05-11 15:00:00,24,370,10,4.93,49.3,3.3,2.4,97.8,1.5,24,0,0.0
459,3,2026-05-11 15:00:00,15,242,6,2.02,33.6,1.9,1.1,98.5,1.1,15,0,0.0
460,4,2026-05-11 15:00:00,12,309,5,2.06,41.2,6.6,7.0,94.8,4.2,11,1,8.3
461,1,2026-05-11 15:30:00,36,277,11,5.54,50.4,3.0,1.5,98.0,1.2,35,1,2.8
462,2,2026-05-11 15:30:00,20,441,10,4.9,49.0,3.2,2.8,97.7,1.6,20,0,0.0
463,3,2026-05-11 15:30:00,22,222,8,2.71,33.9,0.7,0.3,99.5,0.4,22,0,0.0
464,4,2026-05-11 15:30:00,9,270,4,1.35,33.8,5.4,5.5,95.8,3.4,9,0,0.0
465,1,2026-05-11 16:00:00,33,271,10,4.97,49.7,3.5,1.9,97.6,1.5,33,0,0.0
466,2,2026-05-11 16:00:00,16,404,8,3.59,44.9,3.4,3.1,97.5,1.7,15,1,6.2
467,3,2026-05-11 16:00:00,19,233,8,2.46,30.7,0.4,0.2,99.7,0.2,19,0,0.0
468,4,2026-05-11 16:00:00,10,336,5,1.87,37.3,4.6,5.0,96.3,3.0,8,2,20.0
469,1,2026-05-11 16:30:00,29,328,10,5.28,52.8,5.0,3.5,96.3,2.4,28,1,3.4
470,2,2026-05-11 16:30:00,11,438,6,2.68,44.6,6.3,8.3,95.0,3.7,10,1,9.1
471,3,2026-05-11 16:30:00,11,241,5,1.47,29.5,1.9,1.3,98.5,1.1,11,0,0.0
472,4,2026-05-11 16:30:00,12,307,5,2.05,40.9,6.5,6.7,94.9,4.1,11,1,8.3
473,1,2026-05-11 17:00:00,17,295,6,2.79,46.4,7.4,6.8,94.1,4.1,17,0,0.0
474,2,2026-05-11 17:00:00,11,400,6,2.44,40.7,4.3,4.9,96.7,2.4,11,0,0.0
475,3,2026-05-11 17:00:00,14,290,6,2.26,37.6,3.1,2.4,97.5,1.9,14,0,0.0
476,4,2026-05-11 17:00:00,6,353,4,1.18,29.4,3.5,4.3,97.2,2.4,5,1,16.7
477,1,2026-05-11 17:30:00,13,297,5,2.14,42.9,7.7,8.0,93.7,4.5,11,2,15.4
478,2,2026-05-11 17:30:00,7,463,5,1.8,36.0,4.1,5.9,96.7,2.5,6,1,14.3
479,3,2026-05-11 17:30:00,8,236,4,1.05,26.2,2.4,1.9,98.0,1.5,8,0,0.0
480,4,2026-05-11 17:30:00,4,351,3,0.78,26.0,4.9,7.7,95.8,3.5,3,1,25.0
481,1,2026-05-12 08:00:00,11,255,5,1.56,31.2,2.3,1.7,98.2,1.2,11,0,0.0
482,2,2026-05-12 08:00:00,7,397,5,1.54,30.9,2.3,2.6,98.3,1.3,7,0,0.0
483,3,2026-05-12 08:00:00,8,226,4,1.0,25.1,2.1,1.6,98.3,1.3,8,0,0.0
484,4,2026-05-12 08:00:00,5,350,4,0.97,24.3,1.9,2.1,98.5,1.2,5,0,0.0
485,1,2026-05-12 08:30:00,19,293,8,3.09,38.7,1.5,0.9,98.9,0.7,19,0,0.0
486,2,2026-05-12 08:30:00,16,418,8,3.72,46.4,4.1,4.0,97.0,2.1,16,0,0.0
487,3,2026-05-12 08:30:00,16,224,6,1.99,33.2,1.8,1.0,98.6,1.0,16,0,0.0
488,4,2026-05-12 08:30:00,4,381,3,0.85,28.2,6.0,10.6,94.8,4.5,4,0,0.0
489,1,2026-05-12 09:00:00,29,322,10,5.19,51.9,4.5,3.0,96.7,2.1,28,1,3.4
490,2,2026-05-12 09:00:00,11,456,6,2.79,46.4,7.4,10.5,94.0,4.5,11,0,0.0
491,3,2026-05-12 09:00:00,18,204,6,2.04,34.0,2.0,1.0,98.5,1.1,17,1,5.6
492,4,2026-05-12 09:00:00,11,360,5,2.2,44.0,8.4,10.8,93.1,5.7,11,0,0.0
493,1,2026-05-12 09:30:00,27,283,9,4.24,47.2,3.3,2.0,97.6,1.5,26,1,3.7
494,2,2026-05-12 09:30:00,18,430,9,4.3,47.8,3.6,3.3,97.4,1.8,18,0,0.0
495,3,2026-05-12 09:30:00,14,235,6,1.83,30.5,1.2,0.7,99.1,0.7,14,0,0.0
496,4,2026-05-12 09:30:00,6,383,4,1.28,31.9,4.5,6.3,96.2,3.2,6,0,0.0
497,1,2026-05-12 10:00:00,36,327,12,6.54,54.5,4.0,2.4,97.1,1.8,34,2,5.6
498,2,2026-05-12 10:00:00,28,420,12,6.53,54.4,4.0,3.1,97.3,1.8,28,0,0.0
499,3,2026-05-12 10:00:00,14,222,5,1.73,34.5,3.5,2.3,97.2,2.1,14,0,0.0
500,4,2026-05-12 10:00:00,18,400,9,4.0,44.4,2.4,1.9,98.3,1.4,18,0,0.0
501,1,2026-05-12 10:30:00,33,258,10,4.73,47.3,2.6,1.3,98.3,1.0,33,0,0.0
502,2,2026-05-12 10:30:00,31,482,15,8.3,55.3,2.6,1.9,98.3,1.2,31,0,0.0
503,3,2026-05-12 10:30:00,14,233,6,1.81,30.2,1.2,0.6,99.1,0.6,14,0,0.0
504,4,2026-05-12 10:30:00,6,353,4,1.18,29.4,3.5,4.3,97.2,2.4,5,1,16.7
505,1,2026-05-12 11:00:00,42,320,14,7.47,53.3,2.3,1.1,98.4,0.9,41,1,2.4
506,2,2026-05-12 11:00:00,29,443,14,7.14,51.0,1.7,1.1,99.0,0.7,28,1,3.4
507,3,2026-05-12 11:00:00,16,237,6,2.11,35.1,2.3,1.4,98.2,1.3,16,0,0.0
508,4,2026-05-12 11:00:00,16,378,8,3.36,42.0,2.4,2.0,98.2,1.4,15,1,6.2
509,1,2026-05-12 11:30:00,42,313,14,7.3,52.2,2.0,0.9,98.7,0.8,41,1,2.4
510,2,2026-05-12 11:30:00,30,410,12,6.83,56.9,5.4,4.3,96.3,2.5,30,0,0.0
511,3,2026-05-12 11:30:00,20,276,8,3.07,38.3,1.5,0.8,98.9,0.8,20,0,0.0
512,4,2026-05-12 11:30:00,14,377,6,2.93,48.9,9.1,11.1,92.6,6.1,14,0,0.0
513,1,2026-05-12 12:00:00,40,310,12,6.89,57.4,5.7,3.4,95.9,2.5,39,1,2.5
514,2,2026-05-12 12:00:00,32,414,14,7.36,52.6,2.1,1.3,98.7,0.9,32,0,0.0
515,3,2026-05-12 12:00:00,32,243,10,4.32,43.2,1.5,0.6,99.0,0.7,32,0,0.0
516,4,2026-05-12 12:00:00,19,406,9,4.29,47.6,3.5,3.0,97.4,2.1,19,0,0.0
517,1,2026-05-12 12:30:00,44,239,11,5.84,53.1,4.2,1.9,97.3,1.6,43,1,2.3
518,2,2026-05-12 12:30:00,29,419,12,6.75,56.3,5.0,4.0,96.6,2.3,28,1,3.4
519,3,2026-05-12 12:30:00,26,252,9,3.64,40.4,1.4,0.6,99.0,0.7,26,0,0.0
520,4,2026-05-12 12:30:00,21,318,8,3.71,46.4,4.0,3.0,97.1,2.2,21,0,0.0
521,1,2026-05-12 13:00:00,40,307,12,6.82,56.9,5.3,3.2,96.2,2.3,39,1,2.5
522,2,2026-05-12 13:00:00,25,421,11,5.85,53.2,4.2,3.4,97.1,2.0,24,1,4.0
523,3,2026-05-12 13:00:00,26,213,8,3.08,38.5,1.5,0.6,98.9,0.7,26,0,0.0
524,4,2026-05-12 13:00:00,24,347,9,4.63,51.4,5.4,4.2,96.1,3.0,24,0,0.0
525,1,2026-05-12 13:30:00,38,309,12,6.52,54.4,4.0,2.2,97.2,1.7,37,1,2.6
526,2,2026-05-12 13:30:00,27,441,12,6.62,55.1,4.4,3.6,97.0,2.1,27,0,0.0
527,3,2026-05-12 13:30:00,28,245,9,3.81,42.3,1.8,0.8,98.7,0.9,28,0,0.0
528,4,2026-05-12 13:30:00,17,346,8,3.27,40.8,2.1,1.5,98.5,1.1,16,1,5.9
529,1,2026-05-12 14:00:00,38,338,14,7.14,51.0,1.6,0.8,98.9,0.7,37,1,2.6
530,2,2026-05-12 14:00:00,28,410,12,6.38,53.1,3.4,2.5,97.7,1.5,28,0,0.0
531,3,2026-05-12 14:00:00,28,238,9,3.7,41.1,1.5,0.7,98.9,0.8,28,0,0.0
532,4,2026-05-12 14:00:00,9,393,5,1.96,39.3,5.6,7.2,95.4,3.8,9,0,0.0
533,1,2026-05-12 14:30:00,40,297,12,6.6,55.0,4.3,2.4,97.0,1.8,39,1,2.5
534,2,2026-05-12 14:30:00,30,442,14,7.37,52.6,2.1,1.4,98.7,0.9,30,0,0.0
535,3,2026-05-12 14:30:00,18,263,8,2.63,32.9,0.6,0.3,99.6,0.3,18,0,0.0
536,4,2026-05-12 14:30:00,13,332,6,2.4,40.0,4.0,3.7,97.0,2.4,12,1,7.7
537,1,2026-05-12 15:00:00,23,277,8,3.54,44.2,3.2,2.0,97.7,1.4,23,0,0.0
538,2,2026-05-12 15:00:00,28,447,12,6.95,57.9,6.0,5.3,95.7,3.0,26,2,7.1
539,3,2026-05-12 15:00:00,23,236,8,3.02,37.7,1.3,0.6,99.0,0.7,23,0,0.0
540,4,2026-05-12 15:00:00,12,405,6,2.7,45.0,6.5,8.0,94.7,4.4,10,2,16.7
541,1,2026-05-12 15:30:00,25,305,9,4.24,47.1,3.3,2.1,97.6,1.5,25,0,0.0
542,2,2026-05-12 15:30:00,29,422,12,6.8,56.7,5.2,4.2,96.4,2.5,29,0,0.0
543,3,2026-05-12 15:30:00,20,286,9,3.18,35.3,0.6,0.3,99.6,0.3,19,1,5.0
544,4,2026-05-12 15:30:00,14,342,6,2.66,44.3,6.1,6.3,95.2,3.9,13,1,7.1
545,1,2026-05-12 16:00:00,26,286,9,4.13,45.9,2.9,1.7,98.0,1.3,26,0,0.0
546,2,2026-05-12 16:00:00,16,420,8,3.73,46.7,4.2,4.1,96.9,2.2,16,0,0.0
547,3,2026-05-12 16:00:00,15,232,6,1.93,32.2,1.5,0.9,98.8,0.9,15,0,0.0
548,4,2026-05-12 16:00:00,9,361,5,1.8,36.1,4.1,4.6,96.7,2.7,9,0,0.0
549,1,2026-05-12 16:30:00,16,320,6,2.84,47.4,8.0,8.2,93.4,4.6,16,0,0.0
550,2,2026-05-12 16:30:00,23,426,11,5.44,49.5,2.7,2.0,98.2,1.2,23,0,0.0
551,3,2026-05-12 16:30:00,18,232,6,2.32,38.7,3.5,2.2,97.3,2.0,17,1,5.6
552,4,2026-05-12 16:30:00,6,396,4,1.32,33.0,5.0,7.4,95.8,3.6,6,0,0.0
553,1,2026-05-12 17:00:00,19,290,8,3.06,38.3,1.4,0.9,99.0,0.6,19,0,0.0
554,2,2026-05-12 17:00:00,10,376,5,2.09,41.8,7.0,9.0,94.5,4.1,10,0,0.0
555,3,2026-05-12 17:00:00,8,253,5,1.12,22.5,0.6,0.4,99.5,0.4,8,0,0.0
556,4,2026-05-12 17:00:00,7,344,4,1.34,33.4,5.2,6.8,95.7,3.6,7,0,0.0
557,1,2026-05-12 17:30:00,8,304,4,1.35,33.8,5.4,6.2,95.5,3.3,8,0,0.0
558,2,2026-05-12 17:30:00,13,489,8,3.53,44.1,3.1,3.4,97.6,1.7,12,1,7.7
559,3,2026-05-12 17:30:00,6,225,4,0.75,18.8,0.8,0.5,99.4,0.5,6,0,0.0
560,4,2026-05-12 17:30:00,9,376,5,1.88,37.6,4.8,5.7,96.1,3.2,9,0,0.0
561,1,2026-05-13 08:00:00,13,300,5,2.17,43.3,8.0,8.4,93.4,4.7,12,1,7.7
562,2,2026-05-13 08:00:00,21,454,10,5.3,53.0,5.1,4.9,96.3,2.6,19,2,9.5
563,3,2026-05-13 08:00:00,11,229,5,1.4,28.0,1.5,1.0,98.8,0.9,11,0,0.0
564,4,2026-05-13 08:00:00,5,343,4,0.95,23.8,1.7,2.0,98.6,1.1,5,0,0.0
565,1,2026-05-13 08:30:00,23,297,9,3.8,42.2,1.7,1.0,98.8,0.8,23,0,0.0
566,2,2026-05-13 08:30:00,10,425,6,2.36,39.4,3.7,4.4,97.1,2.1,10,0,0.0
567,3,2026-05-13 08:30:00,11,252,5,1.54,30.8,2.2,1.6,98.2,1.4,11,0,0.0
568,4,2026-05-13 08:30:00,4,406,4,0.9,22.6,1.4,1.9,98.8,1.0,4,0,0.0
569,1,2026-05-13 09:00:00,19,309,8,3.26,40.8,2.1,1.3,98.5,1.0,19,0,0.0
570,2,2026-05-13 09:00:00,27,414,11,6.21,56.5,6.1,5.2,95.7,3.0,27,0,0.0
571,3,2026-05-13 09:00:00,16,259,6,2.3,38.4,3.3,2.3,97.3,2.0,15,1,6.2
572,4,2026-05-13 09:00:00,14,366,6,2.85,47.4,8.1,9.4,93.5,5.3,14,0,0.0
573,1,2026-05-13 09:30:00,32,295,10,5.24,52.4,4.8,3.0,96.5,2.2,31,1,3.1
574,2,2026-05-13 09:30:00,13,439,8,3.17,39.6,1.8,1.6,98.7,0.9,12,1,7.7
575,3,2026-05-13 09:30:00,14,249,6,1.94,32.3,1.6,1.0,98.8,0.9,13,1,7.1
576,4,2026-05-13 09:30:00,3,382,3,0.64,21.2,2.9,4.7,97.5,2.1,2,1,33.3
577,1,2026-05-13 10:00:00,28,277,9,4.31,47.9,3.6,2.1,97.4,1.6,28,0,0.0
578,2,2026-05-13 10:00:00,23,384,10,4.91,49.1,3.2,2.4,97.8,1.5,23,0,0.0
579,3,2026-05-13 10:00:00,17,254,6,2.4,40.0,4.0,2.8,96.8,2.4,17,0,0.0
580,4,2026-05-13 10:00:00,15,387,8,3.22,40.3,1.9,1.6,98.6,1.1,15,0,0.0
581,1,2026-05-13 10:30:00,35,285,11,5.54,50.4,3.0,1.6,98.0,1.2,34,1,2.9
582,2,2026-05-13 10:30:00,24,348,9,4.64,51.6,5.4,4.3,96.3,2.6,22,2,8.3
583,3,2026-05-13 10:30:00,19,212,6,2.24,37.3,3.0,1.7,97.7,1.6,19,0,0.0
584,4,2026-05-13 10:30:00,10,330,5,1.83,36.7,4.3,4.5,96.6,2.8,10,0,0.0
585,1,2026-05-13 11:00:00,31,342,11,5.89,53.5,4.4,2.9,96.7,2.1,31,0,0.0
586,2,2026-05-13 11:00:00,35,382,14,7.43,53.1,2.3,1.3,98.7,0.9,35,0,0.0
587,3,2026-05-13 11:00:00,28,228,9,3.55,39.4,1.2,0.5,99.2,0.6,28,0,0.0
588,4,2026-05-13 11:00:00,20,403,9,4.48,49.8,4.5,4.0,96.6,2.7,20,0,0.0
589,1,2026-05-13 11:30:00,31,287,10,4.94,49.4,3.4,1.9,97.6,1.5,31,0,0.0
590,2,2026-05-13 11:30:00,32,421,14,7.48,53.5,2.4,1.5,98.5,1.0,30,2,6.2
591,3,2026-05-13 11:30:00,27,210,8,3.15,39.4,1.7,0.7,98.8,0.8,27,0,0.0
592,4,2026-05-13 11:30:00,13,389,6,2.81,46.8,7.6,9.3,93.8,5.1,12,1,7.7
593,1,2026-05-13 12:00:00,34,322,11,6.08,55.3,5.3,3.5,96.1,2.5,32,2,5.9
594,2,2026-05-13 12:00:00,30,362,11,6.03,54.8,5.1,3.7,96.6,2.3,30,0,0.0
595,3,2026-05-13 12:00:00,26,259,9,3.74,41.6,1.6,0.8,98.8,0.8,26,0,0.0
596,4,2026-05-13 12:00:00,15,367,6,3.06,51.0,10.7,13.3,91.3,7.2,12,3,20.0
597,1,2026-05-13 12:30:00,53,286,15,8.42,56.1,2.9,1.3,98.2,1.1,52,1,1.9
598,2,2026-05-13 12:30:00,29,427,12,6.88,57.3,5.6,4.7,96.1,2.7,29,0,0.0
599,3,2026-05-13 12:30:00,22,242,8,2.96,37.0,1.2,0.6,99.1,0.6,22,0,0.0
600,4,2026-05-13 12:30:00,18,331,8,3.31,41.4,2.2,1.6,98.4,1.2,18,0,0.0
601,1,2026-05-13 13:00:00,36,369,14,7.38,52.7,2.1,1.2,98.5,0.9,36,0,0.0
602,2,2026-05-13 13:00:00,37,354,14,7.28,52.0,1.9,1.0,98.9,0.7,37,0,0.0
603,3,2026-05-13 13:00:00,15,243,6,2.02,33.8,1.9,1.2,98.5,1.1,15,0,0.0
604,4,2026-05-13 13:00:00,18,334,8,3.34,41.8,2.3,1.7,98.4,1.3,18,0,0.0
605,1,2026-05-13 13:30:00,30,278,10,4.63,46.3,2.3,1.2,98.5,0.9,29,1,3.3
606,2,2026-05-13 13:30:00,35,409,14,7.95,56.8,3.8,2.5,97.6,1.6,34,1,2.9
607,3,2026-05-13 13:30:00,20,245,8,2.72,34.0,0.7,0.3,99.5,0.4,20,0,0.0
608,4,2026-05-13 13:30:00,16,318,6,2.83,47.1,7.8,7.9,93.9,4.9,16,0,0.0
609,1,2026-05-13 14:00:00,40,256,11,5.69,51.7,3.5,1.7,97.7,1.4,40,0,0.0
610,2,2026-05-13 14:00:00,28,394,11,6.13,55.7,5.6,4.5,96.1,2.7,27,1,3.6
611,3,2026-05-13 14:00:00,21,210,8,2.45,30.6,0.4,0.2,99.7,0.2,21,0,0.0
612,4,2026-05-13 14:00:00,16,345,6,3.07,51.1,10.8,12.7,91.3,7.2,12,4,25.0
613,1,2026-05-13 14:30:00,33,301,11,5.52,50.2,2.9,1.6,98.0,1.2,33,0,0.0
614,2,2026-05-13 14:30:00,28,367,11,5.71,51.9,3.6,2.5,97.7,1.6,27,1,3.6
615,3,2026-05-13 14:30:00,22,210,8,2.57,32.1,0.5,0.2,99.6,0.2,22,0,0.0
616,4,2026-05-13 14:30:00,14,344,6,2.68,44.6,6.3,6.5,95.1,4.0,14,0,0.0
617,1,2026-05-13 15:00:00,32,318,11,5.65,51.4,3.4,2.0,97.6,1.5,30,2,6.2
618,2,2026-05-13 15:00:00,24,448,11,5.97,54.3,4.8,4.3,96.6,2.4,24,0,0.0
619,3,2026-05-13 15:00:00,21,238,8,2.78,34.7,0.8,0.4,99.4,0.4,21,0,0.0
620,4,2026-05-13 15:00:00,12,361,6,2.41,40.1,4.0,4.1,96.8,2.5,12,0,0.0
621,1,2026-05-13 15:30:00,27,336,10,5.04,50.4,3.8,2.6,97.2,1.8,27,0,0.0
622,2,2026-05-13 15:30:00,29,411,12,6.62,55.2,4.4,3.3,97.0,2.0,27,2,6.9
623,3,2026-05-13 15:30:00,14,217,5,1.69,33.8,3.2,2.1,97.5,1.9,14,0,0.0
624,4,2026-05-13 15:30:00,14,357,6,2.78,46.3,7.3,8.1,94.2,4.7,14,0,0.0
625,1,2026-05-13 16:00:00,29,268,9,4.32,48.0,3.7,2.1,97.4,1.6,29,0,0.0
626,2,2026-05-13 16:00:00,19,468,10,4.94,49.4,3.4,3.1,97.6,1.7,18,1,5.3
627,3,2026-05-13 16:00:00,15,253,6,2.11,35.1,2.3,1.5,98.2,1.3,15,0,0.0
628,4,2026-05-13 16:00:00,12,353,5,2.35,47.1,10.6,14.2,91.2,7.3,10,2,16.7
629,1,2026-05-13 16:30:00,23,276,8,3.53,44.1,3.1,1.9,97.8,1.4,22,1,4.3
630,2,2026-05-13 16:30:00,14,423,8,3.29,41.1,2.1,1.9,98.5,1.1,14,0,0.0
631,3,2026-05-13 16:30:00,14,270,6,2.1,35.0,2.2,1.6,98.2,1.4,14,0,0.0
632,4,2026-05-13 16:30:00,8,350,4,1.56,38.9,8.3,11.9,93.0,5.9,8,0,0.0
633,1,2026-05-13 17:00:00,22,309,9,3.78,42.0,1.7,1.0,98.8,0.7,21,1,4.5
634,2,2026-05-13 17:00:00,10,435,6,2.42,40.3,4.1,5.0,96.8,2.4,9,1,10.0
635,3,2026-05-13 17:00:00,8,224,4,1.0,24.9,2.0,1.5,98.4,1.3,8,0,0.0
636,4,2026-05-13 17:00:00,16,363,8,3.23,40.3,1.9,1.5,98.6,1.1,16,0,0.0
637,1,2026-05-13 17:30:00,14,334,6,2.6,43.3,5.6,5.5,95.5,3.2,13,1,7.1
638,2,2026-05-13 17:30:00,8,412,5,1.83,36.6,4.3,5.6,96.6,2.6,8,0,0.0
639,3,2026-05-13 17:30:00,7,218,4,0.85,21.2,1.2,0.8,99.1,0.7,7,0,0.0
640,4,2026-05-13 17:30:00,3,374,3,0.62,20.8,2.7,4.3,97.7,2.0,3,0,0.0
641,1,2026-05-14 08:00:00,10,290,5,1.61,32.2,2.7,2.3,97.9,1.4,10,0,0.0
642,2,2026-05-14 08:00:00,16,419,8,3.72,46.6,4.1,4.0,97.0,2.1,15,1,6.2
643,3,2026-05-14 08:00:00,9,228,5,1.14,22.8,0.7,0.4,99.5,0.4,9,0,0.0
644,4,2026-05-14 08:00:00,10,358,5,1.99,39.8,5.9,7.0,95.3,3.9,10,0,0.0
645,1,2026-05-14 08:30:00,26,303,9,4.38,48.6,4.0,2.6,97.1,1.8,26,0,0.0
646,2,2026-05-14 08:30:00,16,470,9,4.18,46.4,3.0,3.0,97.8,1.6,16,0,0.0
647,3,2026-05-14 08:30:00,12,258,5,1.72,34.4,3.4,2.7,97.2,2.2,12,0,0.0
648,4,2026-05-14 08:30:00,6,342,4,1.14,28.5,3.1,3.8,97.5,2.1,6,0,0.0
649,1,2026-05-14 09:00:00,19,307,8,3.24,40.5,2.0,1.3,98.5,0.9,19,0,0.0
650,2,2026-05-14 09:00:00,20,397,9,4.41,49.0,4.1,3.6,97.1,2.0,20,0,0.0
651,3,2026-05-14 09:00:00,18,214,6,2.14,35.7,2.4,1.3,98.1,1.3,18,0,0.0
652,4,2026-05-14 09:00:00,4,382,3,0.85,28.3,6.0,10.7,94.7,4.5,4,0,0.0
653,1,2026-05-14 09:30:00,29,319,10,5.14,51.4,4.2,2.8,96.9,2.0,28,1,3.4
654,2,2026-05-14 09:30:00,12,359,6,2.39,39.9,3.9,3.9,97.1,2.1,12,0,0.0
655,3,2026-05-14 09:30:00,18,230,6,2.3,38.3,3.3,2.1,97.4,1.9,18,0,0.0
656,4,2026-05-14 09:30:00,9,381,5,1.9,38.1,5.0,6.2,95.9,3.4,8,1,11.1
657,1,2026-05-14 10:00:00,28,306,10,4.76,47.6,2.7,1.6,98.1,1.2,28,0,0.0
658,2,2026-05-14 10:00:00,16,376,8,3.34,41.8,2.3,1.9,98.4,1.1,16,0,0.0
659,3,2026-05-14 10:00:00,20,223,8,2.48,31.0,0.4,0.2,99.7,0.2,20,0,0.0
660,4,2026-05-14 10:00:00,7,343,4,1.33,33.3,5.2,6.7,95.7,3.5,7,0,0.0
661,1,2026-05-14 10:30:00,27,271,9,4.07,45.2,2.6,1.4,98.2,1.1,27,0,0.0
662,2,2026-05-14 10:30:00,33,454,15,8.32,55.5,2.7,1.8,98.3,1.1,33,0,0.0
663,3,2026-05-14 10:30:00,21,254,8,2.96,37.0,1.2,0.6,99.1,0.6,21,0,0.0
664,4,2026-05-14 10:30:00,8,343,4,1.52,38.1,7.8,10.9,93.5,5.5,7,1,12.5
665,1,2026-05-14 11:00:00,44,278,12,6.8,56.6,5.2,2.8,96.4,2.2,43,1,2.3
666,2,2026-05-14 11:00:00,29,430,12,6.93,57.7,5.9,5.0,95.9,2.8,27,2,6.9
667,3,2026-05-14 11:00:00,19,276,8,2.91,36.4,1.1,0.6,99.2,0.6,19,0,0.0
668,4,2026-05-14 11:00:00,11,363,5,2.22,44.4,8.6,11.3,92.9,5.9,11,0,0.0
669,1,2026-05-14 11:30:00,32,308,11,5.48,49.8,2.8,1.5,98.1,1.2,32,0,0.0
670,2,2026-05-14 11:30:00,33,436,14,7.99,57.1,3.9,2.8,97.4,1.7,33,0,0.0
671,3,2026-05-14 11:30:00,23,225,8,2.88,35.9,1.0,0.4,99.3,0.5,23,0,0.0
672,4,2026-05-14 11:30:00,11,360,5,2.2,44.0,8.4,10.8,93.1,5.7,11,0,0.0
673,1,2026-05-14 12:00:00,48,285,14,7.6,54.3,2.7,1.2,98.3,1.0,48,0,0.0
674,2,2026-05-14 12:00:00,36,401,14,8.02,57.3,4.0,2.7,97.4,1.7,36,0,0.0
675,3,2026-05-14 12:00:00,29,230,9,3.71,41.2,1.5,0.7,98.9,0.7,29,0,0.0
676,4,2026-05-14 12:00:00,12,417,6,2.78,46.3,7.3,9.5,94.0,5.0,11,1,8.3
677,1,2026-05-14 12:30:00,40,289,12,6.42,53.5,3.6,1.9,97.6,1.5,39,1,2.5
678,2,2026-05-14 12:30:00,38,441,16,9.31,58.2,3.3,2.2,97.9,1.4,38,0,0.0
679,3,2026-05-14 12:30:00,18,255,8,2.55,31.9,0.5,0.2,99.6,0.3,18,0,0.0
680,4,2026-05-14 12:30:00,16,325,6,2.89,48.1,8.5,8.9,93.3,5.4,14,2,12.5
681,1,2026-05-14 13:00:00,35,293,11,5.7,51.8,3.6,2.0,97.5,1.5,35,0,0.0
682,2,2026-05-14 13:00:00,30,401,12,6.68,55.7,4.7,3.5,96.9,2.1,29,1,3.3
683,3,2026-05-14 13:00:00,31,240,10,4.13,41.3,1.1,0.4,99.2,0.5,31,0,0.0
684,4,2026-05-14 13:00:00,20,323,8,3.59,44.9,3.4,2.5,97.6,1.9,19,1,5.0
685,1,2026-05-14 13:30:00,36,296,11,5.92,53.8,4.5,2.6,96.8,2.0,35,1,2.8
686,2,2026-05-14 13:30:00,28,393,11,6.11,55.6,5.5,4.4,96.2,2.6,27,1,3.6
687,3,2026-05-14 13:30:00,28,259,10,4.03,40.3,0.9,0.4,99.3,0.5,28,0,0.0
688,4,2026-05-14 13:30:00,13,357,6,2.58,43.0,5.4,5.6,95.8,3.4,13,0,0.0
689,1,2026-05-14 14:00:00,37,296,11,6.08,55.3,5.4,3.2,96.2,2.4,36,1,2.7
690,2,2026-05-14 14:00:00,33,388,12,7.11,59.3,6.9,5.5,95.3,3.2,33,0,0.0
691,3,2026-05-14 14:00:00,34,286,11,5.4,49.1,2.5,1.3,98.1,1.3,34,0,0.0
692,4,2026-05-14 14:00:00,23,340,9,4.34,48.3,3.8,2.8,97.3,2.1,23,0,0.0
693,1,2026-05-14 14:30:00,28,294,9,4.57,50.8,5.0,3.3,96.3,2.4,28,0,0.0
694,2,2026-05-14 14:30:00,22,428,10,5.23,52.3,4.7,4.2,96.6,2.4,22,0,0.0
695,3,2026-05-14 14:30:00,26,249,9,3.6,40.0,1.3,0.6,99.1,0.6,26,0,0.0
696,4,2026-05-14 14:30:00,16,366,8,3.25,40.7,2.0,1.6,98.5,1.1,16,0,0.0
697,1,2026-05-14 15:00:00,39,309,12,6.7,55.8,4.7,2.7,96.7,2.1,39,0,0.0
698,2,2026-05-14 15:00:00,29,426,12,6.86,57.2,5.5,4.6,96.2,2.6,29,0,0.0
699,3,2026-05-14 15:00:00,25,225,8,3.12,39.1,1.6,0.7,98.8,0.8,25,0,0.0
700,4,2026-05-14 15:00:00,5,341,4,0.95,23.7,1.7,1.9,98.6,1.1,5,0,0.0
701,1,2026-05-14 15:30:00,30,331,11,5.52,50.2,2.9,1.8,97.9,1.3,30,0,0.0
702,2,2026-05-14 15:30:00,28,447,12,6.95,57.9,6.0,5.3,95.7,3.0,27,1,3.6
703,3,2026-05-14 15:30:00,12,232,5,1.55,30.9,2.3,1.5,98.2,1.4,12,0,0.0
704,4,2026-05-14 15:30:00,16,340,6,3.02,50.4,10.2,11.7,91.8,6.7,16,0,0.0
705,1,2026-05-14 16:00:00,31,307,10,5.29,52.9,5.0,3.3,96.3,2.3,30,1,3.2
706,2,2026-05-14 16:00:00,16,430,9,3.82,42.5,1.8,1.5,98.7,0.9,16,0,0.0
707,3,2026-05-14 16:00:00,21,233,8,2.72,34.0,0.7,0.3,99.5,0.4,21,0,0.0
708,4,2026-05-14 16:00:00,18,324,8,3.24,40.5,2.0,1.3,98.6,1.1,18,0,0.0
709,1,2026-05-14 16:30:00,25,329,9,4.57,50.8,5.0,3.7,96.2,2.5,25,0,0.0
710,2,2026-05-14 16:30:00,21,400,10,4.67,46.7,2.4,1.8,98.4,1.1,21,0,0.0
711,3,2026-05-14 16:30:00,11,255,5,1.56,31.2,2.3,1.7,98.1,1.5,11,0,0.0
712,4,2026-05-14 16:30:00,11,350,5,2.14,42.8,7.6,9.3,93.8,5.1,11,0,0.0
713,1,2026-05-14 17:00:00,20,277,8,3.08,38.5,1.5,0.8,99.0,0.6,20,0,0.0
714,2,2026-05-14 17:00:00,10,454,6,2.52,42.0,4.9,6.4,96.1,2.9,10,0,0.0
715,3,2026-05-14 17:00:00,12,215,5,1.43,28.7,1.7,1.0,98.7,1.0,12,0,0.0
716,4,2026-05-14 17:00:00,6,342,4,1.14,28.5,3.1,3.8,97.5,2.1,6,0,0.0
717,1,2026-05-14 17:30:00,17,277,6,2.62,43.6,5.7,4.7,95.5,3.0,17,0,0.0
718,2,2026-05-14 17:30:00,14,460,8,3.58,44.7,3.4,3.5,97.5,1.8,14,0,0.0
719,3,2026-05-14 17:30:00,4,242,4,0.54,13.4,0.2,0.2,99.8,0.1,4,0,0.0
720,4,2026-05-14 17:30:00,6,330,4,1.1,27.5,2.8,3.2,97.8,1.8,6,0,0.0
721,1,2026-05-15 08:00:00,21,310,8,3.62,45.2,3.5,2.5,97.3,1.7,21,0,0.0
722,2,2026-05-15 08:00:00,8,404,5,1.8,35.9,4.0,5.1,96.8,2.3,8,0,0.0
723,3,2026-05-15 08:00:00,12,231,5,1.54,30.8,2.2,1.5,98.2,1.3,12,0,0.0
724,4,2026-05-15 08:00:00,6,329,4,1.1,27.4,2.8,3.1,97.8,1.8,6,0,0.0
725,1,2026-05-15 08:30:00,15,325,6,2.71,45.1,6.6,6.5,94.6,3.7,14,1,6.7
726,2,2026-05-15 08:30:00,19,371,9,3.92,43.5,2.1,1.5,98.6,0.9,19,0,0.0
727,3,2026-05-15 08:30:00,9,261,5,1.3,26.1,1.2,0.8,99.1,0.7,9,0,0.0
728,4,2026-05-15 08:30:00,5,384,4,1.07,26.7,2.5,3.3,97.9,1.7,5,0,0.0
729,1,2026-05-15 09:00:00,19,308,8,3.25,40.6,2.0,1.3,98.5,0.9,19,0,0.0
730,2,2026-05-15 09:00:00,13,426,8,3.08,38.5,1.5,1.3,98.9,0.7,13,0,0.0
731,3,2026-05-15 09:00:00,11,251,5,1.53,30.7,2.2,1.6,98.2,1.4,11,0,0.0
732,4,2026-05-15 09:00:00,6,308,4,1.03,25.7,2.2,2.3,98.3,1.4,6,0,0.0
733,1,2026-05-15 09:30:00,26,326,10,4.71,47.1,2.5,1.5,98.2,1.1,26,0,0.0
734,2,2026-05-15 09:30:00,24,441,11,5.88,53.5,4.3,3.7,96.9,2.1,23,1,4.2
735,3,2026-05-15 09:30:00,12,238,5,1.59,31.7,2.5,1.7,98.0,1.5,12,0,0.0
736,4,2026-05-15 09:30:00,4,351,3,0.78,26.0,4.9,7.7,95.8,3.5,4,0,0.0
737,1,2026-05-15 10:00:00,34,332,12,6.27,52.3,3.0,1.8,97.8,1.3,34,0,0.0
738,2,2026-05-15 10:00:00,25,419,11,5.82,52.9,4.1,3.3,97.2,1.9,25,0,0.0
739,3,2026-05-15 10:00:00,18,253,8,2.53,31.6,0.5,0.2,99.6,0.2,18,0,0.0
740,4,2026-05-15 10:00:00,15,352,6,2.93,48.9,9.1,10.4,92.7,6.0,15,0,0.0
741,1,2026-05-15 10:30:00,23,326,9,4.17,46.3,3.0,2.0,97.8,1.4,23,0,0.0
742,2,2026-05-15 10:30:00,23,497,12,6.35,52.9,3.3,2.9,97.6,1.6,23,0,0.0
743,3,2026-05-15 10:30:00,18,237,6,2.37,39.5,3.8,2.5,97.0,2.2,18,0,0.0
744,4,2026-05-15 10:30:00,17,410,8,3.87,48.4,5.0,5.0,96.1,3.1,17,0,0.0
745,1,2026-05-15 11:00:00,33,293,10,5.37,53.7,5.5,3.5,96.0,2.5,33,0,0.0
746,2,2026-05-15 11:00:00,25,425,11,5.9,53.7,4.5,3.7,96.9,2.1,23,2,8.0
747,3,2026-05-15 11:00:00,19,258,8,2.72,34.0,0.7,0.4,99.5,0.4,19,0,0.0
748,4,2026-05-15 11:00:00,17,413,8,3.9,48.8,5.2,5.2,95.9,3.3,16,1,5.9
749,1,2026-05-15 11:30:00,45,292,14,7.3,52.1,2.0,0.9,98.8,0.7,45,0,0.0
750,2,2026-05-15 11:30:00,32,409,14,7.27,51.9,1.9,1.2,98.8,0.8,32,0,0.0
751,3,2026-05-15 11:30:00,26,266,9,3.84,42.7,1.9,1.0,98.6,1.0,26,0,0.0
752,4,2026-05-15 11:30:00,14,410,8,3.19,39.9,1.8,1.5,98.6,1.1,14,0,0.0
753,1,2026-05-15 12:00:00,46,301,14,7.69,54.9,2.9,1.4,98.1,1.1,45,1,2.2
754,2,2026-05-15 12:00:00,36,398,14,7.96,56.9,3.8,2.5,97.6,1.6,34,2,5.6
755,3,2026-05-15 12:00:00,26,249,9,3.6,40.0,1.3,0.6,99.1,0.6,26,0,0.0
756,4,2026-05-15 12:00:00,15,357,6,2.98,49.6,9.6,11.3,92.2,6.4,14,1,6.7
757,1,2026-05-15 12:30:00,38,294,11,6.21,56.4,6.0,3.7,95.6,2.7,38,0,0.0
758,2,2026-05-15 12:30:00,41,439,17,10.0,58.8,3.1,1.9,98.1,1.3,41,0,0.0
759,3,2026-05-15 12:30:00,29,231,9,3.72,41.4,1.6,0.7,98.9,0.8,29,0,0.0
760,4,2026-05-15 12:30:00,16,379,8,3.37,42.1,2.4,2.0,98.2,1.4,16,0,0.0
761,1,2026-05-15 13:00:00,45,299,14,7.48,53.4,2.4,1.1,98.5,0.9,45,0,0.0
762,2,2026-05-15 13:00:00,30,379,12,6.32,52.6,3.2,2.1,98.0,1.4,30,0,0.0
763,3,2026-05-15 13:00:00,21,246,8,2.87,35.9,1.0,0.5,99.3,0.5,20,1,4.8
764,4,2026-05-15 13:00:00,8,380,5,1.69,33.8,3.2,3.7,97.4,2.1,8,0,0.0
765,1,2026-05-15 13:30:00,35,303,11,5.89,53.6,4.4,2.6,96.9,1.9,34,1,2.9
766,2,2026-05-15 13:30:00,29,401,12,6.46,53.8,3.7,2.7,97.5,1.7,29,0,0.0
767,3,2026-05-15 13:30:00,23,255,9,3.26,36.2,0.7,0.3,99.5,0.3,23,0,0.0
768,4,2026-05-15 13:30:00,13,359,6,2.59,43.2,5.5,5.8,95.6,3.5,13,0,0.0
769,1,2026-05-15 14:00:00,38,282,11,5.95,54.1,4.7,2.6,96.7,2.0,37,1,2.6
770,2,2026-05-15 14:00:00,24,399,10,5.32,53.2,5.2,4.4,96.3,2.5,23,1,4.2
771,3,2026-05-15 14:00:00,23,275,9,3.51,39.0,1.1,0.6,99.2,0.6,23,0,0.0
772,4,2026-05-15 14:00:00,16,420,8,3.73,46.7,4.2,4.1,96.8,2.6,15,1,6.2
773,1,2026-05-15 14:30:00,36,309,11,6.18,56.2,5.9,3.8,95.7,2.7,35,1,2.8
774,2,2026-05-15 14:30:00,29,384,11,6.19,56.2,5.9,4.7,95.9,2.8,29,0,0.0
775,3,2026-05-15 14:30:00,20,230,8,2.56,31.9,0.5,0.2,99.6,0.2,20,0,0.0
776,4,2026-05-15 14:30:00,15,421,8,3.51,43.9,3.0,2.8,97.7,1.8,15,0,0.0
777,1,2026-05-15 15:00:00,25,290,9,4.03,44.8,2.5,1.4,98.2,1.1,25,0,0.0
778,2,2026-05-15 15:00:00,24,403,10,5.37,53.7,5.5,4.8,96.1,2.7,22,2,8.3
779,3,2026-05-15 15:00:00,24,240,9,3.2,35.6,0.6,0.3,99.6,0.3,24,0,0.0
780,4,2026-05-15 15:00:00,11,361,5,2.21,44.1,8.5,11.0,93.0,5.8,9,2,18.2
781,1,2026-05-15 15:30:00,28,312,10,4.85,48.5,3.0,1.8,97.8,1.3,28,0,0.0
782,2,2026-05-15 15:30:00,25,406,11,5.64,51.3,3.3,2.5,97.8,1.5,24,1,4.0
783,3,2026-05-15 15:30:00,17,233,6,2.2,36.7,2.8,1.7,97.8,1.6,16,1,5.9
784,4,2026-05-15 15:30:00,11,370,5,2.26,45.2,9.2,12.5,92.3,6.4,11,0,0.0
785,1,2026-05-15 16:00:00,34,319,11,6.03,54.8,5.1,3.2,96.3,2.3,33,1,2.9
786,2,2026-05-15 16:00:00,25,411,11,5.71,51.9,3.6,2.8,97.5,1.7,25,0,0.0
787,3,2026-05-15 16:00:00,13,243,6,1.76,29.2,1.0,0.6,99.2,0.6,13,0,0.0
788,4,2026-05-15 16:00:00,8,344,4,1.53,38.2,7.9,11.0,93.4,5.5,7,1,12.5
789,1,2026-05-15 16:30:00,18,288,6,2.88,48.0,8.4,7.8,93.2,4.7,18,0,0.0
790,2,2026-05-15 16:30:00,15,414,8,3.45,43.1,2.8,2.5,98.0,1.4,15,0,0.0
791,3,2026-05-15 16:30:00,25,255,9,3.54,39.4,1.2,0.5,99.2,0.6,24,1,4.0
792,4,2026-05-15 16:30:00,11,375,5,2.29,45.8,9.7,13.4,91.9,6.8,10,1,9.1
793,1,2026-05-15 17:00:00,14,282,5,2.19,43.9,8.3,8.3,93.2,4.8,13,1,7.1
794,2,2026-05-15 17:00:00,13,414,8,2.99,37.4,1.3,1.1,99.1,0.6,13,0,0.0
795,3,2026-05-15 17:00:00,11,220,5,1.34,26.9,1.3,0.8,99.0,0.7,11,0,0.0
796,4,2026-05-15 17:00:00,11,399,6,2.44,40.6,4.3,4.8,96.6,2.8,11,0,0.0
797,1,2026-05-15 17:30:00,13,263,5,1.9,38.0,4.9,4.2,96.1,2.6,13,0,0.0
798,2,2026-05-15 17:30:00,9,491,6,2.46,40.9,4.4,6.1,96.5,2.7,9,0,0.0
799,3,2026-05-15 17:30:00,10,260,5,1.44,28.9,1.7,1.3,98.6,1.1,10,0,0.0
800,4,2026-05-15 17:30:00,7,377,4,1.47,36.7,7.0,10.3,94.1,5.0,7,0,0.0
801,1,2026-05-18 08:00:00,8,267,4,1.19,29.7,3.6,3.4,97.1,2.0,8,0,0.0
802,2,2026-05-18 08:00:00,8,432,5,1.92,38.4,5.1,7.2,95.8,3.1,8,0,0.0
803,3,2026-05-18 08:00:00,5,257,4,0.71,17.8,0.6,0.5,99.5,0.4,5,0,0.0
804,4,2026-05-18 08:00:00,5,393,4,1.09,27.3,2.7,3.7,97.7,1.9,5,0,0.0
805,1,2026-05-18 08:30:00,15,278,6,2.32,38.6,3.4,2.6,97.4,1.7,15,0,0.0
806,2,2026-05-18 08:30:00,16,450,9,4.0,44.4,2.4,2.1,98.3,1.2,16,0,0.0
807,3,2026-05-18 08:30:00,15,252,6,2.1,35.0,2.2,1.4,98.2,1.3,15,0,0.0
808,4,2026-05-18 08:30:00,7,353,4,1.37,34.3,5.7,7.6,95.3,3.9,7,0,0.0
809,1,2026-05-18 09:00:00,13,338,6,2.44,40.7,4.3,4.1,96.5,2.4,13,0,0.0
810,2,2026-05-18 09:00:00,18,374,8,3.74,46.8,4.2,3.7,97.0,2.1,18,0,0.0
811,3,2026-05-18 09:00:00,15,217,6,1.81,30.1,1.1,0.6,99.1,0.6,14,1,6.7
812,4,2026-05-18 09:00:00,5,384,4,1.07,26.7,2.5,3.3,97.9,1.7,5,0,0.0
813,1,2026-05-18 09:30:00,10,322,5,1.79,35.8,4.0,4.0,96.8,2.3,10,0,0.0
814,2,2026-05-18 09:30:00,24,380,10,5.07,50.7,3.9,3.0,97.4,1.8,23,1,4.2
815,3,2026-05-18 09:30:00,25,225,8,3.12,39.1,1.6,0.7,98.8,0.8,25,0,0.0
816,4,2026-05-18 09:30:00,7,293,4,1.14,28.5,3.1,3.2,97.5,2.0,6,1,14.3
817,1,2026-05-18 10:00:00,34,293,11,5.53,50.3,3.0,1.6,98.0,1.2,34,0,0.0
818,2,2026-05-18 10:00:00,31,390,12,6.72,56.0,4.8,3.5,96.8,2.2,30,1,3.2
819,3,2026-05-18 10:00:00,17,252,6,2.38,39.7,3.9,2.7,96.9,2.3,17,0,0.0
820,4,2026-05-18 10:00:00,14,376,6,2.92,48.7,9.0,11.0,92.7,6.0,13,1,7.1
821,1,2026-05-18 10:30:00,32,304,10,5.4,54.0,5.7,3.8,95.8,2.7,32,0,0.0
822,2,2026-05-18 10:30:00,26,391,11,5.65,51.3,3.4,2.5,97.8,1.5,26,0,0.0
823,3,2026-05-18 10:30:00,19,268,8,2.83,35.4,0.9,0.5,99.3,0.5,19,0,0.0
824,4,2026-05-18 10:30:00,6,411,4,1.37,34.2,5.6,8.8,95.2,4.1,6,0,0.0
825,1,2026-05-18 11:00:00,38,296,11,6.25,56.8,6.3,3.9,95.4,2.9,38,0,0.0
826,2,2026-05-18 11:00:00,25,412,11,5.72,52.0,3.7,2.9,97.5,1.7,23,2,8.0
827,3,2026-05-18 11:00:00,22,211,8,2.58,32.2,0.5,0.2,99.6,0.3,22,0,0.0
828,4,2026-05-18 11:00:00,10,337,5,1.87,37.4,4.7,5.1,96.3,3.0,10,0,0.0
829,1,2026-05-18 11:30:00,41,297,12,6.76,56.4,5.0,2.9,96.5,2.2,41,0,0.0
830,2,2026-05-18 11:30:00,35,347,12,6.75,56.2,4.9,3.3,96.9,2.1,34,1,2.9
831,3,2026-05-18 11:30:00,20,217,6,2.41,40.2,4.1,2.5,96.8,2.3,20,0,0.0
832,4,2026-05-18 11:30:00,11,306,5,1.87,37.4,4.7,4.6,96.4,2.9,11,0,0.0
833,1,2026-05-18 12:00:00,30,266,9,4.43,49.3,4.2,2.5,97.0,1.9,29,1,3.3
834,2,2026-05-18 12:00:00,21,394,9,4.6,51.1,5.2,4.6,96.3,2.6,21,0,0.0
835,3,2026-05-18 12:00:00,32,229,10,4.07,40.7,1.0,0.4,99.3,0.5,32,0,0.0
836,4,2026-05-18 12:00:00,13,374,6,2.7,45.0,6.5,7.4,94.8,4.3,11,2,15.4
837,1,2026-05-18 12:30:00,39,311,12,6.74,56.2,4.9,2.9,96.5,2.2,39,0,0.0
838,2,2026-05-18 12:30:00,38,424,16,8.95,55.9,2.4,1.4,98.6,1.0,36,2,5.3
839,3,2026-05-18 12:30:00,25,235,9,3.26,36.3,0.7,0.3,99.5,0.3,25,0,0.0
840,4,2026-05-18 12:30:00,21,339,8,3.96,49.4,5.6,4.7,95.9,3.3,20,1,4.8
841,1,2026-05-18 13:00:00,41,322,14,7.33,52.4,2.0,1.0,98.6,0.8,41,0,0.0
842,2,2026-05-18 13:00:00,29,426,12,6.86,57.2,5.5,4.6,96.2,2.6,29,0,0.0
843,3,2026-05-18 13:00:00,19,234,8,2.47,30.9,0.4,0.2,99.7,0.2,19,0,0.0
844,4,2026-05-18 13:00:00,18,337,8,3.37,42.1,2.4,1.8,98.3,1.3,18,0,0.0
845,1,2026-05-18 13:30:00,34,292,11,5.52,50.1,2.9,1.5,98.0,1.2,34,0,0.0
846,2,2026-05-18 13:30:00,23,454,11,5.8,52.7,4.0,3.5,97.2,2.0,22,1,4.3
847,3,2026-05-18 13:30:00,24,233,8,3.11,38.8,1.6,0.7,98.9,0.8,24,0,0.0
848,4,2026-05-18 13:30:00,24,317,9,4.23,47.0,3.3,2.2,97.8,1.7,24,0,0.0
849,1,2026-05-18 14:00:00,31,268,10,4.62,46.2,2.2,1.1,98.5,0.9,31,0,0.0
850,2,2026-05-18 14:00:00,27,364,10,5.46,54.6,6.0,4.8,95.9,2.8,25,2,7.4
851,3,2026-05-18 14:00:00,30,257,10,4.28,42.8,1.4,0.6,99.0,0.7,30,0,0.0
852,4,2026-05-18 14:00:00,12,369,6,2.46,41.0,4.4,4.6,96.5,2.8,12,0,0.0
853,1,2026-05-18 14:30:00,36,251,10,5.02,50.2,3.7,1.9,97.5,1.5,35,1,2.8
854,2,2026-05-18 14:30:00,27,458,12,6.87,57.2,5.6,5.0,96.0,2.8,25,2,7.4
855,3,2026-05-18 14:30:00,13,226,5,1.63,32.6,2.8,1.9,97.8,1.7,13,0,0.0
856,4,2026-05-18 14:30:00,16,346,6,3.08,51.3,10.9,12.9,91.2,7.2,16,0,0.0
857,1,2026-05-18 15:00:00,33,338,11,6.2,56.3,6.0,4.2,95.5,2.9,33,0,0.0
858,2,2026-05-18 15:00:00,25,421,11,5.85,53.2,4.2,3.4,97.1,2.0,25,0,0.0
859,3,2026-05-18 15:00:00,21,254,8,2.96,37.0,1.2,0.6,99.1,0.6,21,0,0.0
860,4,2026-05-18 15:00:00,10,406,5,2.26,45.1,9.2,13.6,92.3,6.5,10,0,0.0
861,1,2026-05-18 15:30:00,41,295,12,6.72,56.0,4.8,2.7,96.6,2.1,40,1,2.4
862,2,2026-05-18 15:30:00,22,466,11,5.7,51.8,3.6,3.1,97.5,1.8,21,1,4.5
863,3,2026-05-18 15:30:00,22,225,8,2.75,34.4,0.8,0.3,99.4,0.4,21,1,4.5
864,4,2026-05-18 15:30:00,7,391,4,1.52,38.0,7.8,12.3,93.4,5.6,6,1,14.3
865,1,2026-05-18 16:00:00,23,298,9,3.81,42.3,1.8,1.0,98.7,0.8,22,1,4.3
866,2,2026-05-18 16:00:00,29,412,12,6.64,55.3,4.5,3.4,97.0,2.0,29,0,0.0
867,3,2026-05-18 16:00:00,8,247,5,1.1,22.0,0.6,0.4,99.6,0.3,8,0,0.0
868,4,2026-05-18 16:00:00,9,334,5,1.67,33.4,3.1,3.1,97.6,1.9,9,0,0.0
869,1,2026-05-18 16:30:00,20,297,8,3.3,41.2,2.2,1.4,98.4,1.0,20,0,0.0
870,2,2026-05-18 16:30:00,16,424,8,3.77,47.1,4.4,4.4,96.8,2.3,15,1,6.2
871,3,2026-05-18 16:30:00,26,232,9,3.35,37.2,0.8,0.3,99.4,0.4,26,0,0.0
872,4,2026-05-18 16:30:00,7,338,4,1.31,32.9,5.0,6.2,95.9,3.4,6,1,14.3
873,1,2026-05-18 17:00:00,22,316,9,3.86,42.9,1.9,1.2,98.6,0.9,22,0,0.0
874,2,2026-05-18 17:00:00,16,455,9,4.04,44.9,2.5,2.3,98.2,1.3,16,0,0.0
875,3,2026-05-18 17:00:00,19,255,8,2.69,33.6,0.7,0.3,99.5,0.4,19,0,0.0
876,4,2026-05-18 17:00:00,7,307,4,1.19,29.8,3.6,4.0,97.1,2.4,7,0,0.0
877,1,2026-05-18 17:30:00,16,315,6,2.8,46.7,7.5,7.4,93.8,4.3,14,2,12.5
878,2,2026-05-18 17:30:00,5,398,4,1.11,27.6,2.8,3.9,97.7,1.7,5,0,0.0
879,3,2026-05-18 17:30:00,11,212,5,1.3,25.9,1.1,0.6,99.1,0.6,11,0,0.0
880,4,2026-05-18 17:30:00,6,375,4,1.25,31.2,4.2,5.8,96.5,2.9,6,0,0.0
881,1,2026-05-19 08:00:00,11,263,5,1.61,32.1,2.6,2.0,98.0,1.3,11,0,0.0
882,2,2026-05-19 08:00:00,16,429,9,3.81,42.4,1.8,1.5,98.7,0.9,16,0,0.0
883,3,2026-05-19 08:00:00,11,249,5,1.52,30.4,2.1,1.5,98.3,1.3,10,1,9.1
884,4,2026-05-19 08:00:00,8,409,5,1.82,36.4,4.2,5.4,96.5,2.9,8,0,0.0
885,1,2026-05-19 08:30:00,17,249,6,2.35,39.2,3.7,2.5,97.3,1.7,16,1,5.9
886,2,2026-05-19 08:30:00,13,428,8,3.09,38.6,1.5,1.3,98.9,0.8,13,0,0.0
887,3,2026-05-19 08:30:00,8,212,4,0.94,23.6,1.7,1.2,98.7,1.0,8,0,0.0
888,4,2026-05-19 08:30:00,7,352,4,1.37,34.2,5.6,7.5,95.3,3.9,7,0,0.0
889,1,2026-05-19 09:00:00,24,297,9,3.96,44.0,2.2,1.3,98.4,1.0,24,0,0.0
890,2,2026-05-19 09:00:00,15,427,8,3.56,44.5,3.3,3.1,97.6,1.7,15,0,0.0
891,3,2026-05-19 09:00:00,9,243,5,1.22,24.3,0.9,0.6,99.3,0.5,9,0,0.0
892,4,2026-05-19 09:00:00,10,346,5,1.92,38.4,5.2,5.8,95.9,3.4,10,0,0.0
893,1,2026-05-19 09:30:00,19,296,8,3.12,39.1,1.6,1.0,98.8,0.7,18,1,5.3
894,2,2026-05-19 09:30:00,20,464,10,5.16,51.6,4.3,4.1,96.8,2.2,20,0,0.0
895,3,2026-05-19 09:30:00,21,210,8,2.45,30.6,0.4,0.2,99.7,0.2,21,0,0.0
896,4,2026-05-19 09:30:00,7,340,4,1.32,33.1,5.0,6.4,95.9,3.4,6,1,14.3
897,1,2026-05-19 10:00:00,28,275,9,4.28,47.5,3.5,2.0,97.5,1.5,27,1,3.6
898,2,2026-05-19 10:00:00,24,424,11,5.65,51.4,3.4,2.7,97.7,1.6,23,1,4.2
899,3,2026-05-19 10:00:00,17,268,8,2.53,31.6,0.5,0.2,99.6,0.3,17,0,0.0
900,4,2026-05-19 10:00:00,17,308,6,2.91,48.5,8.8,8.8,93.2,5.5,15,2,11.8
901,1,2026-05-19 10:30:00,27,282,9,4.23,47.0,3.3,1.9,97.7,1.4,26,1,3.7
902,2,2026-05-19 10:30:00,32,430,14,7.64,54.6,2.8,1.9,98.2,1.2,31,1,3.1
903,3,2026-05-19 10:30:00,18,239,6,2.39,39.8,3.9,2.6,96.9,2.3,18,0,0.0
904,4,2026-05-19 10:30:00,18,308,6,3.08,51.3,11.0,11.6,91.3,7.0,17,1,5.6
905,1,2026-05-19 11:00:00,39,313,12,6.78,56.5,5.1,3.1,96.3,2.3,37,2,5.1
906,2,2026-05-19 11:00:00,30,380,12,6.33,52.8,3.3,2.2,97.9,1.4,28,2,6.7
907,3,2026-05-19 11:00:00,21,266,8,3.1,38.8,1.6,0.8,98.8,0.9,21,0,0.0
908,4,2026-05-19 11:00:00,10,420,5,2.33,46.7,10.3,16.2,91.2,7.5,10,0,0.0
909,1,2026-05-19 11:30:00,25,245,8,3.4,42.5,2.6,1.4,98.2,1.1,25,0,0.0
910,2,2026-05-19 11:30:00,23,430,11,5.49,49.9,2.8,2.2,98.1,1.3,23,0,0.0
911,3,2026-05-19 11:30:00,20,228,8,2.53,31.7,0.5,0.2,99.7,0.2,20,0,0.0
912,4,2026-05-19 11:30:00,14,327,6,2.54,42.4,5.1,4.8,96.1,3.1,14,0,0.0
913,1,2026-05-19 12:00:00,42,327,14,7.63,54.5,2.8,1.4,98.1,1.1,42,0,0.0
914,2,2026-05-19 12:00:00,25,438,11,6.08,55.3,5.4,4.8,96.2,2.7,24,1,4.0
915,3,2026-05-19 12:00:00,27,222,9,3.33,37.0,0.8,0.3,99.5,0.4,26,1,3.7
916,4,2026-05-19 12:00:00,22,324,8,3.96,49.5,5.6,4.5,95.9,3.2,22,0,0.0
917,1,2026-05-19 12:30:00,40,321,14,7.13,51.0,1.6,0.8,98.9,0.6,39,1,2.5
918,2,2026-05-19 12:30:00,28,419,12,6.52,54.3,3.9,3.0,97.3,1.8,28,0,0.0
919,3,2026-05-19 12:30:00,24,205,8,2.73,34.2,0.8,0.3,99.5,0.4,24,0,0.0
920,4,2026-05-19 12:30:00,11,382,5,2.33,46.7,10.3,14.8,91.3,7.3,10,1,9.1
921,1,2026-05-19 13:00:00,35,289,11,5.62,51.1,3.3,1.8,97.8,1.4,35,0,0.0
922,2,2026-05-19 13:00:00,31,420,14,7.23,51.7,1.8,1.1,98.9,0.7,31,0,0.0
923,3,2026-05-19 13:00:00,18,254,8,2.54,31.8,0.5,0.2,99.6,0.3,18,0,0.0
924,4,2026-05-19 13:00:00,15,324,6,2.7,45.0,6.5,6.4,94.9,4.0,13,2,13.3
925,1,2026-05-19 13:30:00,47,287,14,7.49,53.5,2.4,1.1,98.5,0.9,47,0,0.0
926,2,2026-05-19 13:30:00,32,440,14,7.82,55.9,3.3,2.4,97.8,1.5,31,1,3.1
927,3,2026-05-19 13:30:00,20,227,8,2.52,31.5,0.5,0.2,99.7,0.2,20,0,0.0
928,4,2026-05-19 13:30:00,24,358,9,4.77,53.0,6.3,5.4,95.3,3.7,23,1,4.2
929,1,2026-05-19 14:00:00,48,326,15,8.69,58.0,3.7,1.9,97.5,1.5,48,0,0.0
930,2,2026-05-19 14:00:00,30,386,12,6.43,53.6,3.6,2.5,97.7,1.6,28,2,6.7
931,3,2026-05-19 14:00:00,23,266,9,3.4,37.8,0.9,0.4,99.3,0.5,23,0,0.0
932,4,2026-05-19 14:00:00,8,346,4,1.54,38.4,8.0,11.3,93.3,5.6,8,0,0.0
933,1,2026-05-19 14:30:00,43,284,12,6.78,56.5,5.1,2.8,96.4,2.2,42,1,2.3
934,2,2026-05-19 14:30:00,33,432,14,7.92,56.6,3.6,2.6,97.6,1.6,33,0,0.0
935,3,2026-05-19 14:30:00,24,248,9,3.31,36.7,0.8,0.3,99.5,0.4,24,0,0.0
936,4,2026-05-19 14:30:00,12,364,6,2.43,40.4,4.2,4.3,96.7,2.6,12,0,0.0
937,1,2026-05-19 15:00:00,29,317,10,5.11,51.1,4.1,2.7,97.0,1.9,29,0,0.0
938,2,2026-05-19 15:00:00,16,326,6,2.9,48.3,8.7,9.1,93.5,4.7,15,1,6.2
939,3,2026-05-19 15:00:00,14,272,6,2.12,35.3,2.3,1.6,98.1,1.4,14,0,0.0
940,4,2026-05-19 15:00:00,14,306,5,2.38,47.6,11.0,12.9,91.1,7.3,13,1,7.1
941,1,2026-05-19 15:30:00,37,319,12,6.56,54.6,4.1,2.4,97.1,1.8,37,0,0.0
942,2,2026-05-19 15:30:00,13,421,8,3.04,38.0,1.4,1.2,99.0,0.7,13,0,0.0
943,3,2026-05-19 15:30:00,17,265,8,2.5,31.3,0.5,0.2,99.7,0.2,17,0,0.0
944,4,2026-05-19 15:30:00,8,321,4,1.43,35.7,6.4,8.0,94.8,4.3,8,0,0.0
945,1,2026-05-19 16:00:00,27,307,10,4.61,46.1,2.2,1.2,98.5,0.9,24,3,11.1
946,2,2026-05-19 16:00:00,21,423,10,4.93,49.3,3.3,2.8,97.7,1.6,20,1,4.8
947,3,2026-05-19 16:00:00,20,207,6,2.3,38.3,3.3,1.9,97.5,1.8,20,0,0.0
948,4,2026-05-19 16:00:00,11,345,5,2.11,42.2,7.2,8.6,94.1,4.8,9,2,18.2
949,1,2026-05-19 16:30:00,14,321,6,2.5,41.6,4.7,4.3,96.2,2.6,14,0,0.0
950,2,2026-05-19 16:30:00,22,397,10,4.85,48.5,3.0,2.3,98.0,1.4,22,0,0.0
951,3,2026-05-19 16:30:00,15,252,6,2.1,35.0,2.2,1.4,98.2,1.3,15,0,0.0
952,4,2026-05-19 16:30:00,9,376,5,1.88,37.6,4.8,5.7,96.1,3.2,8,1,11.1
953,1,2026-05-19 17:00:00,23,335,9,4.28,47.6,3.5,2.5,97.4,1.7,22,1,4.3
954,2,2026-05-19 17:00:00,19,444,10,4.69,46.9,2.4,2.0,98.3,1.2,19,0,0.0
955,3,2026-05-19 17:00:00,11,244,5,1.49,29.8,2.0,1.4,98.4,1.2,11,0,0.0
956,4,2026-05-19 17:00:00,4,396,4,0.88,22.0,1.3,1.7,98.9,0.9,4,0,0.0
957,1,2026-05-19 17:30:00,14,249,5,1.94,38.7,5.3,4.3,95.8,2.8,14,0,0.0
958,2,2026-05-19 17:30:00,10,399,6,2.22,36.9,2.8,3.0,97.9,1.5,10,0,0.0
959,3,2026-05-19 17:30:00,5,231,4,0.64,16.0,0.4,0.3,99.6,0.3,5,0,0.0
960,4,2026-05-19 17:30:00,6,385,4,1.28,32.1,4.6,6.5,96.2,3.2,6,0,0.0
961,1,2026-05-20 08:00:00,7,304,4,1.18,29.6,3.5,3.8,97.1,2.1,7,0,0.0
962,2,2026-05-20 08:00:00,13,415,8,3.0,37.5,1.3,1.1,99.1,0.6,13,0,0.0
963,3,2026-05-20 08:00:00,8,224,4,1.0,24.9,2.0,1.5,98.4,1.3,8,0,0.0
964,4,2026-05-20 08:00:00,5,333,4,0.92,23.1,1.6,1.7,98.8,1.0,5,0,0.0
965,1,2026-05-20 08:30:00,20,282,8,3.13,39.2,1.6,1.0,98.8,0.7,20,0,0.0
966,2,2026-05-20 08:30:00,11,416,6,2.54,42.4,5.1,6.1,96.0,2.9,11,0,0.0
967,3,2026-05-20 08:30:00,13,220,5,1.59,31.8,2.5,1.6,98.0,1.5,13,0,0.0
968,4,2026-05-20 08:30:00,6,342,4,1.14,28.5,3.1,3.8,97.5,2.1,6,0,0.0
969,1,2026-05-20 09:00:00,15,297,6,2.48,41.2,4.5,3.8,96.4,2.4,15,0,0.0
970,2,2026-05-20 09:00:00,11,429,6,2.62,43.7,5.8,7.3,95.4,3.4,11,0,0.0
971,3,2026-05-20 09:00:00,9,273,5,1.36,27.3,1.4,1.0,98.9,0.9,9,0,0.0
972,4,2026-05-20 09:00:00,7,343,4,1.33,33.3,5.2,6.7,95.7,3.5,7,0,0.0
973,1,2026-05-20 09:30:00,29,339,11,5.46,49.7,2.7,1.7,98.0,1.2,28,1,3.4
974,2,2026-05-20 09:30:00,23,374,10,4.78,47.8,2.7,2.0,98.2,1.2,23,0,0.0
975,3,2026-05-20 09:30:00,21,274,9,3.2,35.5,0.6,0.3,99.6,0.3,21,0,0.0
976,4,2026-05-20 09:30:00,14,378,6,2.94,49.0,9.2,11.3,92.5,6.2,14,0,0.0
977,1,2026-05-20 10:00:00,24,253,8,3.37,42.2,2.5,1.3,98.3,1.0,24,0,0.0
978,2,2026-05-20 10:00:00,15,435,8,3.62,45.3,3.6,3.6,97.3,1.9,15,0,0.0
979,3,2026-05-20 10:00:00,20,269,8,2.99,37.4,1.3,0.7,99.0,0.7,19,1,5.0
980,4,2026-05-20 10:00:00,8,367,5,1.63,32.6,2.8,3.0,97.8,1.8,8,0,0.0
981,1,2026-05-20 10:30:00,32,347,11,6.17,56.1,5.8,4.2,95.6,2.9,31,1,3.1
982,2,2026-05-20 10:30:00,21,429,10,5.0,50.0,3.6,3.1,97.4,1.8,19,2,9.5
983,3,2026-05-20 10:30:00,25,223,8,3.1,38.7,1.5,0.7,98.9,0.8,25,0,0.0
984,4,2026-05-20 10:30:00,11,387,5,2.37,47.3,10.8,15.9,90.9,7.7,9,2,18.2
985,1,2026-05-20 11:00:00,33,329,11,6.03,54.8,5.1,3.4,96.2,2.4,31,2,6.1
986,2,2026-05-20 11:00:00,24,457,11,6.09,55.4,5.4,5.0,96.1,2.8,23,1,4.2
987,3,2026-05-20 11:00:00,22,225,8,2.75,34.4,0.8,0.3,99.4,0.4,22,0,0.0
988,4,2026-05-20 11:00:00,7,301,4,1.17,29.3,3.4,3.6,97.3,2.2,7,0,0.0
989,1,2026-05-20 11:30:00,39,273,11,5.92,53.8,4.5,2.4,96.9,1.9,39,0,0.0
990,2,2026-05-20 11:30:00,35,438,15,8.52,56.8,3.2,2.1,98.0,1.4,32,3,8.6
991,3,2026-05-20 11:30:00,21,252,8,2.94,36.8,1.2,0.6,99.1,0.6,21,0,0.0
992,4,2026-05-20 11:30:00,15,318,6,2.65,44.2,6.0,5.7,95.4,3.7,15,0,0.0
993,1,2026-05-20 12:00:00,40,294,12,6.53,54.4,4.0,2.2,97.2,1.7,38,2,5.0
994,2,2026-05-20 12:00:00,27,415,11,6.22,56.6,6.2,5.3,95.6,3.0,26,1,3.7
995,3,2026-05-20 12:00:00,26,282,10,4.07,40.7,1.0,0.5,99.3,0.5,26,0,0.0
996,4,2026-05-20 12:00:00,13,406,6,2.93,48.9,9.1,12.0,92.5,6.2,12,1,7.7
997,1,2026-05-20 12:30:00,33,292,10,5.35,53.5,5.4,3.4,96.1,2.5,33,0,0.0
998,2,2026-05-20 12:30:00,32,412,14,7.32,52.3,2.0,1.2,98.8,0.8,32,0,0.0
999,3,2026-05-20 12:30:00,26,243,9,3.51,39.0,1.1,0.5,99.2,0.5,26,0,0.0
1000,4,2026-05-20 12:30:00,10,381,5,2.12,42.3,7.3,9.7,93.9,5.0,10,0,0.0
1001,1,2026-05-20 13:00:00,53,297,15,8.74,58.3,3.9,1.8,97.4,1.5,53,0,0.0
1002,2,2026-05-20 13:00:00,29,405,12,6.52,54.4,4.0,2.9,97.3,1.8,29,0,0.0
1003,3,2026-05-20 13:00:00,25,242,9,3.36,37.3,0.8,0.4,99.4,0.4,25,0,0.0
1004,4,2026-05-20 13:00:00,14,314,6,2.44,40.7,4.3,3.8,96.8,2.6,13,1,7.1
1005,1,2026-05-20 13:30:00,32,301,10,5.35,53.5,5.4,3.5,96.1,2.5,31,1,3.1
1006,2,2026-05-20 13:30:00,28,510,14,7.93,56.7,3.7,3.1,97.4,1.8,27,1,3.6
1007,3,2026-05-20 13:30:00,22,253,8,3.09,38.7,1.5,0.8,98.9,0.8,22,0,0.0
1008,4,2026-05-20 13:30:00,13,352,6,2.54,42.4,5.1,5.2,96.0,3.2,12,1,7.7
1009,1,2026-05-20 14:00:00,30,248,9,4.13,45.9,2.9,1.5,98.1,1.2,27,3,10.0
1010,2,2026-05-20 14:00:00,21,398,10,4.64,46.4,2.3,1.7,98.5,1.0,21,0,0.0
1011,3,2026-05-20 14:00:00,26,246,9,3.55,39.5,1.2,0.5,99.2,0.6,26,0,0.0
1012,4,2026-05-20 14:00:00,19,397,9,4.19,46.6,3.1,2.6,97.7,1.8,19,0,0.0
1013,1,2026-05-20 14:30:00,38,358,14,7.56,54.0,2.6,1.4,98.2,1.1,38,0,0.0
1014,2,2026-05-20 14:30:00,28,376,11,5.85,53.2,4.2,3.1,97.2,1.9,28,0,0.0
1015,3,2026-05-20 14:30:00,15,227,6,1.89,31.5,1.4,0.8,98.9,0.8,15,0,0.0
1016,4,2026-05-20 14:30:00,10,349,5,1.94,38.8,5.3,6.1,95.7,3.5,9,1,10.0
1017,1,2026-05-20 15:00:00,27,313,10,4.7,47.0,2.5,1.5,98.2,1.1,27,0,0.0
1018,2,2026-05-20 15:00:00,22,454,11,5.55,50.4,3.0,2.5,97.9,1.4,22,0,0.0
1019,3,2026-05-20 15:00:00,14,261,6,2.03,33.8,1.9,1.3,98.5,1.1,14,0,0.0
1020,4,2026-05-20 15:00:00,10,342,5,1.9,38.0,4.9,5.5,96.1,3.2,9,1,10.0
1021,1,2026-05-20 15:30:00,34,277,10,5.23,52.3,4.7,2.7,96.7,2.1,34,0,0.0
1022,2,2026-05-20 15:30:00,21,451,10,5.26,52.6,4.9,4.6,96.4,2.5,21,0,0.0
1023,3,2026-05-20 15:30:00,17,239,6,2.26,37.6,3.1,2.0,97.6,1.8,17,0,0.0
1024,4,2026-05-20 15:30:00,9,335,5,1.68,33.5,3.1,3.1,97.6,1.9,9,0,0.0
1025,1,2026-05-20 16:00:00,23,267,8,3.41,42.6,2.6,1.5,98.1,1.1,22,1,4.3
1026,2,2026-05-20 16:00:00,16,398,8,3.54,44.2,3.2,2.8,97.7,1.6,16,0,0.0
1027,3,2026-05-20 16:00:00,11,251,5,1.53,30.7,2.2,1.6,98.2,1.4,11,0,0.0
1028,4,2026-05-20 16:00:00,12,388,6,2.59,43.1,5.5,6.2,95.6,3.6,12,0,0.0
1029,1,2026-05-20 16:30:00,17,290,6,2.74,45.6,6.9,6.1,94.5,3.7,17,0,0.0
1030,2,2026-05-20 16:30:00,16,410,8,3.64,45.6,3.7,3.5,97.3,1.9,16,0,0.0
1031,3,2026-05-20 16:30:00,14,246,6,1.91,31.9,1.5,0.9,98.9,0.8,14,0,0.0
1032,4,2026-05-20 16:30:00,11,401,6,2.45,40.8,4.4,4.9,96.5,2.8,11,0,0.0
1033,1,2026-05-20 17:00:00,18,296,6,2.96,49.3,9.4,9.2,92.3,5.3,16,2,11.1
1034,2,2026-05-20 17:00:00,12,460,8,3.07,38.3,1.5,1.4,98.9,0.7,12,0,0.0
1035,3,2026-05-20 17:00:00,17,223,6,2.11,35.1,2.3,1.3,98.3,1.3,17,0,0.0
1036,4,2026-05-20 17:00:00,10,360,5,2.0,40.0,6.0,7.2,95.2,4.0,9,1,10.0
1037,1,2026-05-20 17:30:00,14,301,6,2.34,39.0,3.6,3.0,97.2,1.9,14,0,0.0
1038,2,2026-05-20 17:30:00,16,411,8,3.65,45.7,3.7,3.5,97.3,1.9,16,0,0.0
1039,3,2026-05-20 17:30:00,8,259,5,1.15,23.0,0.7,0.5,99.4,0.4,8,0,0.0
1040,4,2026-05-20 17:30:00,2,386,3,0.43,14.3,1.0,1.5,99.2,0.7,2,0,0.0
1041,1,2026-05-21 08:00:00,12,263,5,1.75,35.1,3.7,3.0,97.1,1.9,12,0,0.0
1042,2,2026-05-21 08:00:00,10,396,5,2.2,44.0,8.4,11.9,93.2,5.1,9,1,10.0
1043,3,2026-05-21 08:00:00,7,259,4,1.01,25.2,2.1,1.8,98.2,1.4,7,0,0.0
1044,4,2026-05-21 08:00:00,2,326,3,0.36,12.1,0.6,0.8,99.5,0.4,2,0,0.0
1045,1,2026-05-21 08:30:00,18,268,6,2.68,44.7,6.3,5.1,95.1,3.3,16,2,11.1
1046,2,2026-05-21 08:30:00,23,422,10,5.39,53.9,5.6,5.1,96.0,2.8,22,1,4.3
1047,3,2026-05-21 08:30:00,8,224,4,1.0,24.9,2.0,1.5,98.4,1.3,8,0,0.0
1048,4,2026-05-21 08:30:00,8,345,4,1.53,38.3,8.0,11.2,93.3,5.6,8,0,0.0
1049,1,2026-05-21 09:00:00,20,272,8,3.02,37.8,1.3,0.7,99.1,0.6,20,0,0.0
1050,2,2026-05-21 09:00:00,13,395,6,2.85,47.5,8.1,10.2,93.6,4.7,13,0,0.0
1051,3,2026-05-21 09:00:00,13,233,5,1.68,33.7,3.1,2.2,97.5,1.9,13,0,0.0
1052,4,2026-05-21 09:00:00,7,329,4,1.28,32.0,4.5,5.5,96.3,3.0,6,1,14.3
1053,1,2026-05-21 09:30:00,19,296,8,3.12,39.1,1.6,1.0,98.8,0.7,19,0,0.0
1054,2,2026-05-21 09:30:00,16,442,9,3.93,43.7,2.1,1.9,98.5,1.1,16,0,0.0
1055,3,2026-05-21 09:30:00,17,242,6,2.29,38.1,3.2,2.1,97.4,1.9,17,0,0.0
1056,4,2026-05-21 09:30:00,6,325,4,1.08,27.1,2.7,3.0,97.9,1.7,6,0,0.0
1057,1,2026-05-21 10:00:00,38,262,11,5.53,50.3,2.9,1.4,98.1,1.1,38,0,0.0
1058,2,2026-05-21 10:00:00,27,436,12,6.54,54.5,4.0,3.2,97.2,1.9,27,0,0.0
1059,3,2026-05-21 10:00:00,19,252,8,2.66,33.2,0.7,0.3,99.5,0.3,19,0,0.0
1060,4,2026-05-21 10:00:00,11,345,5,2.11,42.2,7.2,8.6,94.1,4.8,11,0,0.0
1061,1,2026-05-21 10:30:00,26,304,9,4.39,48.8,4.0,2.7,97.0,1.9,26,0,0.0
1062,2,2026-05-21 10:30:00,38,391,15,8.25,55.0,2.5,1.4,98.5,1.0,38,0,0.0
1063,3,2026-05-21 10:30:00,16,231,6,2.05,34.2,2.0,1.2,98.4,1.1,16,0,0.0
1064,4,2026-05-21 10:30:00,12,347,5,2.31,46.3,10.0,12.9,91.8,6.8,12,0,0.0
1065,1,2026-05-21 11:00:00,37,333,12,6.84,57.0,5.4,3.5,96.0,2.5,37,0,0.0
1066,2,2026-05-21 11:00:00,24,440,11,5.87,53.3,4.3,3.7,97.0,2.1,23,1,4.2
1067,3,2026-05-21 11:00:00,21,216,8,2.52,31.5,0.5,0.2,99.7,0.2,21,0,0.0
1068,4,2026-05-21 11:00:00,23,349,9,4.46,49.5,4.4,3.4,96.8,2.5,22,1,4.3
1069,1,2026-05-21 11:30:00,44,346,15,8.46,56.4,3.0,1.6,97.9,1.2,44,0,0.0
1070,2,2026-05-21 11:30:00,35,367,12,7.14,59.5,7.1,5.3,95.3,3.2,34,1,2.9
1071,3,2026-05-21 11:30:00,16,235,6,2.09,34.8,2.2,1.3,98.3,1.3,16,0,0.0
1072,4,2026-05-21 11:30:00,11,358,5,2.19,43.8,8.2,10.5,93.2,5.6,8,3,27.3
1073,1,2026-05-21 12:00:00,38,308,12,6.5,54.2,3.9,2.2,97.3,1.7,37,1,2.6
1074,2,2026-05-21 12:00:00,22,405,10,4.95,49.5,3.4,2.7,97.7,1.6,22,0,0.0
1075,3,2026-05-21 12:00:00,22,244,8,2.98,37.3,1.3,0.6,99.1,0.7,22,0,0.0
1076,4,2026-05-21 12:00:00,12,382,6,2.55,42.4,5.1,5.7,95.9,3.3,11,1,8.3
1077,1,2026-05-21 12:30:00,39,292,12,6.33,52.7,3.2,1.7,97.8,1.3,39,0,0.0
1078,2,2026-05-21 12:30:00,38,430,16,9.08,56.7,2.7,1.7,98.4,1.1,38,0,0.0
1079,3,2026-05-21 12:30:00,12,243,5,1.62,32.4,2.7,2.0,97.8,1.7,12,0,0.0
1080,4,2026-05-21 12:30:00,18,383,8,3.83,47.9,4.8,4.4,96.4,2.9,17,1,5.6
1081,1,2026-05-21 13:00:00,49,270,14,7.35,52.5,2.1,0.8,98.7,0.7,48,1,2.0
1082,2,2026-05-21 13:00:00,21,365,9,4.26,47.3,3.4,2.6,97.7,1.6,21,0,0.0
1083,3,2026-05-21 13:00:00,24,229,8,3.05,38.2,1.4,0.7,99.0,0.7,24,0,0.0
1084,4,2026-05-21 13:00:00,10,359,5,1.99,39.9,5.9,7.1,95.2,3.9,10,0,0.0
1085,1,2026-05-21 13:30:00,45,341,15,8.52,56.8,3.2,1.7,97.8,1.3,45,0,0.0
1086,2,2026-05-21 13:30:00,25,336,10,4.67,46.7,2.4,1.5,98.5,1.0,25,0,0.0
1087,3,2026-05-21 13:30:00,27,210,8,3.15,39.4,1.7,0.7,98.8,0.8,26,1,3.7
1088,4,2026-05-21 13:30:00,12,345,5,2.3,46.0,9.8,12.5,91.9,6.7,12,0,0.0
1089,1,2026-05-21 14:00:00,52,337,17,9.74,57.3,2.5,1.1,98.4,0.9,51,1,1.9
1090,2,2026-05-21 14:00:00,35,465,16,9.04,56.5,2.6,1.7,98.3,1.1,34,1,2.9
1091,3,2026-05-21 14:00:00,22,255,8,3.12,39.0,1.6,0.8,98.8,0.9,22,0,0.0
1092,4,2026-05-21 14:00:00,16,404,8,3.59,44.9,3.4,3.1,97.4,2.1,16,0,0.0
1093,1,2026-05-21 14:30:00,30,308,10,5.13,51.3,4.2,2.7,96.9,1.9,29,1,3.3
1094,2,2026-05-21 14:30:00,27,378,11,5.67,51.5,3.5,2.5,97.7,1.5,27,0,0.0
1095,3,2026-05-21 14:30:00,29,237,9,3.82,42.4,1.8,0.8,98.7,0.9,29,0,0.0
1096,4,2026-05-21 14:30:00,15,339,6,2.82,47.1,7.8,8.3,93.8,5.0,14,1,6.7
1097,1,2026-05-21 15:00:00,26,282,9,4.07,45.3,2.6,1.5,98.1,1.1,25,1,3.8
1098,2,2026-05-21 15:00:00,29,450,14,7.25,51.8,1.9,1.2,98.8,0.8,29,0,0.0
1099,3,2026-05-21 15:00:00,20,264,8,2.93,36.7,1.1,0.6,99.1,0.6,20,0,0.0
1100,4,2026-05-21 15:00:00,16,310,6,2.76,45.9,7.1,6.8,94.6,4.3,16,0,0.0
1101,1,2026-05-21 15:30:00,31,324,11,5.58,50.7,3.1,1.9,97.8,1.4,30,1,3.2
1102,2,2026-05-21 15:30:00,24,405,10,5.4,54.0,5.7,5.0,96.0,2.8,24,0,0.0
1103,3,2026-05-21 15:30:00,13,236,5,1.7,34.1,3.3,2.4,97.3,2.0,13,0,0.0
1104,4,2026-05-21 15:30:00,10,387,5,2.15,43.0,7.7,10.5,93.6,5.4,10,0,0.0
1105,1,2026-05-21 16:00:00,34,287,10,5.42,54.2,5.8,3.6,95.8,2.6,34,0,0.0
1106,2,2026-05-21 16:00:00,21,405,10,4.72,47.2,2.6,2.0,98.3,1.2,21,0,0.0
1107,3,2026-05-21 16:00:00,25,213,8,2.96,37.0,1.2,0.5,99.2,0.6,25,0,0.0
1108,4,2026-05-21 16:00:00,9,387,5,1.94,38.7,5.3,6.7,95.7,3.6,8,1,11.1
1109,1,2026-05-21 16:30:00,21,303,8,3.54,44.2,3.1,2.1,97.7,1.5,21,0,0.0
1110,2,2026-05-21 16:30:00,16,387,8,3.44,43.0,2.7,2.3,98.1,1.3,16,0,0.0
1111,3,2026-05-21 16:30:00,14,254,6,1.98,32.9,1.7,1.1,98.7,1.0,14,0,0.0
1112,4,2026-05-21 16:30:00,8,355,4,1.58,39.4,8.7,12.7,92.7,6.2,6,2,25.0
1113,1,2026-05-21 17:00:00,16,308,6,2.74,45.6,6.9,6.5,94.4,3.8,16,0,0.0
1114,2,2026-05-21 17:00:00,6,367,4,1.22,30.6,3.9,5.2,96.9,2.3,6,0,0.0
1115,3,2026-05-21 17:00:00,15,269,6,2.24,37.4,3.0,2.1,97.6,1.8,15,0,0.0
1116,4,2026-05-21 17:00:00,6,375,4,1.25,31.2,4.2,5.8,96.5,2.9,6,0,0.0
1117,1,2026-05-21 17:30:00,9,315,5,1.58,31.5,2.4,2.2,98.0,1.3,9,0,0.0
1118,2,2026-05-21 17:30:00,8,427,5,1.9,38.0,4.9,6.8,96.0,3.0,8,0,0.0
1119,3,2026-05-21 17:30:00,10,229,5,1.27,25.4,1.0,0.6,99.2,0.6,10,0,0.0
1120,4,2026-05-21 17:30:00,5,396,4,1.1,27.5,2.8,3.8,97.7,1.9,5,0,0.0
1121,1,2026-05-22 08:00:00,11,274,5,1.67,33.5,3.1,2.5,97.6,1.6,10,1,9.1
1122,2,2026-05-22 08:00:00,8,455,5,2.02,40.4,6.2,9.5,94.9,3.9,8,0,0.0
1123,3,2026-05-22 08:00:00,14,218,5,1.7,33.9,3.2,2.1,97.4,1.9,14,0,0.0
1124,4,2026-05-22 08:00:00,3,334,3,0.56,18.6,2.0,2.8,98.3,1.4,3,0,0.0
1125,1,2026-05-22 08:30:00,19,311,8,3.28,41.0,2.1,1.4,98.4,1.0,19,0,0.0
1126,2,2026-05-22 08:30:00,21,403,10,4.7,47.0,2.5,1.9,98.3,1.1,21,0,0.0
1127,3,2026-05-22 08:30:00,8,246,5,1.09,21.9,0.6,0.4,99.6,0.3,8,0,0.0
1128,4,2026-05-22 08:30:00,9,370,5,1.85,37.0,4.5,5.3,96.4,3.0,9,0,0.0
1129,1,2026-05-22 09:00:00,25,277,9,3.85,42.7,1.9,1.0,98.7,0.8,25,0,0.0
1130,2,2026-05-22 09:00:00,12,430,6,2.87,47.8,8.3,11.4,93.3,5.0,12,0,0.0
1131,3,2026-05-22 09:00:00,16,245,6,2.18,36.3,2.6,1.7,97.9,1.5,16,0,0.0
1132,4,2026-05-22 09:00:00,6,344,4,1.15,28.7,3.2,3.9,97.4,2.1,6,0,0.0
1133,1,2026-05-22 09:30:00,35,338,12,6.57,54.8,4.2,2.6,97.0,1.9,34,1,2.9
1134,2,2026-05-22 09:30:00,16,390,8,3.47,43.3,2.8,2.4,98.0,1.4,14,2,12.5
1135,3,2026-05-22 09:30:00,25,227,8,3.15,39.4,1.7,0.8,98.8,0.9,25,0,0.0
1136,4,2026-05-22 09:30:00,14,407,6,3.17,52.8,12.2,17.5,89.8,8.6,13,1,7.1
1137,1,2026-05-22 10:00:00,35,320,11,6.22,56.6,6.1,4.1,95.4,2.9,33,2,5.7
1138,2,2026-05-22 10:00:00,12,388,6,2.59,43.1,5.5,6.2,95.8,3.1,12,0,0.0
1139,3,2026-05-22 10:00:00,16,233,6,2.07,34.5,2.1,1.2,98.4,1.2,15,1,6.2
1140,4,2026-05-22 10:00:00,18,371,8,3.71,46.4,4.0,3.5,97.0,2.4,18,0,0.0
1141,1,2026-05-22 10:30:00,35,329,12,6.4,53.3,3.5,2.0,97.5,1.5,35,0,0.0
1142,2,2026-05-22 10:30:00,36,401,14,8.02,57.3,4.0,2.7,97.4,1.7,34,2,5.6
1143,3,2026-05-22 10:30:00,15,229,6,1.91,31.8,1.5,0.8,98.9,0.8,15,0,0.0
1144,4,2026-05-22 10:30:00,15,367,6,3.06,51.0,10.7,13.3,91.3,7.2,13,2,13.3
1145,1,2026-05-22 11:00:00,44,306,14,7.48,53.4,2.4,1.1,98.4,0.9,44,0,0.0
1146,2,2026-05-22 11:00:00,19,474,10,5.0,50.0,3.6,3.4,97.4,1.9,17,2,10.5
1147,3,2026-05-22 11:00:00,13,273,6,1.97,32.9,1.7,1.1,98.6,1.0,13,0,0.0
1148,4,2026-05-22 11:00:00,21,362,9,4.22,46.9,3.2,2.5,97.7,1.8,21,0,0.0
1149,1,2026-05-22 11:30:00,44,287,12,7.02,58.5,6.4,3.7,95.5,2.8,43,1,2.3
1150,2,2026-05-22 11:30:00,25,397,11,5.51,50.1,2.9,2.1,98.1,1.3,25,0,0.0
1151,3,2026-05-22 11:30:00,28,276,10,4.29,42.9,1.4,0.7,99.0,0.7,28,0,0.0
1152,4,2026-05-22 11:30:00,21,327,8,3.82,47.7,4.7,3.6,96.6,2.6,21,0,0.0
1153,1,2026-05-22 12:00:00,48,279,14,7.44,53.1,2.3,1.0,98.6,0.8,47,1,2.1
1154,2,2026-05-22 12:00:00,33,419,14,7.68,54.9,2.9,1.9,98.1,1.2,33,0,0.0
1155,3,2026-05-22 12:00:00,16,244,6,2.17,36.1,2.6,1.6,98.0,1.5,15,1,6.2
1156,4,2026-05-22 12:00:00,17,337,6,3.18,53.0,12.5,14.9,89.9,8.3,17,0,0.0
1157,1,2026-05-22 12:30:00,35,326,12,6.34,52.8,3.3,1.9,97.7,1.4,34,1,2.9
1158,2,2026-05-22 12:30:00,21,480,11,5.6,50.9,3.2,2.8,97.7,1.6,21,0,0.0
1159,3,2026-05-22 12:30:00,21,242,8,2.82,35.3,0.9,0.4,99.3,0.5,21,0,0.0
1160,4,2026-05-22 12:30:00,14,355,6,2.76,46.0,7.1,7.8,94.3,4.6,13,1,7.1
1161,1,2026-05-22 13:00:00,36,327,12,6.54,54.5,4.0,2.4,97.1,1.8,36,0,0.0
1162,2,2026-05-22 13:00:00,22,410,10,5.01,50.1,3.7,3.0,97.5,1.7,22,0,0.0
1163,3,2026-05-22 13:00:00,32,222,10,3.95,39.5,0.8,0.3,99.5,0.4,32,0,0.0
1164,4,2026-05-22 13:00:00,13,294,5,2.12,42.5,7.4,7.6,94.2,4.7,13,0,0.0
1165,1,2026-05-22 13:30:00,43,270,12,6.45,53.8,3.7,1.8,97.6,1.4,43,0,0.0
1166,2,2026-05-22 13:30:00,31,427,14,7.35,52.5,2.1,1.3,98.7,0.9,31,0,0.0
1167,3,2026-05-22 13:30:00,27,250,9,3.75,41.7,1.6,0.8,98.8,0.8,27,0,0.0
1168,4,2026-05-22 13:30:00,19,355,8,3.75,46.8,4.3,3.6,96.8,2.5,18,1,5.3
1169,1,2026-05-22 14:00:00,41,331,14,7.54,53.9,2.5,1.3,98.3,1.0,39,2,4.9
1170,2,2026-05-22 14:00:00,21,422,10,4.92,49.2,3.3,2.7,97.7,1.6,21,0,0.0
1171,3,2026-05-22 14:00:00,21,239,8,2.79,34.9,0.9,0.4,99.4,0.4,21,0,0.0
1172,4,2026-05-22 14:00:00,18,384,8,3.84,48.0,4.8,4.4,96.3,2.9,18,0,0.0
1173,1,2026-05-22 14:30:00,27,313,10,4.7,47.0,2.5,1.5,98.2,1.1,27,0,0.0
1174,2,2026-05-22 14:30:00,30,450,14,7.5,53.6,2.4,1.7,98.4,1.1,29,1,3.3
1175,3,2026-05-22 14:30:00,19,255,8,2.69,33.6,0.7,0.3,99.5,0.4,19,0,0.0
1176,4,2026-05-22 14:30:00,11,335,5,2.05,40.9,6.5,7.4,94.8,4.2,8,3,27.3
1177,1,2026-05-22 15:00:00,26,302,9,4.36,48.5,3.9,2.5,97.1,1.8,26,0,0.0
1178,2,2026-05-22 15:00:00,25,411,11,5.71,51.9,3.6,2.8,97.5,1.7,25,0,0.0
1179,3,2026-05-22 15:00:00,20,220,8,2.44,30.6,0.4,0.2,99.7,0.2,20,0,0.0
1180,4,2026-05-22 15:00:00,9,374,5,1.87,37.4,4.7,5.6,96.2,3.1,9,0,0.0
1181,1,2026-05-22 15:30:00,22,318,9,3.89,43.2,2.0,1.2,98.5,0.9,22,0,0.0
1182,2,2026-05-22 15:30:00,21,446,10,5.2,52.0,4.6,4.2,96.7,2.3,21,0,0.0
1183,3,2026-05-22 15:30:00,19,269,8,2.84,35.5,0.9,0.5,99.3,0.5,19,0,0.0
1184,4,2026-05-22 15:30:00,8,410,5,1.82,36.4,4.2,5.5,96.5,2.9,7,1,12.5
1185,1,2026-05-22 16:00:00,22,318,9,3.89,43.2,2.0,1.2,98.5,0.9,22,0,0.0
1186,2,2026-05-22 16:00:00,23,425,10,5.43,54.3,5.8,5.4,95.8,3.0,23,0,0.0
1187,3,2026-05-22 16:00:00,19,265,8,2.8,35.0,0.9,0.4,99.4,0.5,19,0,0.0
1188,4,2026-05-22 16:00:00,8,346,4,1.54,38.4,8.0,11.3,93.3,5.6,8,0,0.0
1189,1,2026-05-22 16:30:00,21,337,9,3.93,43.7,2.1,1.4,98.4,1.0,21,0,0.0
1190,2,2026-05-22 16:30:00,12,487,8,3.25,40.6,2.0,2.1,98.5,1.1,12,0,0.0
1191,3,2026-05-22 16:30:00,11,239,5,1.46,29.2,1.8,1.2,98.5,1.1,11,0,0.0
1192,4,2026-05-22 16:30:00,7,398,4,1.55,38.7,8.2,13.3,93.0,6.0,5,2,28.6
1193,1,2026-05-22 17:00:00,15,325,6,2.71,45.1,6.6,6.5,94.6,3.7,15,0,0.0
1194,2,2026-05-22 17:00:00,13,455,8,3.29,41.1,2.1,2.1,98.4,1.1,13,0,0.0
1195,3,2026-05-22 17:00:00,4,274,4,0.61,15.2,0.4,0.3,99.7,0.2,4,0,0.0
1196,4,2026-05-22 17:00:00,4,361,3,0.8,26.7,5.2,8.6,95.5,3.8,4,0,0.0
1197,1,2026-05-22 17:30:00,15,301,6,2.51,41.8,4.8,4.1,96.2,2.6,15,0,0.0
1198,2,2026-05-22 17:30:00,8,416,5,1.85,37.0,4.5,5.9,96.4,2.7,7,1,12.5
1199,3,2026-05-22 17:30:00,3,226,3,0.38,12.6,0.7,0.6,99.4,0.5,3,0,0.0
1200,4,2026-05-22 17:30:00,4,358,3,0.8,26.5,5.1,8.3,95.6,3.7,4,0,0.0
1201,1,2026-05-25 08:00:00,12,278,5,1.85,37.1,4.5,4.0,96.4,2.4,11,1,8.3
1202,2,2026-05-25 08:00:00,7,450,5,1.75,35.0,3.6,5.0,97.1,2.2,6,1,14.3
1203,3,2026-05-25 08:00:00,7,223,4,0.87,21.7,1.3,0.9,99.0,0.8,7,0,0.0
1204,4,2026-05-25 08:00:00,7,350,4,1.36,34.0,5.5,7.3,95.4,3.8,7,0,0.0
1205,1,2026-05-25 08:30:00,15,324,6,2.7,45.0,6.5,6.4,94.7,3.7,14,1,6.7
1206,2,2026-05-25 08:30:00,9,471,6,2.36,39.2,3.7,4.8,97.1,2.2,9,0,0.0
1207,3,2026-05-25 08:30:00,7,218,4,0.85,21.2,1.2,0.8,99.1,0.7,7,0,0.0
1208,4,2026-05-25 08:30:00,4,357,3,0.79,26.4,5.1,8.2,95.6,3.7,4,0,0.0
1209,1,2026-05-25 09:00:00,20,246,6,2.73,45.6,6.8,5.2,94.7,3.4,20,0,0.0
1210,2,2026-05-25 09:00:00,26,400,11,5.78,52.5,3.9,3.0,97.4,1.8,26,0,0.0
1211,3,2026-05-25 09:00:00,17,241,6,2.28,37.9,3.2,2.1,97.5,1.9,17,0,0.0
1212,4,2026-05-25 09:00:00,9,354,5,1.77,35.4,3.8,4.2,97.0,2.5,9,0,0.0
1213,1,2026-05-25 09:30:00,24,293,9,3.91,43.4,2.1,1.2,98.5,0.9,23,1,4.2
1214,2,2026-05-25 09:30:00,14,466,8,3.62,45.3,3.6,3.8,97.3,1.9,14,0,0.0
1215,3,2026-05-25 09:30:00,16,265,6,2.36,39.3,3.7,2.7,97.0,2.3,15,1,6.2
1216,4,2026-05-25 09:30:00,8,311,4,1.38,34.6,5.8,6.9,95.3,3.9,8,0,0.0
1217,1,2026-05-25 10:00:00,33,274,10,5.02,50.2,3.7,2.0,97.4,1.6,32,1,3.0
1218,2,2026-05-25 10:00:00,31,359,11,6.18,56.2,5.9,4.4,96.0,2.7,30,1,3.2
1219,3,2026-05-25 10:00:00,20,262,8,2.91,36.4,1.1,0.6,99.2,0.6,20,0,0.0
1220,4,2026-05-25 10:00:00,16,324,6,2.88,48.0,8.4,8.8,93.4,5.4,14,2,12.5
1221,1,2026-05-25 10:30:00,36,292,11,5.84,53.1,4.2,2.4,97.1,1.8,36,0,0.0
1222,2,2026-05-25 10:30:00,23,476,11,6.08,55.3,5.3,5.2,96.1,2.8,23,0,0.0
1223,3,2026-05-25 10:30:00,20,234,8,2.6,32.5,0.6,0.2,99.6,0.3,20,0,0.0
1224,4,2026-05-25 10:30:00,20,308,8,3.42,42.8,2.7,1.8,98.2,1.4,20,0,0.0
1225,1,2026-05-25 11:00:00,43,295,12,7.05,58.7,6.5,3.9,95.3,2.9,41,2,4.7
1226,2,2026-05-25 11:00:00,19,412,9,4.35,48.3,3.8,3.4,97.3,1.9,18,1,5.3
1227,3,2026-05-25 11:00:00,26,209,8,3.02,37.7,1.3,0.6,99.1,0.6,25,1,3.8
1228,4,2026-05-25 11:00:00,17,345,8,3.26,40.7,2.0,1.5,98.6,1.1,17,0,0.0
1229,1,2026-05-25 11:30:00,50,294,15,8.17,54.4,2.3,1.0,98.6,0.8,50,0,0.0
1230,2,2026-05-25 11:30:00,23,404,10,5.16,51.6,4.4,3.6,97.0,2.1,23,0,0.0
1231,3,2026-05-25 11:30:00,23,262,9,3.35,37.2,0.8,0.4,99.4,0.4,23,0,0.0
1232,4,2026-05-25 11:30:00,15,367,6,3.06,51.0,10.7,13.3,91.3,7.2,14,1,6.7
1233,1,2026-05-25 12:00:00,43,269,12,6.43,53.6,3.6,1.7,97.6,1.4,43,0,0.0
1234,2,2026-05-25 12:00:00,31,408,12,7.03,58.6,6.4,5.3,95.6,3.1,30,1,3.2
1235,3,2026-05-25 12:00:00,21,242,8,2.82,35.3,0.9,0.4,99.3,0.5,20,1,4.8
1236,4,2026-05-25 12:00:00,13,342,6,2.47,41.2,4.5,4.4,96.5,2.8,12,1,7.7
1237,1,2026-05-25 12:30:00,43,288,12,6.88,57.3,5.6,3.2,96.1,2.4,43,0,0.0
1238,2,2026-05-25 12:30:00,27,413,11,6.2,56.3,6.0,5.1,95.8,2.9,25,2,7.4
1239,3,2026-05-25 12:30:00,22,267,9,3.26,36.3,0.7,0.3,99.5,0.4,22,0,0.0
1240,4,2026-05-25 12:30:00,13,361,6,2.61,43.5,5.6,6.0,95.5,3.6,13,0,0.0
1241,1,2026-05-25 13:00:00,43,341,15,8.15,54.3,2.2,1.1,98.5,0.9,43,0,0.0
1242,2,2026-05-25 13:00:00,25,405,11,5.62,51.1,3.3,2.5,97.8,1.5,25,0,0.0
1243,3,2026-05-25 13:00:00,25,216,8,3.0,37.5,1.3,0.6,99.1,0.6,25,0,0.0
1244,4,2026-05-25 13:00:00,13,391,6,2.82,47.1,7.8,9.6,93.6,5.2,10,3,23.1
1245,1,2026-05-25 13:30:00,36,271,10,5.42,54.2,5.8,3.4,95.9,2.5,34,2,5.6
1246,2,2026-05-25 13:30:00,27,351,10,5.26,52.6,4.9,3.6,96.7,2.2,27,0,0.0
1247,3,2026-05-25 13:30:00,23,277,9,3.54,39.3,1.1,0.6,99.1,0.6,23,0,0.0
1248,4,2026-05-25 13:30:00,10,366,5,2.03,40.7,6.3,7.8,94.8,4.3,9,1,10.0
1249,1,2026-05-25 14:00:00,27,278,9,4.17,46.3,3.0,1.7,97.9,1.3,27,0,0.0
1250,2,2026-05-25 14:00:00,37,450,16,9.25,57.8,3.1,2.1,98.0,1.3,37,0,0.0
1251,3,2026-05-25 14:00:00,22,253,8,3.09,38.7,1.5,0.8,98.9,0.8,22,0,0.0
1252,4,2026-05-25 14:00:00,14,352,6,2.74,45.6,6.9,7.4,94.5,4.4,14,0,0.0
1253,1,2026-05-25 14:30:00,34,376,14,7.1,50.7,1.6,0.9,98.9,0.7,34,0,0.0
1254,2,2026-05-25 14:30:00,28,459,14,7.14,51.0,1.7,1.1,98.9,0.7,28,0,0.0
1255,3,2026-05-25 14:30:00,26,222,9,3.21,35.6,0.6,0.2,99.6,0.3,26,0,0.0
1256,4,2026-05-25 14:30:00,12,355,5,2.37,47.3,10.8,14.6,91.0,7.5,9,3,25.0
1257,1,2026-05-25 15:00:00,36,300,11,6.0,54.5,4.9,3.0,96.5,2.2,36,0,0.0
1258,2,2026-05-25 15:00:00,23,431,11,5.51,50.1,2.9,2.3,98.0,1.3,23,0,0.0
1259,3,2026-05-25 15:00:00,16,195,5,1.73,34.7,3.5,2.1,97.3,2.0,16,0,0.0
1260,4,2026-05-25 15:00:00,10,334,5,1.86,37.1,4.5,4.8,96.4,2.9,9,1,10.0
1261,1,2026-05-25 15:30:00,29,345,11,5.56,50.5,3.0,1.9,97.8,1.4,29,0,0.0
1262,2,2026-05-25 15:30:00,25,388,10,5.39,53.9,5.6,4.7,96.1,2.7,23,2,8.0
1263,3,2026-05-25 15:30:00,16,225,6,2.0,33.3,1.8,1.0,98.6,1.0,16,0,0.0
1264,4,2026-05-25 15:30:00,11,359,5,2.19,43.9,8.3,10.6,93.2,5.7,10,1,9.1
1265,1,2026-05-25 16:00:00,27,308,10,4.62,46.2,2.2,1.3,98.4,1.0,27,0,0.0
1266,2,2026-05-25 16:00:00,13,437,8,3.16,39.5,1.7,1.5,98.8,0.9,13,0,0.0
1267,3,2026-05-25 16:00:00,15,270,6,2.25,37.5,3.0,2.2,97.5,1.9,15,0,0.0
1268,4,2026-05-25 16:00:00,12,354,5,2.36,47.2,10.7,14.4,91.1,7.4,12,0,0.0
1269,1,2026-05-25 16:30:00,30,342,11,5.7,51.8,3.6,2.3,97.4,1.7,30,0,0.0
1270,2,2026-05-25 16:30:00,15,405,8,3.38,42.2,2.5,2.2,98.3,1.2,15,0,0.0
1271,3,2026-05-25 16:30:00,15,240,6,2.0,33.3,1.8,1.1,98.6,1.0,15,0,0.0
1272,4,2026-05-25 16:30:00,8,374,5,1.66,33.2,3.0,3.4,97.6,2.0,8,0,0.0
1273,1,2026-05-25 17:00:00,16,318,6,2.83,47.1,7.8,7.9,93.6,4.5,15,1,6.2
1274,2,2026-05-25 17:00:00,10,392,5,2.18,43.6,8.1,11.2,93.5,4.9,10,0,0.0
1275,3,2026-05-25 17:00:00,13,245,6,1.77,29.5,1.0,0.6,99.2,0.6,12,1,7.7
1276,4,2026-05-25 17:00:00,8,395,5,1.76,35.1,3.7,4.5,97.0,2.5,8,0,0.0
1277,1,2026-05-25 17:30:00,21,334,9,3.9,43.3,2.0,1.3,98.5,1.0,21,0,0.0
1278,2,2026-05-25 17:30:00,12,453,8,3.02,37.8,1.3,1.2,99.0,0.7,12,0,0.0
1279,3,2026-05-25 17:30:00,5,266,4,0.74,18.5,0.7,0.6,99.4,0.5,5,0,0.0
1280,4,2026-05-25 17:30:00,7,352,4,1.37,34.2,5.6,7.5,95.3,3.9,7,0,0.0
1281,1,2026-05-26 08:00:00,18,316,8,3.16,39.5,1.7,1.1,98.7,0.8,18,0,0.0
1282,2,2026-05-26 08:00:00,6,367,4,1.22,30.6,3.9,5.2,96.9,2.3,6,0,0.0
1283,3,2026-05-26 08:00:00,7,246,4,0.96,23.9,1.8,1.4,98.5,1.1,7,0,0.0
1284,4,2026-05-26 08:00:00,9,390,5,1.95,39.0,5.4,7.0,95.5,3.7,9,0,0.0
1285,1,2026-05-26 08:30:00,19,273,6,2.88,48.0,8.5,7.4,93.3,4.6,19,0,0.0
1286,2,2026-05-26 08:30:00,12,398,6,2.65,44.2,6.1,7.2,95.3,3.5,12,0,0.0
1287,3,2026-05-26 08:30:00,8,237,4,1.05,26.3,2.4,1.9,98.0,1.6,8,0,0.0
1288,4,2026-05-26 08:30:00,7,319,4,1.24,31.0,4.1,4.8,96.7,2.7,7,0,0.0
1289,1,2026-05-26 09:00:00,28,308,10,4.79,47.9,2.8,1.7,98.0,1.2,25,3,10.7
1290,2,2026-05-26 09:00:00,21,367,9,4.28,47.6,3.5,2.7,97.6,1.6,21,0,0.0
1291,3,2026-05-26 09:00:00,10,265,5,1.47,29.4,1.9,1.4,98.5,1.2,10,0,0.0
1292,4,2026-05-26 09:00:00,10,392,5,2.18,43.6,8.1,11.2,93.2,5.7,9,1,10.0
1293,1,2026-05-26 09:30:00,32,309,11,5.49,49.9,2.8,1.6,98.0,1.2,32,0,0.0
1294,2,2026-05-26 09:30:00,20,392,9,4.36,48.4,3.8,3.2,97.3,1.9,20,0,0.0
1295,3,2026-05-26 09:30:00,19,239,8,2.52,31.5,0.5,0.2,99.7,0.2,18,1,5.3
1296,4,2026-05-26 09:30:00,10,342,5,1.9,38.0,4.9,5.5,96.1,3.2,10,0,0.0
1297,1,2026-05-26 10:00:00,30,309,10,5.15,51.5,4.3,2.7,96.9,2.0,29,1,3.3
1298,2,2026-05-26 10:00:00,33,424,14,7.77,55.5,3.2,2.2,98.0,1.4,33,0,0.0
1299,3,2026-05-26 10:00:00,16,239,6,2.12,35.4,2.4,1.5,98.2,1.4,16,0,0.0
1300,4,2026-05-26 10:00:00,17,391,8,3.69,46.2,3.9,3.6,97.0,2.4,16,1,5.9
1301,1,2026-05-26 10:30:00,30,289,10,4.82,48.2,2.9,1.6,98.0,1.2,30,0,0.0
1302,2,2026-05-26 10:30:00,26,389,11,5.62,51.1,3.3,2.4,97.8,1.5,26,0,0.0
1303,3,2026-05-26 10:30:00,27,250,9,3.75,41.7,1.6,0.8,98.8,0.8,27,0,0.0
1304,4,2026-05-26 10:30:00,12,342,5,2.28,45.6,9.5,12.0,92.2,6.4,12,0,0.0
1305,1,2026-05-26 11:00:00,39,286,11,6.2,56.3,6.0,3.6,95.7,2.7,39,0,0.0
1306,2,2026-05-26 11:00:00,28,461,14,7.17,51.2,1.7,1.2,98.9,0.7,28,0,0.0
1307,3,2026-05-26 11:00:00,17,228,6,2.15,35.9,2.5,1.5,98.1,1.4,16,1,5.9
1308,4,2026-05-26 11:00:00,12,366,6,2.44,40.7,4.3,4.4,96.6,2.7,12,0,0.0
1309,1,2026-05-26 11:30:00,44,269,12,6.58,54.8,4.2,2.1,97.2,1.7,44,0,0.0
1310,2,2026-05-26 11:30:00,20,377,9,4.19,46.5,3.1,2.4,97.9,1.4,20,0,0.0
1311,3,2026-05-26 11:30:00,34,245,10,4.63,46.3,2.3,1.0,98.4,1.1,34,0,0.0
1312,4,2026-05-26 11:30:00,10,374,5,2.08,41.6,6.9,8.8,94.4,4.7,10,0,0.0
1313,1,2026-05-26 12:00:00,49,293,14,7.98,57.0,3.8,1.9,97.5,1.5,47,2,4.1
1314,2,2026-05-26 12:00:00,27,454,12,6.81,56.8,5.3,4.6,96.3,2.6,25,2,7.4
1315,3,2026-05-26 12:00:00,26,252,9,3.64,40.4,1.4,0.6,99.0,0.7,25,1,3.8
1316,4,2026-05-26 12:00:00,16,317,6,2.82,47.0,7.7,7.7,94.0,4.8,15,1,6.2
1317,1,2026-05-26 12:30:00,46,361,16,9.23,57.7,3.0,1.6,97.9,1.3,46,0,0.0
1318,2,2026-05-26 12:30:00,38,411,15,8.68,57.8,3.7,2.4,97.7,1.5,38,0,0.0
1319,3,2026-05-26 12:30:00,23,215,8,2.75,34.3,0.8,0.3,99.5,0.4,23,0,0.0
1320,4,2026-05-26 12:30:00,12,364,6,2.43,40.4,4.2,4.3,96.7,2.6,12,0,0.0
1321,1,2026-05-26 13:00:00,42,343,15,8.0,53.4,1.9,0.9,98.7,0.8,42,0,0.0
1322,2,2026-05-26 13:00:00,29,426,12,6.86,57.2,5.5,4.6,96.2,2.6,29,0,0.0
1323,3,2026-05-26 13:00:00,32,198,9,3.52,39.1,1.1,0.4,99.3,0.5,32,0,0.0
1324,4,2026-05-26 13:00:00,13,370,6,2.67,44.5,6.2,6.9,95.0,4.1,13,0,0.0
1325,1,2026-05-26 13:30:00,53,285,15,8.39,55.9,2.8,1.2,98.2,1.0,53,0,0.0
1326,2,2026-05-26 13:30:00,36,386,14,7.72,55.1,3.0,1.9,98.1,1.2,35,1,2.8
1327,3,2026-05-26 13:30:00,18,244,8,2.44,30.5,0.4,0.2,99.7,0.2,18,0,0.0
1328,4,2026-05-26 13:30:00,11,345,5,2.11,42.2,7.2,8.6,94.1,4.8,11,0,0.0
1329,1,2026-05-26 14:00:00,44,268,12,6.55,54.6,4.1,2.0,97.3,1.6,44,0,0.0
1330,2,2026-05-26 14:00:00,24,388,10,5.17,51.7,4.4,3.5,97.0,2.1,23,1,4.2
1331,3,2026-05-26 14:00:00,25,233,9,3.24,36.0,0.7,0.3,99.5,0.3,25,0,0.0
1332,4,2026-05-26 14:00:00,12,379,6,2.53,42.1,5.0,5.4,96.1,3.2,12,0,0.0
1333,1,2026-05-26 14:30:00,34,304,11,5.74,52.2,3.7,2.2,97.4,1.6,33,1,2.9
1334,2,2026-05-26 14:30:00,21,473,11,5.52,50.2,2.9,2.5,97.9,1.4,20,1,4.8
1335,3,2026-05-26 14:30:00,18,241,6,2.41,40.2,4.1,2.7,96.7,2.4,18,0,0.0
1336,4,2026-05-26 14:30:00,12,341,5,2.27,45.5,9.4,11.8,92.3,6.4,12,0,0.0
1337,1,2026-05-26 15:00:00,31,324,11,5.58,50.7,3.1,1.9,97.8,1.4,31,0,0.0
1338,2,2026-05-26 15:00:00,21,384,9,4.48,49.8,4.5,3.8,96.8,2.2,21,0,0.0
1339,3,2026-05-26 15:00:00,18,217,6,2.17,36.2,2.6,1.5,98.0,1.4,18,0,0.0
1340,4,2026-05-26 15:00:00,17,374,8,3.53,44.2,3.1,2.6,97.7,1.8,15,2,11.8
1341,1,2026-05-26 15:30:00,32,320,11,5.69,51.7,3.5,2.1,97.5,1.6,31,1,3.1
1342,2,2026-05-26 15:30:00,16,476,9,4.23,47.0,3.3,3.3,97.6,1.7,14,2,12.5
1343,3,2026-05-26 15:30:00,20,269,8,2.99,37.4,1.3,0.7,99.0,0.7,20,0,0.0
1344,4,2026-05-26 15:30:00,8,315,4,1.4,35.0,6.0,7.3,95.1,4.0,8,0,0.0
1345,1,2026-05-26 16:00:00,29,305,10,4.91,49.1,3.3,2.0,97.7,1.4,29,0,0.0
1346,2,2026-05-26 16:00:00,17,410,9,3.87,43.0,2.0,1.6,98.6,0.9,17,0,0.0
1347,3,2026-05-26 16:00:00,13,214,5,1.55,30.9,2.3,1.4,98.2,1.3,13,0,0.0
1348,4,2026-05-26 16:00:00,10,359,5,1.99,39.9,5.9,7.1,95.2,3.9,10,0,0.0
1349,1,2026-05-26 16:30:00,25,312,9,4.33,48.1,3.7,2.5,97.2,1.8,23,2,8.0
1350,2,2026-05-26 16:30:00,16,433,9,3.85,42.8,1.9,1.6,98.7,0.9,16,0,0.0
1351,3,2026-05-26 16:30:00,15,270,6,2.25,37.5,3.0,2.2,97.5,1.9,15,0,0.0
1352,4,2026-05-26 16:30:00,8,341,4,1.52,37.9,7.7,10.6,93.6,5.4,7,1,12.5
1353,1,2026-05-26 17:00:00,13,286,5,2.07,41.3,6.7,6.5,94.5,3.8,13,0,0.0
1354,2,2026-05-26 17:00:00,12,365,6,2.43,40.6,4.2,4.3,96.8,2.3,11,1,8.3
1355,3,2026-05-26 17:00:00,16,239,6,2.12,35.4,2.4,1.5,98.2,1.4,16,0,0.0
1356,4,2026-05-26 17:00:00,8,371,5,1.65,33.0,2.9,3.2,97.7,1.9,8,0,0.0
1357,1,2026-05-26 17:30:00,11,306,5,1.87,37.4,4.7,4.6,96.2,2.6,11,0,0.0
1358,2,2026-05-26 17:30:00,13,476,8,3.44,43.0,2.7,2.8,98.0,1.5,12,1,7.7
1359,3,2026-05-26 17:30:00,4,246,4,0.55,13.7,0.2,0.2,99.8,0.2,4,0,0.0
1360,4,2026-05-26 17:30:00,7,338,4,1.31,32.9,5.0,6.2,95.9,3.4,7,0,0.0
1361,1,2026-05-27 08:00:00,15,347,6,2.89,48.2,8.6,9.6,92.8,5.1,15,0,0.0
1362,2,2026-05-27 08:00:00,8,446,5,1.98,39.6,5.8,8.5,95.3,3.6,8,0,0.0
1363,3,2026-05-27 08:00:00,12,225,5,1.5,30.0,2.0,1.3,98.4,1.2,12,0,0.0
1364,4,2026-05-27 08:00:00,10,376,5,2.09,41.8,7.0,9.0,94.2,4.8,8,2,20.0
1365,1,2026-05-27 08:30:00,20,278,8,3.09,38.6,1.5,0.9,98.9,0.7,19,1,5.0
1366,2,2026-05-27 08:30:00,15,474,9,3.95,43.9,2.2,2.1,98.4,1.1,14,1,6.7
1367,3,2026-05-27 08:30:00,8,242,4,1.08,26.9,2.6,2.1,97.8,1.7,8,0,0.0
1368,4,2026-05-27 08:30:00,7,361,4,1.4,35.1,6.1,8.5,94.9,4.2,7,0,0.0
1369,1,2026-05-27 09:00:00,22,303,8,3.7,46.3,4.0,2.8,97.0,1.9,21,1,4.5
1370,2,2026-05-27 09:00:00,21,416,10,4.85,48.5,3.0,2.4,97.9,1.4,21,0,0.0
1371,3,2026-05-27 09:00:00,13,223,5,1.61,32.2,2.7,1.7,97.9,1.6,12,1,7.7
1372,4,2026-05-27 09:00:00,6,335,4,1.12,27.9,2.9,3.4,97.6,1.9,6,0,0.0
1373,1,2026-05-27 09:30:00,29,291,10,4.69,46.9,2.4,1.3,98.3,1.0,28,1,3.4
1374,2,2026-05-27 09:30:00,17,395,8,3.73,46.6,4.2,3.8,97.0,2.1,17,0,0.0
1375,3,2026-05-27 09:30:00,15,252,6,2.1,35.0,2.2,1.4,98.2,1.3,14,1,6.7
1376,4,2026-05-27 09:30:00,10,385,5,2.14,42.8,7.6,10.2,93.7,5.3,10,0,0.0
1377,1,2026-05-27 10:00:00,31,275,10,4.74,47.4,2.6,1.4,98.2,1.1,31,0,0.0
1378,2,2026-05-27 10:00:00,13,373,6,2.69,44.9,6.5,7.3,95.1,3.6,13,0,0.0
1379,3,2026-05-27 10:00:00,16,238,6,2.12,35.3,2.3,1.4,98.2,1.3,15,1,6.2
1380,4,2026-05-27 10:00:00,21,385,9,4.49,49.9,4.6,3.9,96.6,2.7,19,2,9.5
1381,1,2026-05-27 10:30:00,33,298,11,5.46,49.7,2.7,1.5,98.1,1.1,33,0,0.0
1382,2,2026-05-27 10:30:00,24,395,10,5.27,52.7,4.9,4.1,96.6,2.4,23,1,4.2
1383,3,2026-05-27 10:30:00,24,263,9,3.51,39.0,1.1,0.5,99.2,0.6,24,0,0.0
1384,4,2026-05-27 10:30:00,18,399,8,3.99,49.9,5.8,5.8,95.5,3.6,18,0,0.0
1385,1,2026-05-27 11:00:00,32,304,10,5.4,54.0,5.7,3.8,95.8,2.7,32,0,0.0
1386,2,2026-05-27 11:00:00,26,422,11,6.1,55.4,5.4,4.7,96.2,2.6,26,0,0.0
1387,3,2026-05-27 11:00:00,20,264,8,2.93,36.7,1.1,0.6,99.1,0.6,20,0,0.0
1388,4,2026-05-27 11:00:00,11,339,5,2.07,41.4,6.8,7.8,94.5,4.5,11,0,0.0
1389,1,2026-05-27 11:30:00,38,310,12,6.54,54.5,4.1,2.3,97.1,1.7,38,0,0.0
1390,2,2026-05-27 11:30:00,25,461,12,6.4,53.4,3.5,2.9,97.6,1.7,25,0,0.0
1391,3,2026-05-27 11:30:00,21,235,8,2.74,34.3,0.8,0.3,99.4,0.4,21,0,0.0
1392,4,2026-05-27 11:30:00,15,337,6,2.81,46.8,7.6,8.1,94.0,4.9,15,0,0.0
1393,1,2026-05-27 12:00:00,34,296,11,5.59,50.8,3.2,1.7,97.8,1.3,32,2,5.9
1394,2,2026-05-27 12:00:00,32,380,12,6.76,56.3,5.0,3.6,96.7,2.2,32,0,0.0
1395,3,2026-05-27 12:00:00,17,277,8,2.62,32.7,0.6,0.3,99.6,0.3,17,0,0.0
1396,4,2026-05-27 12:00:00,21,324,8,3.78,47.2,4.4,3.4,96.8,2.5,21,0,0.0
1397,1,2026-05-27 12:30:00,38,334,12,7.05,58.8,6.6,4.4,95.1,3.1,37,1,2.6
1398,2,2026-05-27 12:30:00,36,469,16,9.38,58.6,3.5,2.5,97.7,1.5,36,0,0.0
1399,3,2026-05-27 12:30:00,25,258,9,3.58,39.8,1.2,0.6,99.1,0.6,24,1,4.0
1400,4,2026-05-27 12:30:00,10,355,5,1.97,39.4,5.7,6.7,95.4,3.8,8,2,20.0
1401,1,2026-05-27 13:00:00,39,353,14,7.65,54.6,2.8,1.6,98.0,1.2,38,1,2.6
1402,2,2026-05-27 13:00:00,29,409,12,6.59,54.9,4.2,3.2,97.1,1.9,28,1,3.4
1403,3,2026-05-27 13:00:00,29,231,9,3.72,41.4,1.6,0.7,98.9,0.8,29,0,0.0
1404,4,2026-05-27 13:00:00,22,331,9,4.05,45.0,2.5,1.7,98.3,1.3,21,1,4.5
1405,1,2026-05-27 13:30:00,36,287,11,5.74,52.2,3.7,2.0,97.4,1.6,36,0,0.0
1406,2,2026-05-27 13:30:00,32,378,12,6.72,56.0,4.8,3.5,96.8,2.1,32,0,0.0
1407,3,2026-05-27 13:30:00,36,233,10,4.66,46.6,2.4,1.0,98.3,1.2,36,0,0.0
1408,4,2026-05-27 13:30:00,11,419,6,2.56,42.7,5.2,6.4,95.7,3.5,11,0,0.0
1409,1,2026-05-27 14:00:00,45,304,14,7.6,54.3,2.7,1.3,98.2,1.0,44,1,2.2
1410,2,2026-05-27 14:00:00,25,453,12,6.29,52.4,3.1,2.5,97.9,1.5,24,1,4.0
1411,3,2026-05-27 14:00:00,22,214,8,2.62,32.7,0.6,0.2,99.6,0.3,22,0,0.0
1412,4,2026-05-27 14:00:00,13,388,6,2.8,46.7,7.6,9.2,93.8,5.1,13,0,0.0
1413,1,2026-05-27 14:30:00,37,297,11,6.1,55.5,5.5,3.3,96.1,2.4,37,0,0.0
1414,2,2026-05-27 14:30:00,28,447,12,6.95,57.9,6.0,5.3,95.7,3.0,27,1,3.6
1415,3,2026-05-27 14:30:00,25,252,9,3.5,38.9,1.1,0.5,99.2,0.5,25,0,0.0
1416,4,2026-05-27 14:30:00,10,353,5,1.96,39.2,5.6,6.5,95.5,3.7,10,0,0.0
1417,1,2026-05-27 15:00:00,37,320,12,6.58,54.8,4.2,2.5,97.0,1.8,37,0,0.0
1418,2,2026-05-27 15:00:00,31,385,12,6.63,55.3,4.4,3.2,97.1,2.0,31,0,0.0
1419,3,2026-05-27 15:00:00,19,236,8,2.49,31.1,0.4,0.2,99.7,0.2,19,0,0.0
1420,4,2026-05-27 15:00:00,7,357,4,1.39,34.7,5.9,8.0,95.1,4.1,5,2,28.6
1421,1,2026-05-27 15:30:00,28,297,10,4.62,46.2,2.2,1.2,98.4,0.9,28,0,0.0
1422,2,2026-05-27 15:30:00,19,454,10,4.79,47.9,2.8,2.4,98.0,1.4,18,1,5.3
1423,3,2026-05-27 15:30:00,13,237,5,1.71,34.2,3.4,2.4,97.3,2.1,13,0,0.0
1424,4,2026-05-27 15:30:00,8,364,5,1.62,32.4,2.7,2.9,97.9,1.7,8,0,0.0
1425,1,2026-05-27 16:00:00,24,223,6,2.97,49.6,9.6,7.1,92.7,4.7,23,1,4.2
1426,2,2026-05-27 16:00:00,13,408,6,2.95,49.1,9.2,12.3,92.6,5.5,13,0,0.0
1427,3,2026-05-27 16:00:00,15,234,6,1.95,32.5,1.6,0.9,98.8,0.9,14,1,6.7
1428,4,2026-05-27 16:00:00,7,333,4,1.3,32.4,4.7,5.8,96.1,3.2,6,1,14.3
1429,1,2026-05-27 16:30:00,22,319,9,3.9,43.3,2.0,1.3,98.5,0.9,22,0,0.0
1430,2,2026-05-27 16:30:00,15,427,8,3.56,44.5,3.3,3.1,97.6,1.7,15,0,0.0
1431,3,2026-05-27 16:30:00,9,241,5,1.2,24.1,0.8,0.5,99.3,0.5,9,0,0.0
1432,4,2026-05-27 16:30:00,7,423,5,1.64,32.9,2.9,3.6,97.6,2.0,6,1,14.3
1433,1,2026-05-27 17:00:00,14,258,5,2.01,40.1,6.0,5.2,95.2,3.2,14,0,0.0
1434,2,2026-05-27 17:00:00,17,372,8,3.51,43.9,3.0,2.5,97.9,1.5,17,0,0.0
1435,3,2026-05-27 17:00:00,9,236,5,1.18,23.6,0.8,0.5,99.4,0.4,8,1,11.1
1436,4,2026-05-27 17:00:00,6,333,4,1.11,27.8,2.9,3.3,97.7,1.9,6,0,0.0
1437,1,2026-05-27 17:30:00,19,255,6,2.69,44.9,6.4,5.0,95.0,3.3,18,1,5.3
1438,2,2026-05-27 17:30:00,9,425,5,2.12,42.5,7.4,11.0,93.9,4.6,9,0,0.0
1439,3,2026-05-27 17:30:00,12,268,6,1.79,29.8,1.1,0.7,99.1,0.6,11,1,8.3
1440,4,2026-05-27 17:30:00,4,370,3,0.82,27.4,5.6,9.5,95.2,4.1,4,0,0.0
1441,1,2026-05-28 08:00:00,10,329,5,1.83,36.6,4.3,4.4,96.5,2.5,10,0,0.0
1442,2,2026-05-28 08:00:00,12,363,6,2.42,40.3,4.1,4.2,96.9,2.2,12,0,0.0
1443,3,2026-05-28 08:00:00,10,231,5,1.28,25.7,1.1,0.7,99.2,0.6,9,1,10.0
1444,4,2026-05-28 08:00:00,9,344,5,1.72,34.4,3.4,3.6,97.3,2.2,9,0,0.0
1445,1,2026-05-28 08:30:00,17,283,6,2.67,44.5,6.3,5.3,95.1,3.3,15,2,11.8
1446,2,2026-05-28 08:30:00,14,359,6,2.79,46.5,7.5,8.4,94.3,4.1,12,2,14.3
1447,3,2026-05-28 08:30:00,18,257,8,2.57,32.1,0.5,0.3,99.6,0.3,18,0,0.0
1448,4,2026-05-28 08:30:00,5,377,4,1.05,26.2,2.4,3.0,98.0,1.6,5,0,0.0
1449,1,2026-05-28 09:00:00,37,302,11,6.21,56.4,6.1,3.8,95.6,2.8,35,2,5.4
1450,2,2026-05-28 09:00:00,17,379,8,3.58,44.7,3.4,2.9,97.6,1.6,17,0,0.0
1451,3,2026-05-28 09:00:00,16,254,6,2.26,37.6,3.1,2.1,97.5,1.8,16,0,0.0
1452,4,2026-05-28 09:00:00,7,365,4,1.42,35.5,6.3,8.9,94.7,4.4,7,0,0.0
1453,1,2026-05-28 09:30:00,30,303,10,5.05,50.5,3.8,2.3,97.2,1.7,30,0,0.0
1454,2,2026-05-28 09:30:00,20,401,9,4.46,49.5,4.4,3.8,96.9,2.2,20,0,0.0
1455,3,2026-05-28 09:30:00,17,248,6,2.34,39.0,3.6,2.4,97.1,2.2,17,0,0.0
1456,4,2026-05-28 09:30:00,4,368,3,0.82,27.3,5.5,9.3,95.3,4.1,4,0,0.0
1457,1,2026-05-28 10:00:00,25,253,8,3.51,43.9,3.1,1.7,97.9,1.3,25,0,0.0
1458,2,2026-05-28 10:00:00,20,377,9,4.19,46.5,3.1,2.4,97.9,1.4,20,0,0.0
1459,3,2026-05-28 10:00:00,13,239,5,1.73,34.5,3.5,2.5,97.2,2.1,13,0,0.0
1460,4,2026-05-28 10:00:00,9,326,5,1.63,32.6,2.8,2.7,97.9,1.7,9,0,0.0
1461,1,2026-05-28 10:30:00,30,292,10,4.87,48.7,3.1,1.7,97.8,1.3,30,0,0.0
1462,2,2026-05-28 10:30:00,27,409,11,6.14,55.8,5.6,4.7,96.1,2.7,26,1,3.7
1463,3,2026-05-28 10:30:00,25,243,9,3.38,37.5,0.9,0.4,99.4,0.4,25,0,0.0
1464,4,2026-05-28 10:30:00,11,330,5,2.02,40.3,6.2,6.8,95.1,4.0,11,0,0.0
1465,1,2026-05-28 11:00:00,39,300,12,6.5,54.2,3.9,2.1,97.3,1.6,39,0,0.0
1466,2,2026-05-28 11:00:00,19,369,9,3.9,43.3,2.0,1.5,98.7,0.9,19,0,0.0
1467,3,2026-05-28 11:00:00,16,230,6,2.04,34.1,2.0,1.2,98.5,1.1,16,0,0.0
1468,4,2026-05-28 11:00:00,13,309,5,2.23,44.6,8.8,9.9,92.9,5.7,11,2,15.4
1469,1,2026-05-28 11:30:00,32,301,10,5.35,53.5,5.4,3.5,96.1,2.5,29,3,9.4
1470,2,2026-05-28 11:30:00,30,457,14,7.62,54.4,2.7,2.0,98.2,1.2,30,0,0.0
1471,3,2026-05-28 11:30:00,29,208,9,3.35,37.2,0.8,0.3,99.5,0.4,29,0,0.0
1472,4,2026-05-28 11:30:00,7,373,4,1.45,36.3,6.7,9.8,94.3,4.8,7,0,0.0
1473,1,2026-05-28 12:00:00,28,360,11,5.6,50.9,3.2,2.1,97.6,1.5,28,0,0.0
1474,2,2026-05-28 12:00:00,26,380,11,5.49,49.9,2.8,1.9,98.2,1.2,26,0,0.0
1475,3,2026-05-28 12:00:00,17,227,6,2.14,35.7,2.5,1.4,98.1,1.4,17,0,0.0
1476,4,2026-05-28 12:00:00,13,335,6,2.42,40.3,4.1,3.9,96.8,2.5,12,1,7.7
1477,1,2026-05-28 12:30:00,27,282,9,4.23,47.0,3.3,1.9,97.7,1.4,27,0,0.0
1478,2,2026-05-28 12:30:00,42,370,15,8.63,57.6,3.5,2.0,97.9,1.4,41,1,2.4
1479,3,2026-05-28 12:30:00,20,230,8,2.56,31.9,0.5,0.2,99.6,0.2,20,0,0.0
1480,4,2026-05-28 12:30:00,16,343,6,3.05,50.8,10.6,12.3,91.5,7.0,14,2,12.5
1481,1,2026-05-28 13:00:00,29,299,10,4.82,48.2,2.9,1.7,98.0,1.3,29,0,0.0
1482,2,2026-05-28 13:00:00,22,402,10,4.91,49.1,3.3,2.6,97.8,1.5,22,0,0.0
1483,3,2026-05-28 13:00:00,34,207,9,3.91,43.4,2.1,0.8,98.6,1.0,33,1,2.9
1484,4,2026-05-28 13:00:00,10,367,5,2.04,40.8,6.4,7.9,94.8,4.3,7,3,30.0
1485,1,2026-05-28 13:30:00,57,284,16,8.99,56.2,2.5,1.0,98.5,0.9,56,1,1.8
1486,2,2026-05-28 13:30:00,31,428,14,7.37,52.7,2.1,1.4,98.7,0.9,31,0,0.0
1487,3,2026-05-28 13:30:00,27,245,9,3.68,40.8,1.4,0.7,99.0,0.7,27,0,0.0
1488,4,2026-05-28 13:30:00,14,374,6,2.91,48.5,8.8,10.6,92.9,5.9,12,2,14.3
1489,1,2026-05-28 14:00:00,39,373,15,8.08,53.9,2.1,1.1,98.6,0.9,39,0,0.0
1490,2,2026-05-28 14:00:00,32,398,12,7.08,59.0,6.7,5.4,95.4,3.2,32,0,0.0
1491,3,2026-05-28 14:00:00,28,248,9,3.86,42.9,1.9,0.9,98.6,1.0,28,0,0.0
1492,4,2026-05-28 14:00:00,11,355,5,2.17,43.4,8.0,10.0,93.5,5.4,11,0,0.0
1493,1,2026-05-28 14:30:00,25,315,9,4.38,48.6,3.9,2.7,97.1,1.9,25,0,0.0
1494,2,2026-05-28 14:30:00,29,443,14,7.14,51.0,1.7,1.1,99.0,0.7,29,0,0.0
1495,3,2026-05-28 14:30:00,24,278,9,3.71,41.2,1.5,0.8,98.9,0.8,24,0,0.0
1496,4,2026-05-28 14:30:00,12,349,5,2.33,46.5,10.2,13.3,91.6,7.0,12,0,0.0
1497,1,2026-05-28 15:00:00,33,277,10,5.08,50.8,4.0,2.2,97.2,1.7,33,0,0.0
1498,2,2026-05-28 15:00:00,25,377,10,5.24,52.4,4.7,3.7,96.8,2.2,24,1,4.0
1499,3,2026-05-28 15:00:00,24,203,8,2.71,33.8,0.7,0.3,99.5,0.3,24,0,0.0
1500,4,2026-05-28 15:00:00,15,410,8,3.42,42.7,2.6,2.4,98.0,1.6,14,1,6.7
1501,1,2026-05-28 15:30:00,30,314,10,5.23,52.3,4.7,3.1,96.5,2.2,29,1,3.3
1502,2,2026-05-28 15:30:00,22,477,11,5.83,53.0,4.1,3.8,97.0,2.1,21,1,4.5
1503,3,2026-05-28 15:30:00,15,270,6,2.25,37.5,3.0,2.2,97.5,1.9,15,0,0.0
1504,4,2026-05-28 15:30:00,14,354,6,2.75,45.9,7.1,7.7,94.4,4.5,12,2,14.3
1505,1,2026-05-28 16:00:00,27,302,9,4.53,50.3,4.8,3.2,96.4,2.3,27,0,0.0
1506,2,2026-05-28 16:00:00,19,407,9,4.3,47.7,3.6,3.1,97.5,1.7,19,0,0.0
1507,3,2026-05-28 16:00:00,13,227,5,1.64,32.8,2.8,1.9,97.7,1.7,12,1,7.7
1508,4,2026-05-28 16:00:00,16,344,6,3.06,51.0,10.7,12.5,91.4,7.1,15,1,6.2
1509,1,2026-05-28 16:30:00,25,340,10,4.72,47.2,2.6,1.6,98.1,1.2,24,1,4.0
1510,2,2026-05-28 16:30:00,21,404,10,4.71,47.1,2.5,1.9,98.3,1.2,20,1,4.8
1511,3,2026-05-28 16:30:00,15,216,6,1.8,30.0,1.1,0.6,99.2,0.6,15,0,0.0
1512,4,2026-05-28 16:30:00,13,374,6,2.7,45.0,6.5,7.4,94.8,4.3,13,0,0.0
1513,1,2026-05-28 17:00:00,21,313,8,3.65,45.6,3.7,2.7,97.2,1.8,21,0,0.0
1514,2,2026-05-28 17:00:00,10,327,5,1.82,36.3,4.2,4.3,96.9,2.2,9,1,10.0
1515,3,2026-05-28 17:00:00,15,220,6,1.83,30.6,1.2,0.6,99.1,0.7,15,0,0.0
1516,4,2026-05-28 17:00:00,8,326,4,1.45,36.2,6.7,8.6,94.5,4.6,7,1,12.5
1517,1,2026-05-28 17:30:00,14,293,6,2.28,38.0,3.2,2.5,97.5,1.6,14,0,0.0
1518,2,2026-05-28 17:30:00,7,404,5,1.57,31.4,2.4,2.8,98.1,1.4,7,0,0.0
1519,3,2026-05-28 17:30:00,11,253,5,1.55,30.9,2.3,1.7,98.2,1.4,11,0,0.0
1520,4,2026-05-28 17:30:00,6,362,4,1.21,30.2,3.8,4.9,96.9,2.6,6,0,0.0
1521,1,2026-05-29 08:00:00,17,287,6,2.71,45.2,6.6,5.8,94.7,3.6,17,0,0.0
1522,2,2026-05-29 08:00:00,4,371,4,0.82,20.6,1.1,1.2,99.2,0.6,4,0,0.0
1523,3,2026-05-29 08:00:00,1,232,3,0.13,4.3,0.0,0.0,100.0,0.0,1,0,0.0
1524,4,2026-05-29 08:00:00,2,298,3,0.33,11.0,0.5,0.5,99.6,0.3,2,0,0.0
1525,1,2026-05-29 08:30:00,17,295,6,2.79,46.4,7.4,6.8,94.1,4.1,17,0,0.0
1526,2,2026-05-29 08:30:00,17,402,9,3.8,42.2,1.8,1.4,98.8,0.8,17,0,0.0
1527,3,2026-05-29 08:30:00,20,208,6,2.31,38.5,3.4,1.9,97.4,1.9,19,1,5.0
1528,4,2026-05-29 08:30:00,10,319,5,1.77,35.4,3.8,3.8,97.0,2.4,10,0,0.0
1529,1,2026-05-29 09:00:00,22,276,8,3.37,42.2,2.5,1.5,98.2,1.1,22,0,0.0
1530,2,2026-05-29 09:00:00,17,378,8,3.57,44.6,3.3,2.8,97.7,1.6,16,1,5.9
1531,3,2026-05-29 09:00:00,22,220,8,2.69,33.6,0.7,0.3,99.5,0.3,22,0,0.0
1532,4,2026-05-29 09:00:00,4,416,4,0.92,23.1,1.6,2.1,98.7,1.1,4,0,0.0
1533,1,2026-05-29 09:30:00,28,293,9,4.56,50.6,4.9,3.3,96.4,2.3,27,1,3.6
1534,2,2026-05-29 09:30:00,20,417,10,4.63,46.3,2.3,1.8,98.5,1.1,20,0,0.0
1535,3,2026-05-29 09:30:00,17,219,6,2.07,34.5,2.1,1.2,98.4,1.2,17,0,0.0
1536,4,2026-05-29 09:30:00,5,411,4,1.14,28.5,3.2,4.5,97.3,2.2,5,0,0.0
1537,1,2026-05-29 10:00:00,31,280,10,4.82,48.2,2.9,1.6,98.0,1.2,29,2,6.5
1538,2,2026-05-29 10:00:00,20,397,9,4.41,49.0,4.1,3.6,97.1,2.0,20,0,0.0
1539,3,2026-05-29 10:00:00,21,257,8,3.0,37.5,1.3,0.7,99.0,0.7,21,0,0.0
1540,4,2026-05-29 10:00:00,8,343,4,1.52,38.1,7.8,10.9,93.5,5.5,8,0,0.0
1541,1,2026-05-29 10:30:00,24,323,9,4.31,47.9,3.6,2.5,97.3,1.7,24,0,0.0
1542,2,2026-05-29 10:30:00,27,373,11,5.6,50.9,3.2,2.2,97.9,1.4,27,0,0.0
1543,3,2026-05-29 10:30:00,13,274,6,1.98,33.0,1.7,1.2,98.6,1.0,13,0,0.0
1544,4,2026-05-29 10:30:00,9,374,5,1.87,37.4,4.7,5.6,96.2,3.1,7,2,22.2
1545,1,2026-05-29 11:00:00,31,297,10,5.12,51.2,4.1,2.5,97.0,1.8,31,0,0.0
1546,2,2026-05-29 11:00:00,22,481,11,5.88,53.4,4.3,4.1,96.8,2.2,22,0,0.0
1547,3,2026-05-29 11:00:00,27,249,9,3.74,41.5,1.6,0.8,98.8,0.8,27,0,0.0
1548,4,2026-05-29 11:00:00,13,347,6,2.51,41.8,4.8,4.8,96.3,3.0,12,1,7.7
1549,1,2026-05-29 11:30:00,50,326,16,9.06,56.6,2.6,1.2,98.3,1.0,48,2,4.0
1550,2,2026-05-29 11:30:00,30,485,15,8.08,53.9,2.1,1.5,98.6,0.9,30,0,0.0
1551,3,2026-05-29 11:30:00,28,220,9,3.42,38.0,0.9,0.4,99.4,0.4,28,0,0.0
1552,4,2026-05-29 11:30:00,11,399,6,2.44,40.6,4.3,4.8,96.6,2.8,10,1,9.1
1553,1,2026-05-29 12:00:00,40,300,12,6.67,55.6,4.6,2.6,96.8,2.0,40,0,0.0
1554,2,2026-05-29 12:00:00,32,462,15,8.21,54.8,2.4,1.6,98.5,1.0,32,0,0.0
1555,3,2026-05-29 12:00:00,16,262,6,2.33,38.8,3.5,2.5,97.2,2.2,15,1,6.2
1556,4,2026-05-29 12:00:00,10,349,5,1.94,38.8,5.3,6.1,95.7,3.5,10,0,0.0
1557,1,2026-05-29 12:30:00,33,291,10,5.34,53.4,5.3,3.3,96.2,2.4,32,1,3.0
1558,2,2026-05-29 12:30:00,20,388,9,4.31,47.9,3.6,3.0,97.5,1.7,20,0,0.0
1559,3,2026-05-29 12:30:00,27,241,9,3.62,40.2,1.3,0.6,99.1,0.7,26,1,3.7
1560,4,2026-05-29 12:30:00,19,334,8,3.53,44.1,3.1,2.3,97.8,1.7,19,0,0.0
1561,1,2026-05-29 13:00:00,41,301,12,6.86,57.1,5.5,3.2,96.1,2.4,41,0,0.0
1562,2,2026-05-29 13:00:00,36,400,14,8.0,57.1,3.9,2.6,97.5,1.7,36,0,0.0
1563,3,2026-05-29 13:00:00,29,249,10,4.01,40.1,0.9,0.4,99.4,0.4,28,1,3.4
1564,4,2026-05-29 13:00:00,18,357,8,3.57,44.6,3.3,2.7,97.6,1.9,18,0,0.0
1565,1,2026-05-29 13:30:00,29,312,10,5.03,50.3,3.7,2.3,97.3,1.7,29,0,0.0
1566,2,2026-05-29 13:30:00,36,467,16,9.34,58.4,3.4,2.4,97.8,1.5,36,0,0.0
1567,3,2026-05-29 13:30:00,24,242,9,3.23,35.9,0.6,0.3,99.5,0.3,24,0,0.0
1568,4,2026-05-29 13:30:00,19,362,8,3.82,47.8,4.7,4.1,96.5,2.8,18,1,5.3
1569,1,2026-05-29 14:00:00,32,317,11,5.64,51.2,3.3,2.0,97.6,1.5,32,0,0.0
1570,2,2026-05-29 14:00:00,25,436,11,6.06,55.1,5.2,4.6,96.3,2.6,25,0,0.0
1571,3,2026-05-29 14:00:00,24,260,9,3.47,38.5,1.0,0.5,99.3,0.5,22,2,8.3
1572,4,2026-05-29 14:00:00,10,380,5,2.11,42.2,7.3,9.5,94.0,5.0,9,1,10.0
1573,1,2026-05-29 14:30:00,34,330,11,6.23,56.7,6.2,4.3,95.4,3.0,33,1,2.9
1574,2,2026-05-29 14:30:00,26,370,10,5.34,53.4,5.3,4.2,96.3,2.5,26,0,0.0
1575,3,2026-05-29 14:30:00,22,229,8,2.8,35.0,0.9,0.4,99.4,0.4,22,0,0.0
1576,4,2026-05-29 14:30:00,14,396,6,3.08,51.3,11.0,14.9,90.9,7.6,14,0,0.0
1577,1,2026-05-29 15:00:00,29,284,9,4.58,50.8,5.0,3.2,96.3,2.3,27,2,6.9
1578,2,2026-05-29 15:00:00,29,415,12,6.69,55.7,4.7,3.6,96.8,2.2,29,0,0.0
1579,3,2026-05-29 15:00:00,18,244,8,2.44,30.5,0.4,0.2,99.7,0.2,18,0,0.0
1580,4,2026-05-29 15:00:00,18,386,8,3.86,48.2,4.9,4.6,96.2,3.0,16,2,11.1
1581,1,2026-05-29 15:30:00,26,279,9,4.03,44.8,2.5,1.4,98.3,1.1,26,0,0.0
1582,2,2026-05-29 15:30:00,17,392,8,3.7,46.3,4.0,3.6,97.1,2.0,16,1,5.9
1583,3,2026-05-29 15:30:00,29,273,10,4.4,44.0,1.6,0.8,98.8,0.9,29,0,0.0
1584,4,2026-05-29 15:30:00,10,333,5,1.85,37.0,4.5,4.7,96.5,2.9,9,1,10.0
1585,1,2026-05-29 16:00:00,29,263,9,4.24,47.1,3.3,1.8,97.7,1.4,28,1,3.4
1586,2,2026-05-29 16:00:00,18,434,9,4.34,48.2,3.8,3.5,97.3,1.9,18,0,0.0
1587,3,2026-05-29 16:00:00,11,264,5,1.61,32.3,2.7,2.1,97.8,1.7,11,0,0.0
1588,4,2026-05-29 16:00:00,12,305,5,2.03,40.7,6.3,6.5,95.0,4.0,12,0,0.0
1589,1,2026-05-29 16:30:00,21,316,8,3.69,46.1,3.9,2.9,97.0,1.9,21,0,0.0
1590,2,2026-05-29 16:30:00,16,372,8,3.31,41.3,2.2,1.8,98.5,1.0,16,0,0.0
1591,3,2026-05-29 16:30:00,12,241,5,1.61,32.1,2.6,1.9,97.9,1.6,12,0,0.0
1592,4,2026-05-29 16:30:00,6,373,4,1.24,31.1,4.2,5.6,96.5,2.9,6,0,0.0
1593,1,2026-05-29 17:00:00,11,268,5,1.64,32.8,2.8,2.3,97.8,1.5,11,0,0.0
1594,2,2026-05-29 17:00:00,9,419,5,2.1,41.9,7.1,10.2,94.3,4.3,9,0,0.0
1595,3,2026-05-29 17:00:00,13,253,6,1.83,30.5,1.2,0.7,99.1,0.7,13,0,0.0
1596,4,2026-05-29 17:00:00,5,339,4,0.94,23.5,1.7,1.9,98.7,1.1,5,0,0.0
1597,1,2026-05-29 17:30:00,14,271,5,2.11,42.2,7.2,6.8,94.2,4.0,12,2,14.3
1598,2,2026-05-29 17:30:00,13,439,8,3.17,39.6,1.8,1.6,98.7,0.9,13,0,0.0
1599,3,2026-05-29 17:30:00,11,271,5,1.66,33.1,3.0,2.4,97.5,1.9,11,0,0.0
1600,4,2026-05-29 17:30:00,4,411,4,0.91,22.8,1.5,2.0,98.8,1.0,4,0,0.0
1601,1,2026-06-01 08:00:00,17,327,8,3.09,38.6,1.5,1.0,98.9,0.7,17,0,0.0
1602,2,2026-06-01 08:00:00,4,326,3,0.72,24.1,4.0,5.8,96.7,2.5,4,0,0.0
1603,3,2026-06-01 08:00:00,11,256,5,1.56,31.3,2.4,1.8,98.1,1.5,11,0,0.0
1604,4,2026-06-01 08:00:00,3,321,3,0.54,17.8,1.8,2.4,98.5,1.2,3,0,0.0
1605,1,2026-06-01 08:30:00,27,258,9,3.87,43.0,2.0,1.0,98.7,0.8,26,1,3.7
1606,2,2026-06-01 08:30:00,10,401,6,2.23,37.1,2.9,3.1,97.8,1.6,10,0,0.0
1607,3,2026-06-01 08:30:00,13,242,6,1.75,29.1,1.0,0.6,99.3,0.5,13,0,0.0
1608,4,2026-06-01 08:30:00,8,403,5,1.79,35.8,4.0,5.0,96.7,2.7,8,0,0.0
1609,1,2026-06-01 09:00:00,20,275,8,3.06,38.2,1.4,0.8,99.0,0.6,20,0,0.0
1610,2,2026-06-01 09:00:00,15,392,8,3.27,40.8,2.1,1.7,98.6,1.0,15,0,0.0
1611,3,2026-06-01 09:00:00,12,207,5,1.38,27.6,1.4,0.8,98.9,0.8,12,0,0.0
1612,4,2026-06-01 09:00:00,14,322,6,2.5,41.7,4.8,4.4,96.4,2.9,14,0,0.0
1613,1,2026-06-01 09:30:00,30,286,10,4.77,47.7,2.7,1.5,98.1,1.1,30,0,0.0
1614,2,2026-06-01 09:30:00,20,448,10,4.98,49.8,3.5,3.1,97.5,1.8,20,0,0.0
1615,3,2026-06-01 09:30:00,14,216,5,1.68,33.6,3.1,2.0,97.5,1.8,14,0,0.0
1616,4,2026-06-01 09:30:00,14,378,6,2.94,49.0,9.2,11.3,92.5,6.2,13,1,7.1
1617,1,2026-06-01 10:00:00,30,271,9,4.52,50.2,4.7,2.8,96.6,2.1,30,0,0.0
1618,2,2026-06-01 10:00:00,22,400,10,4.89,48.9,3.2,2.5,97.8,1.5,22,0,0.0
1619,3,2026-06-01 10:00:00,21,265,8,3.09,38.6,1.5,0.8,98.8,0.8,20,1,4.8
1620,4,2026-06-01 10:00:00,10,369,5,2.05,41.0,6.5,8.2,94.7,4.4,8,2,20.0
1621,1,2026-06-01 10:30:00,36,282,11,5.64,51.3,3.3,1.8,97.7,1.4,36,0,0.0
1622,2,2026-06-01 10:30:00,22,446,11,5.45,49.6,2.7,2.2,98.2,1.3,22,0,0.0
1623,3,2026-06-01 10:30:00,21,250,8,2.92,36.5,1.1,0.5,99.2,0.6,20,1,4.8
1624,4,2026-06-01 10:30:00,13,360,6,2.6,43.3,5.6,5.9,95.6,3.6,13,0,0.0
1625,1,2026-06-01 11:00:00,31,255,9,4.39,48.8,4.0,2.2,97.2,1.7,31,0,0.0
1626,2,2026-06-01 11:00:00,27,387,11,5.8,52.8,4.0,3.0,97.3,1.8,27,0,0.0
1627,3,2026-06-01 11:00:00,26,230,9,3.32,36.9,0.8,0.3,99.5,0.4,26,0,0.0
1628,4,2026-06-01 11:00:00,15,366,6,3.05,50.8,10.6,13.1,91.4,7.1,14,1,6.7
1629,1,2026-06-01 11:30:00,41,323,14,7.36,52.6,2.1,1.0,98.6,0.8,41,0,0.0
1630,2,2026-06-01 11:30:00,33,392,14,7.19,51.3,1.7,1.0,99.0,0.7,33,0,0.0
1631,3,2026-06-01 11:30:00,23,250,9,3.19,35.5,0.6,0.3,99.6,0.3,23,0,0.0
1632,4,2026-06-01 11:30:00,18,376,8,3.76,47.0,4.3,3.8,96.7,2.6,18,0,0.0
1633,1,2026-06-01 12:00:00,41,319,14,7.27,51.9,1.9,0.9,98.8,0.7,41,0,0.0
1634,2,2026-06-01 12:00:00,34,426,15,8.05,53.6,2.0,1.2,98.8,0.8,34,0,0.0
1635,3,2026-06-01 12:00:00,24,242,9,3.23,35.9,0.6,0.3,99.5,0.3,24,0,0.0
1636,4,2026-06-01 12:00:00,13,344,6,2.48,41.4,4.6,4.5,96.4,2.9,13,0,0.0
1637,1,2026-06-01 12:30:00,31,259,9,4.46,49.6,4.4,2.5,96.9,1.9,30,1,3.2
1638,2,2026-06-01 12:30:00,24,403,10,5.37,53.7,5.5,4.8,96.1,2.7,24,0,0.0
1639,3,2026-06-01 12:30:00,21,256,8,2.99,37.3,1.3,0.6,99.1,0.7,21,0,0.0
1640,4,2026-06-01 12:30:00,12,295,5,1.97,39.3,5.6,5.5,95.7,3.5,12,0,0.0
1641,1,2026-06-01 13:00:00,47,327,15,8.54,56.9,3.2,1.6,97.8,1.3,47,0,0.0
1642,2,2026-06-01 13:00:00,32,448,14,7.96,56.9,3.8,2.8,97.5,1.7,32,0,0.0
1643,3,2026-06-01 13:00:00,20,226,8,2.51,31.4,0.5,0.2,99.7,0.2,19,1,5.0
1644,4,2026-06-01 13:00:00,16,369,8,3.28,41.0,2.1,1.7,98.5,1.2,16,0,0.0
1645,1,2026-06-01 13:30:00,40,307,12,6.82,56.9,5.3,3.2,96.2,2.3,38,2,5.0
1646,2,2026-06-01 13:30:00,27,464,12,6.96,58.0,6.0,5.6,95.6,3.1,25,2,7.4
1647,3,2026-06-01 13:30:00,23,243,8,3.1,38.8,1.6,0.8,98.8,0.8,23,0,0.0
1648,4,2026-06-01 13:30:00,21,338,8,3.94,49.3,5.5,4.6,95.9,3.2,21,0,0.0
1649,1,2026-06-01 14:00:00,48,309,15,8.24,54.9,2.4,1.1,98.4,0.9,48,0,0.0
1650,2,2026-06-01 14:00:00,33,425,14,7.79,55.7,3.2,2.2,97.9,1.4,32,1,3.0
1651,3,2026-06-01 14:00:00,21,239,8,2.79,34.9,0.9,0.4,99.4,0.4,21,0,0.0
1652,4,2026-06-01 14:00:00,19,357,8,3.77,47.1,4.4,3.7,96.7,2.6,19,0,0.0
1653,1,2026-06-01 14:30:00,39,293,12,6.35,52.9,3.3,1.7,97.7,1.4,38,1,2.6
1654,2,2026-06-01 14:30:00,40,459,17,10.2,60.0,3.6,2.5,97.7,1.6,40,0,0.0
1655,3,2026-06-01 14:30:00,22,267,9,3.26,36.3,0.7,0.3,99.5,0.4,22,0,0.0
1656,4,2026-06-01 14:30:00,9,374,5,1.87,37.4,4.7,5.6,96.2,3.1,9,0,0.0
1657,1,2026-06-01 15:00:00,29,276,9,4.45,49.4,4.3,2.6,96.9,1.9,28,1,3.4
1658,2,2026-06-01 15:00:00,20,367,9,4.08,45.3,2.7,2.0,98.2,1.2,20,0,0.0
1659,3,2026-06-01 15:00:00,19,253,8,2.67,33.4,0.7,0.3,99.5,0.3,19,0,0.0
1660,4,2026-06-01 15:00:00,9,346,5,1.73,34.6,3.5,3.7,97.2,2.2,9,0,0.0
1661,1,2026-06-01 15:30:00,25,277,9,3.85,42.7,1.9,1.0,98.7,0.8,25,0,0.0
1662,2,2026-06-01 15:30:00,28,418,12,6.5,54.2,3.9,3.0,97.4,1.8,28,0,0.0
1663,3,2026-06-01 15:30:00,23,258,9,3.3,36.6,0.7,0.3,99.5,0.4,23,0,0.0
1664,4,2026-06-01 15:30:00,16,356,6,3.16,52.7,12.2,15.3,90.0,8.2,15,1,6.2
1665,1,2026-06-01 16:00:00,37,286,11,5.88,53.4,4.3,2.4,97.0,1.9,36,1,2.7
1666,2,2026-06-01 16:00:00,24,350,10,4.67,46.7,2.4,1.6,98.5,1.0,24,0,0.0
1667,3,2026-06-01 16:00:00,24,225,8,3.0,37.5,1.3,0.6,99.1,0.6,24,0,0.0
1668,4,2026-06-01 16:00:00,11,420,6,2.57,42.8,5.3,6.5,95.7,3.6,11,0,0.0
1669,1,2026-06-01 16:30:00,15,306,6,2.55,42.5,5.2,4.6,95.9,2.8,14,1,6.7
1670,2,2026-06-01 16:30:00,19,342,8,3.61,45.1,3.5,2.7,97.6,1.6,19,0,0.0
1671,3,2026-06-01 16:30:00,10,261,5,1.45,29.0,1.8,1.3,98.6,1.1,10,0,0.0
1672,4,2026-06-01 16:30:00,2,393,3,0.44,14.6,1.0,1.6,99.1,0.8,2,0,0.0
1673,1,2026-06-01 17:00:00,23,293,8,3.74,46.8,4.2,2.9,96.8,2.0,23,0,0.0
1674,2,2026-06-01 17:00:00,14,437,8,3.4,42.5,2.6,2.4,98.1,1.3,14,0,0.0
1675,3,2026-06-01 17:00:00,13,267,6,1.93,32.1,1.5,1.0,98.8,0.9,13,0,0.0
1676,4,2026-06-01 17:00:00,7,363,4,1.41,35.3,6.2,8.7,94.8,4.3,7,0,0.0
1677,1,2026-06-01 17:30:00,9,292,5,1.46,29.2,1.8,1.5,98.6,0.9,9,0,0.0
1678,2,2026-06-01 17:30:00,5,412,4,1.14,28.6,3.2,4.6,97.4,2.0,5,0,0.0
1679,3,2026-06-01 17:30:00,8,230,4,1.02,25.6,2.2,1.7,98.2,1.4,8,0,0.0
1680,4,2026-06-01 17:30:00,6,364,4,1.21,30.3,3.8,5.0,96.8,2.6,6,0,0.0
1681,1,2026-06-02 08:00:00,17,343,8,3.24,40.5,2.0,1.4,98.5,1.0,17,0,0.0
1682,2,2026-06-02 08:00:00,9,456,6,2.28,38.0,3.2,3.9,97.5,1.8,8,1,11.1
1683,3,2026-06-02 08:00:00,10,253,5,1.41,28.1,1.6,1.1,98.7,1.0,10,0,0.0
1684,4,2026-06-02 08:00:00,4,326,3,0.72,24.1,4.0,5.8,96.6,2.8,3,1,25.0
1685,1,2026-06-02 08:30:00,20,301,8,3.34,41.8,2.3,1.5,98.3,1.1,20,0,0.0
1686,2,2026-06-02 08:30:00,9,433,5,2.16,43.3,7.9,12.1,93.5,5.0,9,0,0.0
1687,3,2026-06-02 08:30:00,6,231,4,0.77,19.2,0.8,0.6,99.3,0.5,6,0,0.0
1688,4,2026-06-02 08:30:00,5,370,4,1.03,25.7,2.2,2.8,98.2,1.5,5,0,0.0
1689,1,2026-06-02 09:00:00,24,287,9,3.83,42.5,1.8,1.0,98.7,0.8,24,0,0.0
1690,2,2026-06-02 09:00:00,13,427,8,3.08,38.5,1.5,1.3,98.9,0.7,13,0,0.0
1691,3,2026-06-02 09:00:00,15,254,6,2.12,35.3,2.3,1.5,98.2,1.4,14,1,6.7
1692,4,2026-06-02 09:00:00,4,395,3,0.88,29.3,6.6,12.2,94.2,5.0,4,0,0.0
1693,1,2026-06-02 09:30:00,32,278,10,4.94,49.4,3.4,1.9,97.7,1.4,32,0,0.0
1694,2,2026-06-02 09:30:00,29,450,14,7.25,51.8,1.9,1.2,98.8,0.8,29,0,0.0
1695,3,2026-06-02 09:30:00,17,226,6,2.13,35.6,2.4,1.4,98.1,1.4,17,0,0.0
1696,4,2026-06-02 09:30:00,10,367,5,2.04,40.8,6.4,7.9,94.8,4.3,8,2,20.0
1697,1,2026-06-02 10:00:00,27,268,9,4.02,44.7,2.4,1.3,98.3,1.0,26,1,3.7
1698,2,2026-06-02 10:00:00,23,431,11,5.51,50.1,2.9,2.3,98.0,1.3,23,0,0.0
1699,3,2026-06-02 10:00:00,17,247,6,2.33,38.9,3.5,2.4,97.2,2.1,17,0,0.0
1700,4,2026-06-02 10:00:00,9,301,4,1.5,37.6,7.5,9.1,93.9,5.0,9,0,0.0
1701,1,2026-06-02 10:30:00,35,266,10,5.17,51.7,4.4,2.4,96.9,1.9,34,1,2.9
1702,2,2026-06-02 10:30:00,24,484,12,6.45,53.8,3.7,3.2,97.4,1.8,24,0,0.0
1703,3,2026-06-02 10:30:00,18,253,8,2.53,31.6,0.5,0.2,99.6,0.2,18,0,0.0
1704,4,2026-06-02 10:30:00,16,366,8,3.25,40.7,2.0,1.6,98.5,1.1,16,0,0.0
1705,1,2026-06-02 11:00:00,29,333,10,5.36,53.6,5.5,3.9,95.9,2.7,29,0,0.0
1706,2,2026-06-02 11:00:00,26,423,11,6.11,55.5,5.5,4.8,96.1,2.7,25,1,3.8
1707,3,2026-06-02 11:00:00,25,259,9,3.6,40.0,1.3,0.6,99.1,0.7,25,0,0.0
1708,4,2026-06-02 11:00:00,16,394,8,3.5,43.8,3.0,2.6,97.7,1.8,16,0,0.0
1709,1,2026-06-02 11:30:00,34,355,12,6.71,55.9,4.8,3.2,96.5,2.2,33,1,2.9
1710,2,2026-06-02 11:30:00,28,413,12,6.42,53.5,3.6,2.7,97.6,1.6,27,1,3.6
1711,3,2026-06-02 11:30:00,19,225,6,2.38,39.6,3.8,2.4,97.0,2.2,18,1,5.3
1712,4,2026-06-02 11:30:00,12,378,6,2.52,42.0,4.9,5.3,96.1,3.2,11,1,8.3
1713,1,2026-06-02 12:00:00,37,335,12,6.89,57.4,5.6,3.7,95.8,2.6,35,2,5.4
1714,2,2026-06-02 12:00:00,32,430,14,7.64,54.6,2.8,1.9,98.2,1.2,31,1,3.1
1715,3,2026-06-02 12:00:00,30,233,9,3.88,43.1,2.0,0.9,98.6,1.0,30,0,0.0
1716,4,2026-06-02 12:00:00,21,333,8,3.88,48.6,5.1,4.1,96.3,2.9,21,0,0.0
1717,1,2026-06-02 12:30:00,32,248,9,4.41,49.0,4.1,2.2,97.2,1.7,32,0,0.0
1718,2,2026-06-02 12:30:00,36,389,14,7.78,55.6,3.2,2.0,98.0,1.3,36,0,0.0
1719,3,2026-06-02 12:30:00,24,218,8,2.91,36.3,1.1,0.5,99.2,0.5,24,0,0.0
1720,4,2026-06-02 12:30:00,14,375,6,2.92,48.6,8.9,10.8,92.8,5.9,14,0,0.0
1721,1,2026-06-02 13:00:00,36,310,11,6.2,56.4,6.0,3.9,95.6,2.8,35,1,2.8
1722,2,2026-06-02 13:00:00,25,418,11,5.81,52.8,4.0,3.2,97.2,1.9,24,1,4.0
1723,3,2026-06-02 13:00:00,26,239,9,3.45,38.4,1.0,0.4,99.3,0.5,26,0,0.0
1724,4,2026-06-02 13:00:00,12,393,6,2.62,43.7,5.8,6.7,95.4,3.8,12,0,0.0
1725,1,2026-06-02 13:30:00,39,266,11,5.76,52.4,3.8,1.9,97.4,1.5,37,2,5.1
1726,2,2026-06-02 13:30:00,30,379,12,6.32,52.6,3.2,2.1,98.0,1.4,30,0,0.0
1727,3,2026-06-02 13:30:00,24,214,8,2.85,35.7,1.0,0.4,99.3,0.5,23,1,4.2
1728,4,2026-06-02 13:30:00,9,336,5,1.68,33.6,3.1,3.2,97.6,2.0,9,0,0.0
1729,1,2026-06-02 14:00:00,34,317,11,5.99,54.4,4.9,3.1,96.5,2.2,33,1,2.9
1730,2,2026-06-02 14:00:00,34,459,15,8.67,57.8,3.6,2.6,97.6,1.6,34,0,0.0
1731,3,2026-06-02 14:00:00,21,259,8,3.02,37.8,1.3,0.7,99.0,0.7,21,0,0.0
1732,4,2026-06-02 14:00:00,10,337,5,1.87,37.4,4.7,5.1,96.3,3.0,10,0,0.0
1733,1,2026-06-02 14:30:00,39,308,12,6.67,55.6,4.6,2.7,96.7,2.0,38,1,2.6
1734,2,2026-06-02 14:30:00,20,392,9,4.36,48.4,3.8,3.2,97.3,1.9,19,1,5.0
1735,3,2026-06-02 14:30:00,30,240,10,4.0,40.0,0.9,0.4,99.4,0.4,29,1,3.3
1736,4,2026-06-02 14:30:00,9,342,5,1.71,34.2,3.3,3.5,97.4,2.1,9,0,0.0
1737,1,2026-06-02 15:00:00,33,323,11,5.92,53.8,4.5,2.9,96.7,2.1,33,0,0.0
1738,2,2026-06-02 15:00:00,21,358,9,4.18,46.4,3.0,2.3,98.0,1.4,20,1,4.8
1739,3,2026-06-02 15:00:00,12,248,5,1.65,33.1,2.9,2.2,97.6,1.8,12,0,0.0
1740,4,2026-06-02 15:00:00,12,342,5,2.28,45.6,9.5,12.0,92.2,6.4,11,1,8.3
1741,1,2026-06-02 15:30:00,24,301,9,4.01,44.6,2.4,1.5,98.3,1.1,24,0,0.0
1742,2,2026-06-02 15:30:00,23,406,10,5.19,51.9,4.5,3.8,96.9,2.2,23,0,0.0
1743,3,2026-06-02 15:30:00,21,231,8,2.7,33.7,0.7,0.3,99.5,0.3,21,0,0.0
1744,4,2026-06-02 15:30:00,10,420,5,2.33,46.7,10.3,16.2,91.2,7.5,7,3,30.0
1745,1,2026-06-02 16:00:00,31,314,10,5.41,54.1,5.7,3.9,95.7,2.7,29,2,6.5
1746,2,2026-06-02 16:00:00,14,386,8,3.0,37.5,1.3,1.0,99.1,0.6,13,1,7.1
1747,3,2026-06-02 16:00:00,13,238,5,1.72,34.4,3.4,2.5,97.2,2.1,13,0,0.0
1748,4,2026-06-02 16:00:00,9,415,5,2.08,41.5,6.8,9.7,94.3,4.8,9,0,0.0
1749,1,2026-06-02 16:30:00,22,263,8,3.21,40.2,1.9,1.0,98.7,0.8,22,0,0.0
1750,2,2026-06-02 16:30:00,15,412,8,3.43,42.9,2.7,2.4,98.1,1.4,15,0,0.0
1751,3,2026-06-02 16:30:00,15,268,6,2.23,37.2,2.9,2.1,97.6,1.8,15,0,0.0
1752,4,2026-06-02 16:30:00,8,392,5,1.74,34.8,3.6,4.3,97.1,2.4,7,1,12.5
1753,1,2026-06-02 17:00:00,14,321,6,2.5,41.6,4.7,4.3,96.2,2.6,14,0,0.0
1754,2,2026-06-02 17:00:00,17,470,9,4.44,49.3,4.3,4.4,96.8,2.3,16,1,5.9
1755,3,2026-06-02 17:00:00,8,252,5,1.12,22.4,0.6,0.4,99.5,0.4,8,0,0.0
1756,4,2026-06-02 17:00:00,4,366,3,0.81,27.1,5.4,9.1,95.3,4.0,4,0,0.0
1757,1,2026-06-02 17:30:00,18,315,8,3.15,39.4,1.7,1.1,98.8,0.8,18,0,0.0
1758,2,2026-06-02 17:30:00,14,404,8,3.14,39.3,1.7,1.4,98.8,0.8,14,0,0.0
1759,3,2026-06-02 17:30:00,9,275,5,1.38,27.5,1.4,1.1,98.8,0.9,9,0,0.0
1760,4,2026-06-02 17:30:00,9,361,5,1.8,36.1,4.1,4.6,96.7,2.7,9,0,0.0
1761,1,2026-06-03 08:00:00,19,328,8,3.46,43.3,2.8,2.0,97.9,1.4,19,0,0.0
1762,2,2026-06-03 08:00:00,16,401,8,3.56,44.6,3.3,3.0,97.6,1.6,15,1,6.2
1763,3,2026-06-03 08:00:00,7,224,4,0.87,21.8,1.3,0.9,99.0,0.8,6,1,14.3
1764,4,2026-06-03 08:00:00,2,357,3,0.4,13.2,0.8,1.1,99.3,0.6,2,0,0.0
1765,1,2026-06-03 08:30:00,11,317,5,1.94,38.7,5.3,5.5,95.6,3.1,11,0,0.0
1766,2,2026-06-03 08:30:00,14,443,8,3.45,43.1,2.8,2.7,98.0,1.4,14,0,0.0
1767,3,2026-06-03 08:30:00,11,219,5,1.34,26.8,1.3,0.8,99.0,0.7,11,0,0.0
1768,4,2026-06-03 08:30:00,12,338,5,2.25,45.1,9.1,11.2,92.6,6.1,11,1,8.3
1769,1,2026-06-03 09:00:00,17,301,6,2.84,47.4,8.0,7.6,93.5,4.5,16,1,5.9
1770,2,2026-06-03 09:00:00,12,473,8,3.15,39.4,1.7,1.7,98.7,0.9,12,0,0.0
1771,3,2026-06-03 09:00:00,10,263,5,1.46,29.2,1.8,1.3,98.5,1.1,10,0,0.0
1772,4,2026-06-03 09:00:00,11,353,5,2.16,43.1,7.8,9.7,93.6,5.3,11,0,0.0
1773,1,2026-06-03 09:30:00,29,263,9,4.24,47.1,3.3,1.8,97.7,1.4,27,2,6.9
1774,2,2026-06-03 09:30:00,15,439,8,3.66,45.7,3.8,3.8,97.2,2.0,15,0,0.0
1775,3,2026-06-03 09:30:00,17,233,6,2.2,36.7,2.8,1.7,97.8,1.6,17,0,0.0
1776,4,2026-06-03 09:30:00,9,348,5,1.74,34.8,3.6,3.8,97.2,2.3,8,1,11.1
1777,1,2026-06-03 10:00:00,26,313,9,4.52,50.2,4.7,3.3,96.5,2.3,24,2,7.7
1778,2,2026-06-03 10:00:00,13,435,8,3.14,39.3,1.7,1.5,98.8,0.8,13,0,0.0
1779,3,2026-06-03 10:00:00,20,223,8,2.48,31.0,0.4,0.2,99.7,0.2,20,0,0.0
1780,4,2026-06-03 10:00:00,13,313,5,2.26,45.2,9.2,10.5,92.6,6.1,10,3,23.1
1781,1,2026-06-03 10:30:00,27,277,9,4.16,46.2,3.0,1.7,97.9,1.3,27,0,0.0
1782,2,2026-06-03 10:30:00,31,365,11,6.29,57.1,6.5,5.1,95.6,3.0,30,1,3.2
1783,3,2026-06-03 10:30:00,24,222,8,2.96,37.0,1.2,0.5,99.1,0.6,24,0,0.0
1784,4,2026-06-03 10:30:00,11,381,5,2.33,46.6,10.2,14.6,91.4,7.2,9,2,18.2
1785,1,2026-06-03 11:00:00,40,359,15,7.98,53.2,1.9,1.0,98.7,0.8,39,1,2.5
1786,2,2026-06-03 11:00:00,23,456,11,5.83,53.0,4.1,3.6,97.1,2.0,23,0,0.0
1787,3,2026-06-03 11:00:00,18,233,6,2.33,38.8,3.5,2.2,97.2,2.1,18,0,0.0
1788,4,2026-06-03 11:00:00,9,327,5,1.64,32.7,2.8,2.7,97.8,1.7,9,0,0.0
1789,1,2026-06-03 11:30:00,48,282,14,7.52,53.7,2.5,1.1,98.4,0.9,48,0,0.0
1790,2,2026-06-03 11:30:00,30,409,12,6.82,56.8,5.3,4.2,96.4,2.5,30,0,0.0
1791,3,2026-06-03 11:30:00,24,254,9,3.39,37.6,0.9,0.4,99.4,0.4,24,0,0.0
1792,4,2026-06-03 11:30:00,10,326,5,1.81,36.2,4.1,4.2,96.8,2.6,10,0,0.0
1793,1,2026-06-03 12:00:00,48,304,15,8.11,54.0,2.1,0.9,98.6,0.8,48,0,0.0
1794,2,2026-06-03 12:00:00,22,441,10,5.39,53.9,5.6,5.4,95.9,2.9,22,0,0.0
1795,3,2026-06-03 12:00:00,26,214,8,3.09,38.6,1.5,0.7,98.9,0.8,26,0,0.0
1796,4,2026-06-03 12:00:00,13,423,6,3.06,50.9,10.6,15.3,91.1,7.5,12,1,7.7
1797,1,2026-06-03 12:30:00,54,321,16,9.63,60.2,4.3,2.2,97.1,1.7,53,1,1.9
1798,2,2026-06-03 12:30:00,30,438,14,7.3,52.1,2.0,1.3,98.8,0.8,29,1,3.3
1799,3,2026-06-03 12:30:00,31,237,10,4.08,40.8,1.0,0.4,99.3,0.5,31,0,0.0
1800,4,2026-06-03 12:30:00,20,359,8,3.99,49.9,5.8,5.2,95.6,3.5,20,0,0.0
1801,1,2026-06-03 13:00:00,34,290,11,5.48,49.8,2.8,1.5,98.1,1.1,32,2,5.9
1802,2,2026-06-03 13:00:00,32,411,14,7.31,52.2,2.0,1.2,98.8,0.8,32,0,0.0
1803,3,2026-06-03 13:00:00,23,237,8,3.03,37.9,1.4,0.7,99.0,0.7,23,0,0.0
1804,4,2026-06-03 13:00:00,14,356,6,2.77,46.1,7.2,7.9,94.2,4.7,14,0,0.0
1805,1,2026-06-03 13:30:00,39,283,11,6.13,55.7,5.6,3.3,96.0,2.5,39,0,0.0
1806,2,2026-06-03 13:30:00,34,399,14,7.54,53.8,2.5,1.6,98.5,1.0,33,1,2.9
1807,3,2026-06-03 13:30:00,27,247,9,3.7,41.2,1.5,0.7,98.9,0.8,27,0,0.0
1808,4,2026-06-03 13:30:00,23,331,9,4.23,47.0,3.3,2.3,97.7,1.8,23,0,0.0
1809,1,2026-06-03 14:00:00,32,256,9,4.55,50.6,4.9,2.8,96.5,2.1,32,0,0.0
1810,2,2026-06-03 14:00:00,25,412,11,5.72,52.0,3.7,2.9,97.5,1.7,25,0,0.0
1811,3,2026-06-03 14:00:00,26,236,9,3.41,37.9,0.9,0.4,99.4,0.4,26,0,0.0
1812,4,2026-06-03 14:00:00,17,334,6,3.15,52.6,12.0,14.1,90.3,8.0,17,0,0.0
1813,1,2026-06-03 14:30:00,42,280,12,6.53,54.4,4.0,2.1,97.3,1.6,41,1,2.4
1814,2,2026-06-03 14:30:00,18,444,9,4.44,49.3,4.3,4.2,96.9,2.2,18,0,0.0
1815,3,2026-06-03 14:30:00,15,244,6,2.03,33.9,1.9,1.2,98.5,1.1,15,0,0.0
1816,4,2026-06-03 14:30:00,14,381,6,2.96,49.4,9.4,11.9,92.3,6.4,13,1,7.1
1817,1,2026-06-03 15:00:00,37,306,12,6.29,52.4,3.1,1.7,97.9,1.3,37,0,0.0
1818,2,2026-06-03 15:00:00,27,407,11,6.1,55.5,5.5,4.6,96.2,2.6,27,0,0.0
1819,3,2026-06-03 15:00:00,17,255,6,2.41,40.1,4.1,2.9,96.7,2.5,16,1,5.9
1820,4,2026-06-03 15:00:00,13,365,6,2.64,43.9,5.9,6.4,95.3,3.8,13,0,0.0
1821,1,2026-06-03 15:30:00,30,302,10,5.03,50.3,3.8,2.3,97.3,1.7,29,1,3.3
1822,2,2026-06-03 15:30:00,26,355,10,5.13,51.3,4.2,3.1,97.2,1.9,26,0,0.0
1823,3,2026-06-03 15:30:00,22,218,8,2.66,33.3,0.7,0.3,99.5,0.3,22,0,0.0
1824,4,2026-06-03 15:30:00,12,394,6,2.63,43.8,5.8,6.8,95.3,3.8,12,0,0.0
1825,1,2026-06-03 16:00:00,31,285,10,4.91,49.1,3.2,1.8,97.7,1.4,31,0,0.0
1826,2,2026-06-03 16:00:00,29,449,14,7.23,51.7,1.8,1.2,98.8,0.8,29,0,0.0
1827,3,2026-06-03 16:00:00,16,247,6,2.2,36.6,2.7,1.8,97.8,1.6,16,0,0.0
1828,4,2026-06-03 16:00:00,12,387,6,2.58,43.0,5.4,6.1,95.7,3.5,11,1,8.3
1829,1,2026-06-03 16:30:00,18,338,8,3.38,42.2,2.5,1.8,98.1,1.2,18,0,0.0
1830,2,2026-06-03 16:30:00,15,444,8,3.7,46.2,4.0,4.1,97.0,2.1,15,0,0.0
1831,3,2026-06-03 16:30:00,8,231,4,1.03,25.7,2.2,1.7,98.2,1.4,8,0,0.0
1832,4,2026-06-03 16:30:00,6,424,4,1.41,35.3,6.2,10.2,94.7,4.5,6,0,0.0
1833,1,2026-06-03 17:00:00,20,341,9,3.79,42.1,1.7,1.1,98.7,0.8,20,0,0.0
1834,2,2026-06-03 17:00:00,14,387,8,3.01,37.6,1.3,1.0,99.1,0.6,14,0,0.0
1835,3,2026-06-03 17:00:00,9,261,5,1.3,26.1,1.2,0.8,99.1,0.7,8,1,11.1
1836,4,2026-06-03 17:00:00,6,331,4,1.1,27.6,2.8,3.2,97.7,1.9,6,0,0.0
1837,1,2026-06-03 17:30:00,16,301,6,2.68,44.6,6.3,5.7,95.0,3.4,16,0,0.0
1838,2,2026-06-03 17:30:00,10,421,6,2.34,39.0,3.6,4.1,97.2,2.0,10,0,0.0
1839,3,2026-06-03 17:30:00,12,249,5,1.66,33.2,3.0,2.2,97.6,1.9,12,0,0.0
1840,4,2026-06-03 17:30:00,4,370,3,0.82,27.4,5.6,9.5,95.2,4.1,3,1,25.0
1841,1,2026-06-04 08:00:00,13,331,6,2.39,39.8,3.9,3.6,96.8,2.2,13,0,0.0
1842,2,2026-06-04 08:00:00,12,364,6,2.43,40.4,4.2,4.3,96.9,2.2,12,0,0.0
1843,3,2026-06-04 08:00:00,13,250,6,1.81,30.1,1.1,0.7,99.1,0.6,13,0,0.0
1844,4,2026-06-04 08:00:00,8,352,4,1.56,39.1,8.5,12.2,92.9,6.0,7,1,12.5
1845,1,2026-06-04 08:30:00,13,254,5,1.83,36.7,4.3,3.5,96.6,2.2,12,1,7.7
1846,2,2026-06-04 08:30:00,15,451,8,3.76,47.0,4.3,4.6,96.7,2.3,15,0,0.0
1847,3,2026-06-04 08:30:00,12,222,5,1.48,29.6,1.9,1.2,98.5,1.1,12,0,0.0
1848,4,2026-06-04 08:30:00,7,291,4,1.13,28.3,3.1,3.1,97.6,1.9,6,1,14.3
1849,1,2026-06-04 09:00:00,22,305,8,3.73,46.6,4.1,3.0,96.9,2.0,21,1,4.5
1850,2,2026-06-04 09:00:00,19,361,9,3.81,42.3,1.8,1.2,98.8,0.8,19,0,0.0
1851,3,2026-06-04 09:00:00,10,265,5,1.47,29.4,1.9,1.4,98.5,1.2,10,0,0.0
1852,4,2026-06-04 09:00:00,9,368,5,1.84,36.8,4.4,5.1,96.5,2.9,9,0,0.0
1853,1,2026-06-04 09:30:00,41,308,12,7.02,58.5,6.4,3.9,95.4,2.9,39,2,4.9
1854,2,2026-06-04 09:30:00,19,458,10,4.83,48.3,2.9,2.6,97.9,1.5,19,0,0.0
1855,3,2026-06-04 09:30:00,12,221,5,1.47,29.5,1.9,1.2,98.5,1.1,12,0,0.0
1856,4,2026-06-04 09:30:00,13,321,5,2.32,46.4,10.1,12.1,91.8,6.7,13,0,0.0
1857,1,2026-06-04 10:00:00,25,289,9,4.01,44.6,2.4,1.4,98.3,1.1,24,1,4.0
1858,2,2026-06-04 10:00:00,33,417,14,7.64,54.6,2.8,1.8,98.2,1.2,33,0,0.0
1859,3,2026-06-04 10:00:00,15,211,6,1.76,29.3,1.0,0.5,99.3,0.5,15,0,0.0
1860,4,2026-06-04 10:00:00,12,411,6,2.74,45.7,6.9,8.7,94.3,4.7,11,1,8.3
1861,1,2026-06-04 10:30:00,40,304,12,6.76,56.3,5.0,2.9,96.5,2.2,40,0,0.0
1862,2,2026-06-04 10:30:00,30,450,14,7.5,53.6,2.4,1.7,98.4,1.1,30,0,0.0
1863,3,2026-06-04 10:30:00,16,227,6,2.02,33.6,1.9,1.1,98.6,1.0,16,0,0.0
1864,4,2026-06-04 10:30:00,11,347,5,2.12,42.4,7.4,8.9,94.0,4.9,11,0,0.0
1865,1,2026-06-04 11:00:00,40,301,12,6.69,55.7,4.7,2.7,96.7,2.0,38,2,5.0
1866,2,2026-06-04 11:00:00,29,387,11,6.24,56.7,6.2,5.0,95.7,2.9,28,1,3.4
1867,3,2026-06-04 11:00:00,16,273,8,2.43,30.3,0.4,0.2,99.7,0.2,16,0,0.0
1868,4,2026-06-04 11:00:00,19,355,8,3.75,46.8,4.3,3.6,96.8,2.5,18,1,5.3
1869,1,2026-06-04 11:30:00,46,304,14,7.77,55.5,3.2,1.5,97.9,1.2,45,1,2.2
1870,2,2026-06-04 11:30:00,33,415,14,7.61,54.3,2.7,1.8,98.3,1.1,33,0,0.0
1871,3,2026-06-04 11:30:00,30,243,10,4.05,40.5,1.0,0.4,99.3,0.5,30,0,0.0
1872,4,2026-06-04 11:30:00,11,336,5,2.05,41.1,6.6,7.5,94.7,4.3,11,0,0.0
1873,1,2026-06-04 12:00:00,45,321,15,8.02,53.5,2.0,0.9,98.7,0.8,45,0,0.0
1874,2,2026-06-04 12:00:00,35,447,15,8.69,57.9,3.7,2.6,97.6,1.6,35,0,0.0
1875,3,2026-06-04 12:00:00,22,254,8,3.1,38.8,1.6,0.8,98.8,0.8,21,1,4.5
1876,4,2026-06-04 12:00:00,18,413,9,4.13,45.9,2.9,2.4,97.9,1.7,18,0,0.0
1877,1,2026-06-04 12:30:00,33,292,10,5.35,53.5,5.4,3.4,96.1,2.5,33,0,0.0
1878,2,2026-06-04 12:30:00,31,431,14,7.42,53.0,2.2,1.5,98.6,0.9,31,0,0.0
1879,3,2026-06-04 12:30:00,31,228,10,3.93,39.3,0.8,0.3,99.5,0.4,31,0,0.0
1880,4,2026-06-04 12:30:00,20,378,9,4.2,46.7,3.1,2.5,97.7,1.8,20,0,0.0
1881,1,2026-06-04 13:00:00,37,317,12,6.52,54.3,3.9,2.3,97.2,1.7,34,3,8.1
1882,2,2026-06-04 13:00:00,44,410,17,10.02,59.0,3.1,1.8,98.1,1.2,44,0,0.0
1883,3,2026-06-04 13:00:00,26,243,9,3.51,39.0,1.1,0.5,99.2,0.5,26,0,0.0
1884,4,2026-06-04 13:00:00,18,350,8,3.5,43.8,3.0,2.3,97.8,1.7,18,0,0.0
1885,1,2026-06-04 13:30:00,37,334,12,6.87,57.2,5.5,3.6,95.9,2.6,37,0,0.0
1886,2,2026-06-04 13:30:00,34,460,15,8.69,57.9,3.7,2.7,97.5,1.7,34,0,0.0
1887,3,2026-06-04 13:30:00,22,257,9,3.14,34.9,0.5,0.2,99.6,0.3,22,0,0.0
1888,4,2026-06-04 13:30:00,15,316,6,2.63,43.9,5.9,5.5,95.5,3.6,15,0,0.0
1889,1,2026-06-04 14:00:00,33,326,11,5.98,54.3,4.8,3.1,96.5,2.2,33,0,0.0
1890,2,2026-06-04 14:00:00,26,453,12,6.54,54.5,4.0,3.4,97.2,1.9,26,0,0.0
1891,3,2026-06-04 14:00:00,22,262,9,3.2,35.6,0.6,0.3,99.6,0.3,22,0,0.0
1892,4,2026-06-04 14:00:00,13,340,6,2.46,40.9,4.4,4.2,96.6,2.7,13,0,0.0
1893,1,2026-06-04 14:30:00,42,289,12,6.74,56.2,4.9,2.7,96.6,2.1,41,1,2.4
1894,2,2026-06-04 14:30:00,26,411,11,5.94,54.0,4.6,3.7,96.8,2.2,26,0,0.0
1895,3,2026-06-04 14:30:00,30,219,9,3.65,40.6,1.4,0.6,99.0,0.7,30,0,0.0
1896,4,2026-06-04 14:30:00,16,385,8,3.42,42.8,2.7,2.2,98.0,1.5,16,0,0.0
1897,1,2026-06-04 15:00:00,29,281,9,4.53,50.3,4.8,3.0,96.5,2.2,29,0,0.0
1898,2,2026-06-04 15:00:00,23,469,11,5.99,54.5,4.9,4.6,96.5,2.5,23,0,0.0
1899,3,2026-06-04 15:00:00,28,192,8,2.99,37.3,1.3,0.5,99.1,0.6,28,0,0.0
1900,4,2026-06-04 15:00:00,8,387,5,1.72,34.4,3.4,4.0,97.2,2.3,8,0,0.0
1901,1,2026-06-04 15:30:00,38,337,14,7.11,50.8,1.6,0.8,98.9,0.6,38,0,0.0
1902,2,2026-06-04 15:30:00,28,412,12,6.41,53.4,3.5,2.6,97.7,1.6,28,0,0.0
1903,3,2026-06-04 15:30:00,10,233,5,1.29,25.9,1.1,0.7,99.1,0.7,10,0,0.0
1904,4,2026-06-04 15:30:00,13,407,6,2.94,49.0,9.2,12.2,92.4,6.3,12,1,7.7
1905,1,2026-06-04 16:00:00,32,314,11,5.58,50.7,3.1,1.8,97.8,1.4,32,0,0.0
1906,2,2026-06-04 16:00:00,22,391,10,4.78,47.8,2.7,2.1,98.2,1.2,22,0,0.0
1907,3,2026-06-04 16:00:00,16,215,6,1.91,31.9,1.5,0.8,98.9,0.8,16,0,0.0
1908,4,2026-06-04 16:00:00,8,373,5,1.66,33.2,3.0,3.3,97.6,1.9,8,0,0.0
1909,1,2026-06-04 16:30:00,25,263,8,3.65,45.7,3.7,2.3,97.3,1.7,25,0,0.0
1910,2,2026-06-04 16:30:00,10,449,6,2.49,41.6,4.7,6.0,96.3,2.8,10,0,0.0
1911,3,2026-06-04 16:30:00,12,278,6,1.85,30.9,1.3,0.9,99.0,0.8,12,0,0.0
1912,4,2026-06-04 16:30:00,8,356,4,1.58,39.6,8.8,12.9,92.6,6.2,8,0,0.0
1913,1,2026-06-04 17:00:00,15,343,6,2.86,47.6,8.2,8.9,93.2,4.9,15,0,0.0
1914,2,2026-06-04 17:00:00,12,421,6,2.81,46.8,7.6,10.0,93.9,4.5,12,0,0.0
1915,3,2026-06-04 17:00:00,17,228,6,2.15,35.9,2.5,1.5,98.1,1.4,16,1,5.9
1916,4,2026-06-04 17:00:00,3,343,3,0.57,19.1,2.2,3.1,98.2,1.5,3,0,0.0
1917,1,2026-06-04 17:30:00,14,299,6,2.33,38.8,3.5,2.8,97.3,1.8,14,0,0.0
1918,2,2026-06-04 17:30:00,11,396,6,2.42,40.3,4.1,4.6,96.8,2.3,10,1,9.1
1919,3,2026-06-04 17:30:00,13,254,6,1.83,30.6,1.2,0.7,99.0,0.7,13,0,0.0
1920,4,2026-06-04 17:30:00,7,358,4,1.39,34.8,5.9,8.1,95.1,4.1,7,0,0.0
1921,1,2026-06-05 08:00:00,13,262,5,1.89,37.8,4.9,4.1,96.2,2.6,13,0,0.0
1922,2,2026-06-05 08:00:00,9,463,6,2.32,38.6,3.4,4.3,97.3,2.0,9,0,0.0
1923,3,2026-06-05 08:00:00,10,241,5,1.34,26.8,1.3,0.8,99.0,0.8,10,0,0.0
1924,4,2026-06-05 08:00:00,3,364,3,0.61,20.2,2.5,3.9,97.8,1.8,3,0,0.0
1925,1,2026-06-05 08:30:00,13,330,6,2.38,39.7,3.9,3.5,96.9,2.1,13,0,0.0
1926,2,2026-06-05 08:30:00,15,462,9,3.85,42.8,1.9,1.7,98.6,0.9,15,0,0.0
1927,3,2026-06-05 08:30:00,10,249,5,1.38,27.7,1.5,1.0,98.8,0.9,10,0,0.0
1928,4,2026-06-05 08:30:00,5,369,4,1.02,25.6,2.2,2.7,98.2,1.5,5,0,0.0
1929,1,2026-06-05 09:00:00,27,320,10,4.8,48.0,2.8,1.7,98.0,1.3,26,1,3.7
1930,2,2026-06-05 09:00:00,23,430,11,5.49,49.9,2.8,2.2,98.1,1.3,23,0,0.0
1931,3,2026-06-05 09:00:00,13,247,6,1.78,29.7,1.1,0.6,99.2,0.6,12,1,7.7
1932,4,2026-06-05 09:00:00,4,290,3,0.64,21.5,3.0,3.7,97.6,2.0,4,0,0.0
1933,1,2026-06-05 09:30:00,30,302,10,5.03,50.3,3.8,2.3,97.3,1.7,30,0,0.0
1934,2,2026-06-05 09:30:00,22,430,10,5.26,52.6,4.8,4.4,96.5,2.4,21,1,4.5
1935,3,2026-06-05 09:30:00,21,233,8,2.72,34.0,0.7,0.3,99.5,0.4,21,0,0.0
1936,4,2026-06-05 09:30:00,8,360,4,1.6,40.0,9.1,13.6,92.3,6.5,8,0,0.0
1937,1,2026-06-05 10:00:00,27,310,10,4.65,46.5,2.3,1.3,98.4,1.0,27,0,0.0
1938,2,2026-06-05 10:00:00,18,434,9,4.34,48.2,3.8,3.5,97.3,1.9,17,1,5.6
1939,3,2026-06-05 10:00:00,20,191,6,2.12,35.4,2.3,1.2,98.3,1.2,20,0,0.0
1940,4,2026-06-05 10:00:00,10,331,5,1.84,36.8,4.4,4.6,96.5,2.8,10,0,0.0
1941,1,2026-06-05 10:30:00,33,309,11,5.66,51.5,3.4,2.0,97.6,1.5,32,1,3.0
1942,2,2026-06-05 10:30:00,20,403,9,4.48,49.8,4.5,4.0,96.8,2.2,19,1,5.0
1943,3,2026-06-05 10:30:00,10,248,5,1.38,27.6,1.4,1.0,98.8,0.9,10,0,0.0
1944,4,2026-06-05 10:30:00,9,349,5,1.74,34.9,3.6,3.9,97.1,2.3,9,0,0.0
1945,1,2026-06-05 11:00:00,33,326,11,5.98,54.3,4.8,3.1,96.5,2.2,33,0,0.0
1946,2,2026-06-05 11:00:00,27,396,11,5.94,54.0,4.6,3.6,96.8,2.2,27,0,0.0
1947,3,2026-06-05 11:00:00,28,255,10,3.97,39.7,0.8,0.4,99.4,0.4,27,1,3.6
1948,4,2026-06-05 11:00:00,10,380,5,2.11,42.2,7.3,9.5,94.0,5.0,9,1,10.0
1949,1,2026-06-05 11:30:00,31,267,9,4.6,51.1,5.2,3.1,96.3,2.3,30,1,3.2
1950,2,2026-06-05 11:30:00,27,351,10,5.26,52.6,4.9,3.6,96.7,2.2,27,0,0.0
1951,3,2026-06-05 11:30:00,15,248,6,2.07,34.4,2.1,1.3,98.4,1.2,15,0,0.0
1952,4,2026-06-05 11:30:00,12,371,6,2.47,41.2,4.5,4.8,96.4,2.9,12,0,0.0
1953,1,2026-06-05 12:00:00,43,327,14,7.81,55.8,3.3,1.7,97.7,1.4,43,0,0.0
1954,2,2026-06-05 12:00:00,25,436,11,6.06,55.1,5.2,4.6,96.3,2.6,24,1,4.0
1955,3,2026-06-05 12:00:00,23,201,8,2.57,32.1,0.5,0.2,99.6,0.2,23,0,0.0
1956,4,2026-06-05 12:00:00,15,347,6,2.89,48.2,8.6,9.6,93.1,5.6,15,0,0.0
1957,1,2026-06-05 12:30:00,38,296,11,6.25,56.8,6.3,3.9,95.4,2.9,35,3,7.9
1958,2,2026-06-05 12:30:00,36,407,15,8.14,54.3,2.2,1.3,98.7,0.9,36,0,0.0
1959,3,2026-06-05 12:30:00,26,251,9,3.63,40.3,1.3,0.6,99.0,0.7,26,0,0.0
1960,4,2026-06-05 12:30:00,18,413,9,4.13,45.9,2.9,2.4,97.9,1.7,18,0,0.0
1961,1,2026-06-05 13:00:00,40,275,11,6.11,55.6,5.5,3.1,96.1,2.4,40,0,0.0
1962,2,2026-06-05 13:00:00,35,441,15,8.57,57.2,3.3,2.3,97.8,1.4,35,0,0.0
1963,3,2026-06-05 13:00:00,26,236,9,3.41,37.9,0.9,0.4,99.4,0.4,26,0,0.0
1964,4,2026-06-05 13:00:00,16,325,6,2.89,48.1,8.5,8.9,93.3,5.4,16,0,0.0
1965,1,2026-06-05 13:30:00,38,319,12,6.73,56.1,4.9,3.0,96.5,2.2,36,2,5.3
1966,2,2026-06-05 13:30:00,33,398,14,7.3,52.1,2.0,1.2,98.8,0.8,32,1,3.0
1967,3,2026-06-05 13:30:00,20,236,8,2.62,32.8,0.6,0.3,99.6,0.3,20,0,0.0
1968,4,2026-06-05 13:30:00,23,324,9,4.14,46.0,2.9,1.9,98.0,1.5,23,0,0.0
1969,1,2026-06-05 14:00:00,49,309,15,8.41,56.1,2.9,1.4,98.1,1.1,48,1,2.0
1970,2,2026-06-05 14:00:00,25,399,11,5.54,50.4,3.0,2.2,98.0,1.3,25,0,0.0
1971,3,2026-06-05 14:00:00,31,235,10,4.05,40.5,1.0,0.4,99.3,0.4,31,0,0.0
1972,4,2026-06-05 14:00:00,15,372,6,3.1,51.7,11.3,14.4,90.7,7.7,13,2,13.3
1973,1,2026-06-05 14:30:00,35,294,11,5.72,52.0,3.6,2.0,97.5,1.6,35,0,0.0
1974,2,2026-06-05 14:30:00,35,465,16,9.04,56.5,2.6,1.7,98.3,1.1,34,1,2.9
1975,3,2026-06-05 14:30:00,15,238,6,1.98,33.1,1.7,1.0,98.7,1.0,15,0,0.0
1976,4,2026-06-05 14:30:00,21,364,9,4.25,47.2,3.3,2.6,97.6,1.9,21,0,0.0
1977,1,2026-06-05 15:00:00,35,307,11,5.97,54.3,4.8,2.9,96.6,2.1,35,0,0.0
1978,2,2026-06-05 15:00:00,23,365,10,4.66,46.6,2.4,1.6,98.5,1.0,23,0,0.0
1979,3,2026-06-05 15:00:00,19,245,8,2.59,32.3,0.6,0.2,99.6,0.3,18,1,5.3
1980,4,2026-06-05 15:00:00,12,336,5,2.24,44.8,8.9,10.9,92.7,6.0,11,1,8.3
1981,1,2026-06-05 15:30:00,25,268,8,3.72,46.5,4.1,2.6,97.0,1.9,23,2,8.0
1982,2,2026-06-05 15:30:00,25,398,11,5.53,50.3,2.9,2.1,98.1,1.3,25,0,0.0
1983,3,2026-06-05 15:30:00,16,264,6,2.35,39.1,3.6,2.6,97.0,2.2,16,0,0.0
1984,4,2026-06-05 15:30:00,16,373,8,3.32,41.4,2.2,1.8,98.4,1.3,15,1,6.2
1985,1,2026-06-05 16:00:00,18,296,6,2.96,49.3,9.4,9.2,92.3,5.3,17,1,5.6
1986,2,2026-06-05 16:00:00,18,382,9,3.82,42.4,1.8,1.3,98.8,0.8,17,1,5.6
1987,3,2026-06-05 16:00:00,16,257,6,2.28,38.1,3.2,2.2,97.4,2.0,16,0,0.0
1988,4,2026-06-05 16:00:00,13,396,6,2.86,47.7,8.2,10.4,93.3,5.6,13,0,0.0
1989,1,2026-06-05 16:30:00,18,288,6,2.88,48.0,8.4,7.8,93.2,4.7,15,3,16.7
1990,2,2026-06-05 16:30:00,24,382,10,5.09,50.9,4.0,3.1,97.3,1.9,24,0,0.0
1991,3,2026-06-05 16:30:00,14,258,6,2.01,33.4,1.8,1.2,98.6,1.1,14,0,0.0
1992,4,2026-06-05 16:30:00,4,353,3,0.78,26.1,4.9,7.9,95.8,3.6,4,0,0.0
1993,1,2026-06-05 17:00:00,17,313,6,2.96,49.3,9.4,9.6,92.3,5.4,16,1,5.9
1994,2,2026-06-05 17:00:00,19,428,9,4.52,50.2,4.7,4.5,96.6,2.4,19,0,0.0
1995,3,2026-06-05 17:00:00,6,236,4,0.79,19.7,0.9,0.7,99.3,0.6,6,0,0.0
1996,4,2026-06-05 17:00:00,7,363,4,1.41,35.3,6.2,8.7,94.8,4.3,7,0,0.0
1997,1,2026-06-05 17:30:00,13,326,6,2.35,39.2,3.7,3.3,97.1,2.0,13,0,0.0
1998,2,2026-06-05 17:30:00,12,439,6,2.93,48.8,9.0,12.9,92.7,5.5,12,0,0.0
1999,3,2026-06-05 17:30:00,12,235,5,1.57,31.3,2.4,1.6,98.1,1.4,11,1,8.3
2000,4,2026-06-05 17:30:00,5,357,4,0.99,24.8,2.0,2.4,98.4,1.3,5,0,0.0
2001,1,2026-06-08 08:00:00,17,270,6,2.55,42.5,5.2,4.0,96.0,2.6,17,0,0.0
2002,2,2026-06-08 08:00:00,7,427,5,1.66,33.2,3.0,3.8,97.6,1.8,7,0,0.0
2003,3,2026-06-08 08:00:00,4,203,3,0.45,15.0,1.1,0.9,99.1,0.7,4,0,0.0
2004,4,2026-06-08 08:00:00,6,427,4,1.42,35.6,6.3,10.5,94.5,4.7,6,0,0.0
2005,1,2026-06-08 08:30:00,18,323,8,3.23,40.4,1.9,1.3,98.6,0.9,18,0,0.0
2006,2,2026-06-08 08:30:00,22,413,10,5.05,50.5,3.8,3.2,97.3,1.8,21,1,4.5
2007,3,2026-06-08 08:30:00,10,291,5,1.62,32.3,2.7,2.3,97.7,1.8,10,0,0.0
2008,4,2026-06-08 08:30:00,7,357,4,1.39,34.7,5.9,8.0,95.1,4.1,7,0,0.0
2009,1,2026-06-08 09:00:00,21,283,8,3.3,41.3,2.2,1.3,98.4,1.0,21,0,0.0
2010,2,2026-06-08 09:00:00,8,373,5,1.66,33.2,3.0,3.3,97.7,1.6,8,0,0.0
2011,3,2026-06-08 09:00:00,16,235,6,2.09,34.8,2.2,1.3,98.3,1.3,15,1,6.2
2012,4,2026-06-08 09:00:00,9,350,5,1.75,35.0,3.6,3.9,97.1,2.3,9,0,0.0
2013,1,2026-06-08 09:30:00,18,297,6,2.97,49.5,9.5,9.3,92.2,5.4,17,1,5.6
2014,2,2026-06-08 09:30:00,19,447,10,4.72,47.2,2.5,2.2,98.2,1.2,19,0,0.0
2015,3,2026-06-08 09:30:00,18,239,6,2.39,39.8,3.9,2.6,96.9,2.3,18,0,0.0
2016,4,2026-06-08 09:30:00,10,358,5,1.99,39.8,5.9,7.0,95.3,3.9,8,2,20.0
2017,1,2026-06-08 10:00:00,32,300,10,5.33,53.3,5.3,3.4,96.1,2.4,32,0,0.0
2018,2,2026-06-08 10:00:00,24,456,11,6.08,55.3,5.3,4.9,96.1,2.7,24,0,0.0
2019,3,2026-06-08 10:00:00,18,236,6,2.36,39.3,3.7,2.4,97.0,2.2,18,0,0.0
2020,4,2026-06-08 10:00:00,9,370,5,1.85,37.0,4.5,5.3,96.4,3.0,9,0,0.0
2021,1,2026-06-08 10:30:00,33,337,11,6.18,56.2,5.9,4.1,95.6,2.8,30,3,9.1
2022,2,2026-06-08 10:30:00,26,423,11,6.11,55.5,5.5,4.8,96.1,2.7,25,1,3.8
2023,3,2026-06-08 10:30:00,20,247,8,2.74,34.3,0.8,0.4,99.4,0.4,20,0,0.0
2024,4,2026-06-08 10:30:00,11,355,5,2.17,43.4,8.0,10.0,93.5,5.4,11,0,0.0
2025,1,2026-06-08 11:00:00,30,310,10,5.17,51.7,4.4,2.8,96.8,2.0,30,0,0.0
2026,2,2026-06-08 11:00:00,21,407,10,4.75,47.5,2.6,2.0,98.2,1.2,20,1,4.8
2027,3,2026-06-08 11:00:00,30,229,9,3.82,42.4,1.8,0.8,98.7,0.9,30,0,0.0
2028,4,2026-06-08 11:00:00,11,362,5,2.21,44.2,8.6,11.1,92.9,5.9,11,0,0.0
2029,1,2026-06-08 11:30:00,32,289,10,5.14,51.4,4.2,2.5,97.0,1.9,29,3,9.4
2030,2,2026-06-08 11:30:00,18,416,9,4.16,46.2,3.0,2.6,97.9,1.5,18,0,0.0
2031,3,2026-06-08 11:30:00,22,242,8,2.96,37.0,1.2,0.6,99.1,0.6,22,0,0.0
2032,4,2026-06-08 11:30:00,13,355,6,2.56,42.7,5.3,5.4,95.9,3.3,13,0,0.0
2033,1,2026-06-08 12:00:00,57,305,16,9.66,60.4,4.4,2.1,97.1,1.7,55,2,3.5
2034,2,2026-06-08 12:00:00,27,414,11,6.21,56.5,6.1,5.2,95.7,3.0,25,2,7.4
2035,3,2026-06-08 12:00:00,26,246,9,3.55,39.5,1.2,0.5,99.2,0.6,26,0,0.0
2036,4,2026-06-08 12:00:00,19,343,8,3.62,45.3,3.6,2.8,97.4,2.0,19,0,0.0
2037,1,2026-06-08 12:30:00,54,309,16,9.27,57.9,3.2,1.5,97.9,1.2,54,0,0.0
2038,2,2026-06-08 12:30:00,30,418,12,6.97,58.1,6.1,5.0,95.8,2.9,28,2,6.7
2039,3,2026-06-08 12:30:00,18,250,8,2.5,31.2,0.5,0.2,99.7,0.2,18,0,0.0
2040,4,2026-06-08 12:30:00,12,299,5,1.99,39.9,5.9,5.9,95.4,3.7,11,1,8.3
2041,1,2026-06-08 13:00:00,51,282,14,7.99,57.1,3.9,1.8,97.5,1.5,51,0,0.0
2042,2,2026-06-08 13:00:00,31,397,12,6.84,57.0,5.4,4.1,96.4,2.5,31,0,0.0
2043,3,2026-06-08 13:00:00,30,236,10,3.93,39.3,0.8,0.3,99.5,0.4,30,0,0.0
2044,4,2026-06-08 13:00:00,14,362,6,2.82,46.9,7.7,8.8,93.8,5.1,14,0,0.0
2045,1,2026-06-08 13:30:00,44,301,14,7.36,52.6,2.1,0.9,98.7,0.8,43,1,2.3
2046,2,2026-06-08 13:30:00,36,420,15,8.4,56.0,2.8,1.8,98.2,1.2,34,2,5.6
2047,3,2026-06-08 13:30:00,22,276,9,3.37,37.5,0.9,0.4,99.4,0.4,22,0,0.0
2048,4,2026-06-08 13:30:00,17,308,6,2.91,48.5,8.8,8.8,93.2,5.5,16,1,5.9
2049,1,2026-06-08 14:00:00,37,331,12,6.8,56.7,5.2,3.3,96.2,2.4,37,0,0.0
2050,2,2026-06-08 14:00:00,22,508,11,6.21,56.4,6.1,6.4,95.4,3.3,21,1,4.5
2051,3,2026-06-08 14:00:00,27,233,9,3.5,38.8,1.1,0.4,99.3,0.5,27,0,0.0
2052,4,2026-06-08 14:00:00,11,383,5,2.34,46.8,10.4,15.0,91.2,7.4,11,0,0.0
2053,1,2026-06-08 14:30:00,31,287,10,4.94,49.4,3.4,1.9,97.6,1.5,30,1,3.2
2054,2,2026-06-08 14:30:00,19,373,9,3.94,43.7,2.2,1.6,98.6,1.0,19,0,0.0
2055,3,2026-06-08 14:30:00,21,249,8,2.9,36.3,1.1,0.5,99.2,0.6,21,0,0.0
2056,4,2026-06-08 14:30:00,8,347,4,1.54,38.6,8.1,11.5,93.2,5.7,7,1,12.5
2057,1,2026-06-08 15:00:00,35,314,11,6.11,55.5,5.5,3.5,96.0,2.5,34,1,2.9
2058,2,2026-06-08 15:00:00,25,440,11,6.11,55.6,5.5,5.0,96.1,2.8,24,1,4.0
2059,3,2026-06-08 15:00:00,21,232,8,2.71,33.8,0.7,0.3,99.5,0.4,19,2,9.5
2060,4,2026-06-08 15:00:00,17,345,8,3.26,40.7,2.0,1.5,98.6,1.1,16,1,5.9
2061,1,2026-06-08 15:30:00,31,329,11,5.67,51.5,3.4,2.1,97.5,1.6,31,0,0.0
2062,2,2026-06-08 15:30:00,18,500,10,5.0,50.0,3.6,3.6,97.3,1.9,18,0,0.0
2063,3,2026-06-08 15:30:00,19,212,6,2.24,37.3,3.0,1.7,97.7,1.6,18,1,5.3
2064,4,2026-06-08 15:30:00,10,364,5,2.02,40.4,6.2,7.6,94.9,4.2,10,0,0.0
2065,1,2026-06-08 16:00:00,22,312,9,3.81,42.4,1.8,1.1,98.7,0.8,22,0,0.0
2066,2,2026-06-08 16:00:00,24,425,11,5.67,51.5,3.4,2.7,97.6,1.6,24,0,0.0
2067,3,2026-06-08 16:00:00,16,270,6,2.4,40.0,4.0,3.0,96.7,2.5,15,1,6.2
2068,4,2026-06-08 16:00:00,14,376,6,2.92,48.7,9.0,11.0,92.7,6.0,14,0,0.0
2069,1,2026-06-08 16:30:00,15,298,6,2.48,41.4,4.6,3.9,96.4,2.4,15,0,0.0
2070,2,2026-06-08 16:30:00,17,459,9,4.34,48.2,3.7,3.7,97.2,2.0,17,0,0.0
2071,3,2026-06-08 16:30:00,17,244,6,2.3,38.4,3.4,2.2,97.3,2.0,17,0,0.0
2072,4,2026-06-08 16:30:00,10,326,5,1.81,36.2,4.1,4.2,96.8,2.6,10,0,0.0
2073,1,2026-06-08 17:00:00,15,310,6,2.58,43.1,5.4,4.9,95.6,3.0,15,0,0.0
2074,2,2026-06-08 17:00:00,14,460,8,3.58,44.7,3.4,3.5,97.5,1.8,14,0,0.0
2075,3,2026-06-08 17:00:00,13,213,5,1.54,30.8,2.2,1.4,98.3,1.3,13,0,0.0
2076,4,2026-06-08 17:00:00,7,364,4,1.42,35.4,6.2,8.8,94.8,4.4,6,1,14.3
2077,1,2026-06-08 17:30:00,15,323,6,2.69,44.9,6.4,6.3,94.8,3.6,14,1,6.7
2078,2,2026-06-08 17:30:00,12,394,6,2.63,43.8,5.8,6.8,95.5,3.3,11,1,8.3
2079,3,2026-06-08 17:30:00,5,241,4,0.67,16.7,0.5,0.4,99.6,0.3,5,0,0.0
2080,4,2026-06-08 17:30:00,3,366,3,0.61,20.3,2.6,3.9,97.8,1.9,3,0,0.0
2081,1,2026-06-09 08:00:00,20,288,8,3.2,40.0,1.8,1.1,98.7,0.8,20,0,0.0
2082,2,2026-06-09 08:00:00,15,443,8,3.69,46.1,3.9,4.1,97.1,2.1,15,0,0.0
2083,3,2026-06-09 08:00:00,8,237,4,1.05,26.3,2.4,1.9,98.0,1.6,8,0,0.0
2084,4,2026-06-09 08:00:00,6,336,4,1.12,28.0,3.0,3.5,97.6,2.0,6,0,0.0
2085,1,2026-06-09 08:30:00,19,314,8,3.31,41.4,2.2,1.5,98.3,1.1,19,0,0.0
2086,2,2026-06-09 08:30:00,16,413,8,3.67,45.9,3.8,3.7,97.2,2.0,16,0,0.0
2087,3,2026-06-09 08:30:00,10,231,5,1.28,25.7,1.1,0.7,99.2,0.6,10,0,0.0
2088,4,2026-06-09 08:30:00,9,338,5,1.69,33.8,3.2,3.3,97.5,2.0,8,1,11.1
2089,1,2026-06-09 09:00:00,13,269,5,1.94,38.9,5.4,4.7,95.7,2.9,12,1,7.7
2090,2,2026-06-09 09:00:00,18,424,9,4.24,47.1,3.3,3.0,97.6,1.6,18,0,0.0
2091,3,2026-06-09 09:00:00,20,246,8,2.73,34.2,0.8,0.4,99.4,0.4,20,0,0.0
2092,4,2026-06-09 09:00:00,13,420,6,3.03,50.6,10.4,14.7,91.3,7.3,13,0,0.0
2093,1,2026-06-09 09:30:00,30,310,10,5.17,51.7,4.4,2.8,96.8,2.0,29,1,3.3
2094,2,2026-06-09 09:30:00,21,447,10,5.22,52.2,4.6,4.3,96.6,2.4,21,0,0.0
2095,3,2026-06-09 09:30:00,26,287,10,4.15,41.5,1.1,0.5,99.2,0.6,26,0,0.0
2096,4,2026-06-09 09:30:00,17,386,8,3.65,45.6,3.7,3.3,97.2,2.2,17,0,0.0
2097,1,2026-06-09 10:00:00,21,364,9,4.25,47.2,3.3,2.6,97.4,1.7,21,0,0.0
2098,2,2026-06-09 10:00:00,18,422,9,4.22,46.9,3.2,2.8,97.7,1.6,18,0,0.0
2099,3,2026-06-09 10:00:00,21,244,8,2.85,35.6,1.0,0.5,99.3,0.5,21,0,0.0
2100,4,2026-06-09 10:00:00,8,285,4,1.27,31.7,4.4,4.6,96.5,2.8,8,0,0.0
2101,1,2026-06-09 10:30:00,27,313,10,4.7,47.0,2.5,1.5,98.2,1.1,26,1,3.7
2102,2,2026-06-09 10:30:00,26,442,12,6.38,53.2,3.4,2.7,97.7,1.6,25,1,3.8
2103,3,2026-06-09 10:30:00,23,240,8,3.07,38.3,1.5,0.7,98.9,0.8,23,0,0.0
2104,4,2026-06-09 10:30:00,12,375,6,2.5,41.7,4.7,5.1,96.2,3.0,11,1,8.3
2105,1,2026-06-09 11:00:00,32,280,10,4.98,49.8,3.5,2.0,97.5,1.5,32,0,0.0
2106,2,2026-06-09 11:00:00,34,397,14,7.5,53.6,2.4,1.5,98.5,1.0,34,0,0.0
2107,3,2026-06-09 11:00:00,22,255,8,3.12,39.0,1.6,0.8,98.8,0.9,22,0,0.0
2108,4,2026-06-09 11:00:00,16,308,6,2.74,45.6,6.9,6.5,94.7,4.2,16,0,0.0
2109,1,2026-06-09 11:30:00,37,320,12,6.58,54.8,4.2,2.5,97.0,1.8,36,1,2.7
2110,2,2026-06-09 11:30:00,31,440,14,7.58,54.1,2.6,1.8,98.3,1.1,31,0,0.0
2111,3,2026-06-09 11:30:00,27,216,9,3.24,36.0,0.7,0.2,99.6,0.3,27,0,0.0
2112,4,2026-06-09 11:30:00,9,366,5,1.83,36.6,4.3,5.0,96.5,2.8,9,0,0.0
2113,1,2026-06-09 12:00:00,44,325,14,7.94,56.7,3.7,2.0,97.4,1.6,43,1,2.3
2114,2,2026-06-09 12:00:00,36,459,16,9.18,57.4,2.9,2.0,98.1,1.3,34,2,5.6
2115,3,2026-06-09 12:00:00,22,259,9,3.17,35.2,0.6,0.3,99.6,0.3,21,1,4.5
2116,4,2026-06-09 12:00:00,13,337,6,2.43,40.6,4.2,4.0,96.7,2.6,13,0,0.0
2117,1,2026-06-09 12:30:00,45,317,14,7.92,56.6,3.7,1.9,97.5,1.5,45,0,0.0
2118,2,2026-06-09 12:30:00,37,455,16,9.35,58.5,3.4,2.3,97.8,1.5,37,0,0.0
2119,3,2026-06-09 12:30:00,24,273,9,3.64,40.4,1.4,0.7,99.0,0.7,24,0,0.0
2120,4,2026-06-09 12:30:00,14,377,6,2.93,48.9,9.1,11.1,92.6,6.1,12,2,14.3
2121,1,2026-06-09 13:00:00,42,307,14,7.16,51.2,1.7,0.8,98.9,0.6,40,2,4.8
2122,2,2026-06-09 13:00:00,35,374,14,7.27,51.9,1.9,1.1,98.9,0.7,35,0,0.0
2123,3,2026-06-09 13:00:00,21,204,6,2.38,39.7,3.9,2.2,97.0,2.1,21,0,0.0
2124,4,2026-06-09 13:00:00,16,324,6,2.88,48.0,8.4,8.8,93.4,5.4,16,0,0.0
2125,1,2026-06-09 13:30:00,40,330,14,7.33,52.4,2.0,1.0,98.6,0.8,40,0,0.0
2126,2,2026-06-09 13:30:00,35,440,15,8.56,57.0,3.3,2.2,97.9,1.4,34,1,2.9
2127,3,2026-06-09 13:30:00,27,229,9,3.44,38.2,1.0,0.4,99.3,0.5,27,0,0.0
2128,4,2026-06-09 13:30:00,7,404,4,1.57,39.3,8.6,14.3,92.6,6.3,6,1,14.3
2129,1,2026-06-09 14:00:00,38,304,12,6.42,53.5,3.6,1.9,97.5,1.5,38,0,0.0
2130,2,2026-06-09 14:00:00,29,430,12,6.93,57.7,5.9,5.0,95.9,2.8,28,1,3.4
2131,3,2026-06-09 14:00:00,20,243,8,2.7,33.8,0.7,0.3,99.5,0.4,20,0,0.0
2132,4,2026-06-09 14:00:00,10,375,5,2.08,41.7,6.9,8.9,94.3,4.7,10,0,0.0
2133,1,2026-06-09 14:30:00,39,307,12,6.65,55.4,4.5,2.6,96.8,2.0,37,2,5.1
2134,2,2026-06-09 14:30:00,21,429,10,5.0,50.0,3.6,3.1,97.4,1.8,19,2,9.5
2135,3,2026-06-09 14:30:00,16,253,6,2.25,37.5,3.0,2.0,97.6,1.8,15,1,6.2
2136,4,2026-06-09 14:30:00,7,371,4,1.44,36.1,6.6,9.6,94.4,4.7,7,0,0.0
2137,1,2026-06-09 15:00:00,36,290,11,5.8,52.7,4.0,2.2,97.2,1.7,36,0,0.0
2138,2,2026-06-09 15:00:00,26,410,11,5.92,53.8,4.5,3.7,96.9,2.1,26,0,0.0
2139,3,2026-06-09 15:00:00,25,264,9,3.67,40.7,1.4,0.7,98.9,0.7,25,0,0.0
2140,4,2026-06-09 15:00:00,19,358,8,3.78,47.2,4.4,3.8,96.7,2.6,19,0,0.0
2141,1,2026-06-09 15:30:00,29,304,10,4.9,49.0,3.2,1.9,97.7,1.4,29,0,0.0
2142,2,2026-06-09 15:30:00,20,433,10,4.81,48.1,2.9,2.4,98.0,1.4,20,0,0.0
2143,3,2026-06-09 15:30:00,10,242,5,1.34,26.9,1.3,0.9,99.0,0.8,10,0,0.0
2144,4,2026-06-09 15:30:00,8,335,4,1.49,37.2,7.3,9.7,94.0,5.0,7,1,12.5
2145,1,2026-06-09 16:00:00,30,301,10,5.02,50.2,3.7,2.2,97.4,1.6,30,0,0.0
2146,2,2026-06-09 16:00:00,18,459,10,4.59,45.9,2.1,1.8,98.5,1.0,18,0,0.0
2147,3,2026-06-09 16:00:00,17,242,6,2.29,38.1,3.2,2.1,97.4,1.9,17,0,0.0
2148,4,2026-06-09 16:00:00,13,352,6,2.54,42.4,5.1,5.2,96.0,3.2,13,0,0.0
2149,1,2026-06-09 16:30:00,31,297,10,5.12,51.2,4.1,2.5,97.0,1.8,31,0,0.0
2150,2,2026-06-09 16:30:00,23,426,11,5.44,49.5,2.7,2.0,98.2,1.2,23,0,0.0
2151,3,2026-06-09 16:30:00,12,230,5,1.53,30.7,2.2,1.5,98.2,1.3,12,0,0.0
2152,4,2026-06-09 16:30:00,8,367,5,1.63,32.6,2.8,3.0,97.8,1.8,8,0,0.0
2153,1,2026-06-09 17:00:00,15,294,6,2.45,40.8,4.4,3.6,96.6,2.3,14,1,6.7
2154,2,2026-06-09 17:00:00,11,416,6,2.54,42.4,5.1,6.1,96.0,2.9,11,0,0.0
2155,3,2026-06-09 17:00:00,14,174,5,1.35,27.1,1.3,0.6,99.0,0.7,14,0,0.0
2156,4,2026-06-09 17:00:00,7,385,4,1.5,37.4,7.4,11.4,93.7,5.3,7,0,0.0
2157,1,2026-06-09 17:30:00,13,289,5,2.09,41.7,7.0,6.9,94.3,4.0,11,2,15.4
2158,2,2026-06-09 17:30:00,17,424,9,4.0,44.5,2.4,2.0,98.3,1.2,17,0,0.0
2159,3,2026-06-09 17:30:00,11,256,5,1.56,31.3,2.4,1.8,98.1,1.5,11,0,0.0
2160,4,2026-06-09 17:30:00,7,359,4,1.4,34.9,6.0,8.2,95.0,4.2,7,0,0.0
2161,1,2026-06-10 08:00:00,11,292,5,1.78,35.7,3.9,3.6,96.9,2.1,11,0,0.0
2162,2,2026-06-10 08:00:00,13,422,8,3.05,38.1,1.4,1.2,99.0,0.7,12,1,7.7
2163,3,2026-06-10 08:00:00,7,220,4,0.86,21.4,1.2,0.8,99.0,0.7,7,0,0.0
2164,4,2026-06-10 08:00:00,9,354,5,1.77,35.4,3.8,4.2,97.0,2.5,9,0,0.0
2165,1,2026-06-10 08:30:00,17,303,6,2.86,47.7,8.2,7.9,93.3,4.6,15,2,11.8
2166,2,2026-06-10 08:30:00,20,365,9,4.06,45.1,2.6,1.9,98.3,1.2,19,1,5.0
2167,3,2026-06-10 08:30:00,20,240,8,2.67,33.3,0.7,0.3,99.5,0.3,20,0,0.0
2168,4,2026-06-10 08:30:00,6,399,4,1.33,33.2,5.1,7.7,95.7,3.7,5,1,16.7
2169,1,2026-06-10 09:00:00,22,298,8,3.64,45.5,3.7,2.5,97.3,1.8,21,1,4.5
2170,2,2026-06-10 09:00:00,16,405,8,3.6,45.0,3.5,3.2,97.5,1.8,15,1,6.2
2171,3,2026-06-10 09:00:00,14,263,6,2.05,34.1,2.0,1.3,98.4,1.2,14,0,0.0
2172,4,2026-06-10 09:00:00,3,357,3,0.6,19.8,2.4,3.6,98.0,1.7,3,0,0.0
2173,1,2026-06-10 09:30:00,26,281,9,4.06,45.1,2.6,1.5,98.2,1.1,26,0,0.0
2174,2,2026-06-10 09:30:00,24,415,11,5.53,50.3,3.0,2.2,98.0,1.4,23,1,4.2
2175,3,2026-06-10 09:30:00,15,243,6,2.02,33.8,1.9,1.2,98.5,1.1,15,0,0.0
2176,4,2026-06-10 09:30:00,4,398,4,0.88,22.1,1.4,1.7,98.9,0.9,4,0,0.0
2177,1,2026-06-10 10:00:00,30,261,9,4.35,48.3,3.8,2.1,97.3,1.6,29,1,3.3
2178,2,2026-06-10 10:00:00,24,360,10,4.8,48.0,2.8,2.0,98.2,1.2,22,2,8.3
2179,3,2026-06-10 10:00:00,23,251,9,3.21,35.6,0.6,0.3,99.6,0.3,22,1,4.3
2180,4,2026-06-10 10:00:00,10,369,5,2.05,41.0,6.5,8.2,94.7,4.4,9,1,10.0
2181,1,2026-06-10 10:30:00,38,291,11,6.14,55.8,5.7,3.4,95.9,2.5,38,0,0.0
2182,2,2026-06-10 10:30:00,19,416,9,4.39,48.8,4.0,3.6,97.1,2.0,19,0,0.0
2183,3,2026-06-10 10:30:00,14,233,6,1.81,30.2,1.2,0.6,99.1,0.6,14,0,0.0
2184,4,2026-06-10 10:30:00,14,344,6,2.68,44.6,6.3,6.5,95.1,4.0,12,2,14.3
2185,1,2026-06-10 11:00:00,32,283,10,5.03,50.3,3.7,2.1,97.4,1.6,32,0,0.0
2186,2,2026-06-10 11:00:00,28,464,14,7.22,51.6,1.8,1.2,98.8,0.8,28,0,0.0
2187,3,2026-06-10 11:00:00,17,214,6,2.02,33.7,1.9,1.0,98.6,1.0,17,0,0.0
2188,4,2026-06-10 11:00:00,18,360,8,3.6,45.0,3.5,2.8,97.4,2.0,17,1,5.6
2189,1,2026-06-10 11:30:00,31,288,10,4.96,49.6,3.4,2.0,97.6,1.5,30,1,3.2
2190,2,2026-06-10 11:30:00,29,442,12,7.12,59.3,7.0,6.3,95.0,3.5,28,1,3.4
2191,3,2026-06-10 11:30:00,29,222,9,3.58,39.7,1.2,0.5,99.2,0.6,29,0,0.0
2192,4,2026-06-10 11:30:00,12,421,6,2.81,46.8,7.6,10.0,93.7,5.2,11,1,8.3
2193,1,2026-06-10 12:00:00,36,264,10,5.28,52.8,5.0,2.8,96.5,2.1,36,0,0.0
2194,2,2026-06-10 12:00:00,30,406,12,6.77,56.4,5.0,3.9,96.6,2.3,29,1,3.3
2195,3,2026-06-10 12:00:00,25,233,9,3.24,36.0,0.7,0.3,99.5,0.3,25,0,0.0
2196,4,2026-06-10 12:00:00,11,312,5,1.91,38.1,5.0,5.1,96.1,3.1,11,0,0.0
2197,1,2026-06-10 12:30:00,37,360,14,7.4,52.9,2.2,1.2,98.5,0.9,37,0,0.0
2198,2,2026-06-10 12:30:00,32,414,14,7.36,52.6,2.1,1.3,98.7,0.9,32,0,0.0
2199,3,2026-06-10 12:30:00,26,235,9,3.39,37.7,0.9,0.4,99.4,0.4,26,0,0.0
2200,4,2026-06-10 12:30:00,12,319,5,2.13,42.5,7.4,8.3,94.1,4.8,11,1,8.3
2201,1,2026-06-10 13:00:00,48,269,14,7.17,51.2,1.7,0.7,99.0,0.6,47,1,2.1
2202,2,2026-06-10 13:00:00,28,494,14,7.68,54.9,2.9,2.3,98.0,1.4,28,0,0.0
2203,3,2026-06-10 13:00:00,27,248,9,3.72,41.3,1.6,0.7,98.9,0.8,27,0,0.0
2204,4,2026-06-10 13:00:00,14,373,6,2.9,48.4,8.7,10.5,92.9,5.8,14,0,0.0
2205,1,2026-06-10 13:30:00,40,298,12,6.62,55.2,4.4,2.4,96.9,1.9,39,1,2.5
2206,2,2026-06-10 13:30:00,31,446,14,7.68,54.9,2.9,2.1,98.1,1.3,31,0,0.0
2207,3,2026-06-10 13:30:00,27,244,9,3.66,40.7,1.4,0.6,99.0,0.7,27,0,0.0
2208,4,2026-06-10 13:30:00,17,357,8,3.37,42.1,2.5,1.9,98.2,1.4,17,0,0.0
2209,1,2026-06-10 14:00:00,37,301,11,6.19,56.2,5.9,3.7,95.7,2.7,36,1,2.7
2210,2,2026-06-10 14:00:00,30,413,12,6.88,57.4,5.6,4.5,96.1,2.7,29,1,3.3
2211,3,2026-06-10 14:00:00,21,240,8,2.8,35.0,0.9,0.4,99.4,0.4,21,0,0.0
2212,4,2026-06-10 14:00:00,14,317,6,2.47,41.1,4.5,4.0,96.6,2.7,14,0,0.0
2213,1,2026-06-10 14:30:00,36,288,11,5.76,52.4,3.8,2.1,97.3,1.6,35,1,2.8
2214,2,2026-06-10 14:30:00,28,452,12,7.03,58.6,6.4,5.9,95.4,3.2,27,1,3.6
2215,3,2026-06-10 14:30:00,26,213,8,3.08,38.5,1.5,0.6,98.9,0.7,26,0,0.0
2216,4,2026-06-10 14:30:00,11,310,5,1.89,37.9,4.9,4.9,96.2,3.1,11,0,0.0
2217,1,2026-06-10 15:00:00,36,312,11,6.24,56.7,6.2,4.1,95.4,2.9,35,1,2.8
2218,2,2026-06-10 15:00:00,29,455,14,7.33,52.4,2.0,1.4,98.7,0.9,29,0,0.0
2219,3,2026-06-10 15:00:00,16,249,6,2.21,36.9,2.8,1.9,97.8,1.7,16,0,0.0
2220,4,2026-06-10 15:00:00,12,328,5,2.19,43.7,8.2,9.6,93.4,5.4,12,0,0.0
2221,1,2026-06-10 15:30:00,32,323,11,5.74,52.2,3.7,2.3,97.3,1.7,32,0,0.0
2222,2,2026-06-10 15:30:00,20,484,10,5.38,53.8,5.5,5.8,95.9,3.0,20,0,0.0
2223,3,2026-06-10 15:30:00,26,241,9,3.48,38.7,1.0,0.5,99.3,0.5,26,0,0.0
2224,4,2026-06-10 15:30:00,9,367,5,1.84,36.7,4.4,5.0,96.5,2.9,9,0,0.0
2225,1,2026-06-10 16:00:00,29,289,10,4.66,46.6,2.3,1.3,98.4,1.0,28,1,3.4
2226,2,2026-06-10 16:00:00,17,479,9,4.52,50.3,4.7,5.1,96.4,2.6,16,1,5.9
2227,3,2026-06-10 16:00:00,19,209,6,2.21,36.8,2.8,1.5,97.9,1.5,19,0,0.0
2228,4,2026-06-10 16:00:00,14,333,6,2.59,43.2,5.5,5.4,95.7,3.4,13,1,7.1
2229,1,2026-06-10 16:30:00,19,294,8,3.1,38.8,1.6,0.9,98.9,0.7,19,0,0.0
2230,2,2026-06-10 16:30:00,19,487,10,5.14,51.4,4.3,4.3,96.8,2.2,18,1,5.3
2231,3,2026-06-10 16:30:00,9,229,5,1.14,22.9,0.7,0.4,99.5,0.4,9,0,0.0
2232,4,2026-06-10 16:30:00,11,388,6,2.37,39.5,3.8,4.1,97.0,2.4,10,1,9.1
2233,1,2026-06-10 17:00:00,22,355,9,4.34,48.2,3.8,2.9,97.1,1.9,22,0,0.0
2234,2,2026-06-10 17:00:00,10,402,6,2.23,37.2,2.9,3.1,97.8,1.6,10,0,0.0
2235,3,2026-06-10 17:00:00,14,285,6,2.22,36.9,2.8,2.1,97.7,1.8,14,0,0.0
2236,4,2026-06-10 17:00:00,8,352,4,1.56,39.1,8.5,12.2,92.9,6.0,7,1,12.5
2237,1,2026-06-10 17:30:00,11,310,5,1.89,37.9,4.9,4.9,96.0,2.8,10,1,9.1
2238,2,2026-06-10 17:30:00,11,420,6,2.57,42.8,5.3,6.5,95.9,3.0,11,0,0.0
2239,3,2026-06-10 17:30:00,7,232,4,0.9,22.6,1.4,1.1,98.8,0.9,6,1,14.3
2240,4,2026-06-10 17:30:00,6,403,4,1.34,33.6,5.3,8.0,95.5,3.8,4,2,33.3
2241,1,2026-06-11 08:00:00,12,338,6,2.25,37.6,3.0,2.8,97.6,1.7,12,0,0.0
2242,2,2026-06-11 08:00:00,13,405,6,2.92,48.8,9.0,11.8,92.9,5.3,12,1,7.7
2243,3,2026-06-11 08:00:00,9,231,5,1.16,23.1,0.7,0.4,99.5,0.4,9,0,0.0
2244,4,2026-06-11 08:00:00,7,359,4,1.4,34.9,6.0,8.2,95.0,4.2,7,0,0.0
2245,1,2026-06-11 08:30:00,16,264,6,2.35,39.1,3.6,2.6,97.2,1.8,16,0,0.0
2246,2,2026-06-11 08:30:00,10,378,5,2.1,42.0,7.1,9.3,94.3,4.2,10,0,0.0
2247,3,2026-06-11 08:30:00,8,227,4,1.01,25.2,2.1,1.6,98.3,1.3,8,0,0.0
2248,4,2026-06-11 08:30:00,9,370,5,1.85,37.0,4.5,5.3,96.4,3.0,9,0,0.0
2249,1,2026-06-11 09:00:00,26,288,9,4.16,46.2,3.0,1.8,97.9,1.3,25,1,3.8
2250,2,2026-06-11 09:00:00,19,397,9,4.19,46.6,3.1,2.6,97.8,1.5,18,1,5.3
2251,3,2026-06-11 09:00:00,17,248,6,2.34,39.0,3.6,2.4,97.1,2.2,17,0,0.0
2252,4,2026-06-11 09:00:00,13,384,6,2.77,46.2,7.3,8.6,94.1,4.8,12,1,7.7
2253,1,2026-06-11 09:30:00,28,276,9,4.29,47.7,3.6,2.1,97.5,1.6,28,0,0.0
2254,2,2026-06-11 09:30:00,24,451,11,6.01,54.7,5.0,4.5,96.4,2.5,24,0,0.0
2255,3,2026-06-11 09:30:00,18,253,8,2.53,31.6,0.5,0.2,99.6,0.2,18,0,0.0
2256,4,2026-06-11 09:30:00,7,346,4,1.35,33.6,5.3,6.9,95.6,3.6,7,0,0.0
2257,1,2026-06-11 10:00:00,43,293,12,7.0,58.3,6.3,3.7,95.6,2.7,41,2,4.7
2258,2,2026-06-11 10:00:00,22,447,11,5.46,49.7,2.7,2.2,98.1,1.3,22,0,0.0
2259,3,2026-06-11 10:00:00,20,251,8,2.79,34.9,0.9,0.4,99.4,0.4,20,0,0.0
2260,4,2026-06-11 10:00:00,13,344,6,2.48,41.4,4.6,4.5,96.4,2.9,13,0,0.0
2261,1,2026-06-11 10:30:00,28,312,10,4.85,48.5,3.0,1.8,97.8,1.3,28,0,0.0
2262,2,2026-06-11 10:30:00,22,419,10,5.12,51.2,4.2,3.6,97.1,2.0,22,0,0.0
2263,3,2026-06-11 10:30:00,21,276,9,3.22,35.8,0.6,0.3,99.5,0.3,21,0,0.0
2264,4,2026-06-11 10:30:00,15,333,6,2.78,46.2,7.3,7.5,94.3,4.6,14,1,6.7
2265,1,2026-06-11 11:00:00,32,282,10,5.01,50.1,3.7,2.1,97.4,1.6,31,1,3.1
2266,2,2026-06-11 11:00:00,24,353,10,4.71,47.1,2.5,1.7,98.4,1.1,23,1,4.2
2267,3,2026-06-11 11:00:00,22,257,9,3.14,34.9,0.5,0.2,99.6,0.3,22,0,0.0
2268,4,2026-06-11 11:00:00,13,322,5,2.33,46.5,10.2,12.3,91.7,6.8,13,0,0.0
2269,1,2026-06-11 11:30:00,30,264,9,4.4,48.9,4.1,2.3,97.1,1.8,30,0,0.0
2270,2,2026-06-11 11:30:00,21,398,10,4.64,46.4,2.3,1.7,98.5,1.0,21,0,0.0
2271,3,2026-06-11 11:30:00,31,248,10,4.27,42.7,1.4,0.6,99.0,0.7,31,0,0.0
2272,4,2026-06-11 11:30:00,11,329,5,2.01,40.2,6.1,6.7,95.2,3.9,11,0,0.0
2273,1,2026-06-11 12:00:00,31,320,11,5.51,50.1,2.9,1.7,98.0,1.3,30,1,3.2
2274,2,2026-06-11 12:00:00,26,471,12,6.8,56.7,5.2,4.7,96.2,2.6,26,0,0.0
2275,3,2026-06-11 12:00:00,28,255,10,3.97,39.7,0.8,0.4,99.4,0.4,27,1,3.6
2276,4,2026-06-11 12:00:00,16,328,6,2.92,48.6,8.9,9.4,93.0,5.7,15,1,6.2
2277,1,2026-06-11 12:30:00,35,273,10,5.31,53.1,5.1,3.0,96.4,2.2,33,2,5.7
2278,2,2026-06-11 12:30:00,31,415,12,7.15,59.6,7.1,6.1,95.0,3.5,31,0,0.0
2279,3,2026-06-11 12:30:00,18,211,6,2.11,35.2,2.3,1.2,98.3,1.3,17,1,5.6
2280,4,2026-06-11 12:30:00,25,348,9,4.83,53.7,6.8,5.6,95.0,3.9,25,0,0.0
2281,1,2026-06-11 13:00:00,42,291,12,6.79,56.6,5.2,2.9,96.4,2.2,42,0,0.0
2282,2,2026-06-11 13:00:00,30,445,14,7.42,53.0,2.2,1.5,98.6,1.0,29,1,3.3
2283,3,2026-06-11 13:00:00,26,235,9,3.39,37.7,0.9,0.4,99.4,0.4,26,0,0.0
2284,4,2026-06-11 13:00:00,12,354,5,2.36,47.2,10.7,14.4,91.1,7.4,12,0,0.0
2285,1,2026-06-11 13:30:00,47,295,14,7.7,55.0,3.0,1.4,98.1,1.1,47,0,0.0
2286,2,2026-06-11 13:30:00,34,456,15,8.61,57.4,3.5,2.5,97.7,1.5,33,1,2.9
2287,3,2026-06-11 13:30:00,23,204,8,2.61,32.6,0.6,0.2,99.6,0.3,23,0,0.0
2288,4,2026-06-11 13:30:00,17,346,8,3.27,40.8,2.1,1.5,98.5,1.1,15,2,11.8
2289,1,2026-06-11 14:00:00,35,312,11,6.07,55.2,5.3,3.3,96.2,2.4,33,2,5.7
2290,2,2026-06-11 14:00:00,12,410,6,2.73,45.6,6.8,8.6,94.6,4.0,11,1,8.3
2291,3,2026-06-11 14:00:00,25,241,9,3.35,37.2,0.8,0.3,99.4,0.4,25,0,0.0
2292,4,2026-06-11 14:00:00,11,341,5,2.08,41.7,6.9,8.1,94.4,4.6,11,0,0.0
2293,1,2026-06-11 14:30:00,53,279,15,8.22,54.8,2.4,1.0,98.5,0.8,53,0,0.0
2294,2,2026-06-11 14:30:00,24,463,11,6.17,56.1,5.9,5.6,95.7,3.0,23,1,4.2
2295,3,2026-06-11 14:30:00,30,200,9,3.33,37.0,0.8,0.3,99.5,0.3,30,0,0.0
2296,4,2026-06-11 14:30:00,14,402,6,3.13,52.1,11.6,16.3,90.3,8.1,13,1,7.1
2297,1,2026-06-11 15:00:00,34,298,11,5.63,51.2,3.3,1.8,97.7,1.4,34,0,0.0
2298,2,2026-06-11 15:00:00,24,424,11,5.65,51.4,3.4,2.7,97.7,1.6,24,0,0.0
2299,3,2026-06-11 15:00:00,10,243,5,1.35,27.0,1.3,0.9,98.9,0.8,10,0,0.0
2300,4,2026-06-11 15:00:00,12,359,6,2.39,39.9,3.9,3.9,96.9,2.5,12,0,0.0
2301,1,2026-06-11 15:30:00,36,314,12,6.28,52.3,3.1,1.7,97.9,1.3,36,0,0.0
2302,2,2026-06-11 15:30:00,19,476,10,5.02,50.2,3.7,3.6,97.3,1.9,18,1,5.3
2303,3,2026-06-11 15:30:00,13,240,5,1.73,34.7,3.5,2.6,97.1,2.2,13,0,0.0
2304,4,2026-06-11 15:30:00,11,350,5,2.14,42.8,7.6,9.3,93.8,5.1,9,2,18.2
2305,1,2026-06-11 16:00:00,35,320,11,6.22,56.6,6.1,4.1,95.4,2.9,35,0,0.0
2306,2,2026-06-11 16:00:00,15,502,9,4.18,46.5,3.1,3.2,97.7,1.6,15,0,0.0
2307,3,2026-06-11 16:00:00,13,239,5,1.73,34.5,3.5,2.5,97.2,2.1,12,1,7.7
2308,4,2026-06-11 16:00:00,13,311,5,2.25,44.9,9.0,10.2,92.8,5.9,12,1,7.7
2309,1,2026-06-11 16:30:00,23,339,9,4.33,48.1,3.7,2.7,97.2,1.8,23,0,0.0
2310,2,2026-06-11 16:30:00,13,474,8,3.42,42.8,2.7,2.8,98.0,1.4,13,0,0.0
2311,3,2026-06-11 16:30:00,22,236,8,2.88,36.1,1.0,0.5,99.3,0.5,22,0,0.0
2312,4,2026-06-11 16:30:00,5,354,4,0.98,24.6,1.9,2.3,98.4,1.3,4,1,20.0
2313,1,2026-06-11 17:00:00,18,327,8,3.27,40.9,2.1,1.4,98.4,1.0,17,1,5.6
2314,2,2026-06-11 17:00:00,16,488,9,4.34,48.2,3.8,3.9,97.2,2.0,16,0,0.0
2315,3,2026-06-11 17:00:00,10,223,5,1.24,24.8,0.9,0.6,99.3,0.5,10,0,0.0
2316,4,2026-06-11 17:00:00,2,359,3,0.4,13.3,0.8,1.1,99.3,0.6,2,0,0.0
2317,1,2026-06-11 17:30:00,14,298,6,2.32,38.6,3.4,2.8,97.3,1.8,14,0,0.0
2318,2,2026-06-11 17:30:00,16,399,8,3.55,44.3,3.2,2.9,97.7,1.6,16,0,0.0
2319,3,2026-06-11 17:30:00,8,247,5,1.1,22.0,0.6,0.4,99.6,0.3,8,0,0.0
2320,4,2026-06-11 17:30:00,1,328,3,0.18,6.1,0.1,0.1,99.9,0.1,1,0,0.0
2321,1,2026-06-12 08:00:00,15,286,6,2.38,39.7,3.9,3.1,97.0,2.0,15,0,0.0
2322,2,2026-06-12 08:00:00,16,370,8,3.29,41.1,2.1,1.7,98.5,1.0,16,0,0.0
2323,3,2026-06-12 08:00:00,10,224,5,1.24,24.9,1.0,0.6,99.3,0.5,10,0,0.0
2324,4,2026-06-12 08:00:00,9,335,5,1.68,33.5,3.1,3.1,97.6,1.9,8,1,11.1
2325,1,2026-06-12 08:30:00,17,297,6,2.8,46.8,7.6,7.1,93.9,4.2,16,1,5.9
2326,2,2026-06-12 08:30:00,16,431,9,3.83,42.6,1.8,1.5,98.7,0.9,16,0,0.0
2327,3,2026-06-12 08:30:00,11,198,5,1.21,24.2,0.8,0.4,99.4,0.5,11,0,0.0
2328,4,2026-06-12 08:30:00,6,380,4,1.27,31.7,4.4,6.1,96.3,3.1,6,0,0.0
2329,1,2026-06-12 09:00:00,26,326,10,4.71,47.1,2.5,1.5,98.2,1.1,26,0,0.0
2330,2,2026-06-12 09:00:00,13,403,6,2.91,48.5,8.8,11.5,93.0,5.2,11,2,15.4
2331,3,2026-06-12 09:00:00,18,247,8,2.47,30.9,0.4,0.2,99.7,0.2,18,0,0.0
2332,4,2026-06-12 09:00:00,8,361,5,1.6,32.1,2.6,2.8,97.9,1.7,8,0,0.0
2333,1,2026-06-12 09:30:00,24,330,9,4.4,48.9,4.1,2.9,96.9,2.0,23,1,4.2
2334,2,2026-06-12 09:30:00,17,429,9,4.05,45.0,2.6,2.2,98.2,1.3,17,0,0.0
2335,3,2026-06-12 09:30:00,18,263,8,2.63,32.9,0.6,0.3,99.6,0.3,18,0,0.0
2336,4,2026-06-12 09:30:00,5,349,4,0.97,24.2,1.8,2.1,98.5,1.2,5,0,0.0
2337,1,2026-06-12 10:00:00,25,291,9,4.04,44.9,2.5,1.5,98.2,1.1,25,0,0.0
2338,2,2026-06-12 10:00:00,29,442,12,7.12,59.3,7.0,6.3,95.0,3.5,29,0,0.0
2339,3,2026-06-12 10:00:00,24,227,8,3.03,37.8,1.4,0.6,99.0,0.7,24,0,0.0
2340,4,2026-06-12 10:00:00,7,406,4,1.58,39.5,8.7,14.6,92.5,6.4,7,0,0.0
2341,1,2026-06-12 10:30:00,32,332,11,5.9,53.7,4.4,2.9,96.7,2.1,30,2,6.2
2342,2,2026-06-12 10:30:00,25,398,11,5.53,50.3,2.9,2.1,98.1,1.3,25,0,0.0
2343,3,2026-06-12 10:30:00,23,234,8,2.99,37.4,1.3,0.6,99.1,0.6,23,0,0.0
2344,4,2026-06-12 10:30:00,13,381,6,2.75,45.9,7.0,8.3,94.3,4.7,13,0,0.0
2345,1,2026-06-12 11:00:00,34,289,11,5.46,49.6,2.7,1.4,98.2,1.1,33,1,2.9
2346,2,2026-06-12 11:00:00,20,391,9,4.34,48.3,3.8,3.2,97.3,1.8,20,0,0.0
2347,3,2026-06-12 11:00:00,22,255,8,3.12,39.0,1.6,0.8,98.8,0.9,22,0,0.0
2348,4,2026-06-12 11:00:00,17,339,8,3.2,40.0,1.9,1.3,98.7,1.0,17,0,0.0
2349,1,2026-06-12 11:30:00,35,342,12,6.65,55.4,4.5,2.9,96.7,2.1,34,1,2.9
2350,2,2026-06-12 11:30:00,28,359,11,5.58,50.8,3.1,2.1,98.0,1.3,28,0,0.0
2351,3,2026-06-12 11:30:00,27,233,9,3.5,38.8,1.1,0.4,99.3,0.5,26,1,3.7
2352,4,2026-06-12 11:30:00,13,382,6,2.76,46.0,7.1,8.4,94.2,4.7,13,0,0.0
2353,1,2026-06-12 12:00:00,38,271,11,5.72,52.0,3.7,1.9,97.5,1.5,38,0,0.0
2354,2,2026-06-12 12:00:00,29,412,12,6.64,55.3,4.5,3.4,97.0,2.0,29,0,0.0
2355,3,2026-06-12 12:00:00,23,222,8,2.84,35.5,0.9,0.4,99.3,0.5,23,0,0.0
2356,4,2026-06-12 12:00:00,23,345,9,4.41,49.0,4.1,3.1,97.1,2.3,23,0,0.0
2357,1,2026-06-12 12:30:00,35,296,11,5.76,52.3,3.8,2.1,97.3,1.6,34,1,2.9
2358,2,2026-06-12 12:30:00,31,421,14,7.25,51.8,1.9,1.2,98.8,0.8,29,2,6.5
2359,3,2026-06-12 12:30:00,24,247,9,3.29,36.6,0.7,0.3,99.5,0.4,24,0,0.0
2360,4,2026-06-12 12:30:00,8,351,4,1.56,39.0,8.4,12.1,92.9,5.9,7,1,12.5
2361,1,2026-06-12 13:00:00,39,305,12,6.61,55.1,4.3,2.4,97.0,1.9,37,2,5.1
2362,2,2026-06-12 13:00:00,32,477,15,8.48,56.5,3.1,2.2,98.0,1.4,32,0,0.0
2363,3,2026-06-12 13:00:00,28,266,10,4.14,41.4,1.1,0.5,99.2,0.6,28,0,0.0
2364,4,2026-06-12 13:00:00,10,324,5,1.8,36.0,4.0,4.1,96.8,2.5,10,0,0.0
2365,1,2026-06-12 13:30:00,39,310,12,6.72,56.0,4.8,2.8,96.6,2.1,39,0,0.0
2366,2,2026-06-12 13:30:00,33,430,14,7.88,56.3,3.5,2.5,97.7,1.5,33,0,0.0
2367,3,2026-06-12 13:30:00,22,226,8,2.76,34.5,0.8,0.3,99.4,0.4,21,1,4.5
2368,4,2026-06-12 13:30:00,18,354,8,3.54,44.2,3.2,2.5,97.7,1.8,18,0,0.0
2369,1,2026-06-12 14:00:00,35,292,11,5.68,51.6,3.5,1.9,97.6,1.5,34,1,2.9
2370,2,2026-06-12 14:00:00,19,399,9,4.21,46.8,3.2,2.7,97.8,1.5,19,0,0.0
2371,3,2026-06-12 14:00:00,22,228,8,2.79,34.8,0.9,0.4,99.4,0.4,22,0,0.0
2372,4,2026-06-12 14:00:00,8,360,4,1.6,40.0,9.1,13.6,92.3,6.5,7,1,12.5
2373,1,2026-06-12 14:30:00,40,304,12,6.76,56.3,5.0,2.9,96.5,2.2,39,1,2.5
2374,2,2026-06-12 14:30:00,23,423,10,5.4,54.0,5.7,5.2,95.9,2.9,22,1,4.3
2375,3,2026-06-12 14:30:00,30,264,10,4.4,44.0,1.6,0.8,98.8,0.8,30,0,0.0
2376,4,2026-06-12 14:30:00,14,376,6,2.92,48.7,9.0,11.0,92.7,6.0,13,1,7.1
2377,1,2026-06-12 15:00:00,31,336,11,5.79,52.6,3.9,2.5,97.1,1.8,30,1,3.2
2378,2,2026-06-12 15:00:00,24,456,11,6.08,55.3,5.3,4.9,96.1,2.7,21,3,12.5
2379,3,2026-06-12 15:00:00,23,254,9,3.25,36.1,0.7,0.3,99.5,0.3,23,0,0.0
2380,4,2026-06-12 15:00:00,14,257,5,2.0,40.0,6.0,5.1,95.6,3.5,14,0,0.0
2381,1,2026-06-12 15:30:00,29,305,10,4.91,49.1,3.3,2.0,97.7,1.4,27,2,6.9
2382,2,2026-06-12 15:30:00,22,420,10,5.13,51.3,4.2,3.6,97.0,2.1,21,1,4.5
2383,3,2026-06-12 15:30:00,11,202,5,1.23,24.7,0.9,0.5,99.3,0.5,11,0,0.0
2384,4,2026-06-12 15:30:00,13,324,5,2.34,46.8,10.4,12.7,91.5,7.0,12,1,7.7
2385,1,2026-06-12 16:00:00,23,310,9,3.96,44.0,2.2,1.4,98.4,1.0,23,0,0.0
2386,2,2026-06-12 16:00:00,23,436,11,5.57,50.6,3.1,2.5,97.9,1.5,23,0,0.0
2387,3,2026-06-12 16:00:00,16,241,6,2.14,35.7,2.4,1.5,98.1,1.4,15,1,6.2
2388,4,2026-06-12 16:00:00,12,394,6,2.63,43.8,5.8,6.8,95.3,3.8,12,0,0.0
2389,1,2026-06-12 16:30:00,28,311,10,4.84,48.4,3.0,1.8,97.9,1.3,28,0,0.0
2390,2,2026-06-12 16:30:00,21,425,10,4.96,49.6,3.4,2.9,97.6,1.7,21,0,0.0
2391,3,2026-06-12 16:30:00,16,245,6,2.18,36.3,2.6,1.7,97.9,1.5,16,0,0.0
2392,4,2026-06-12 16:30:00,11,360,5,2.2,44.0,8.4,10.8,93.1,5.7,11,0,0.0
2393,1,2026-06-12 17:00:00,22,289,8,3.53,44.2,3.1,2.0,97.7,1.5,22,0,0.0
2394,2,2026-06-12 17:00:00,12,419,6,2.79,46.6,7.5,9.8,94.1,4.4,12,0,0.0
2395,3,2026-06-12 17:00:00,13,243,6,1.76,29.2,1.0,0.6,99.2,0.6,13,0,0.0
2396,4,2026-06-12 17:00:00,8,320,4,1.42,35.6,6.3,7.9,94.8,4.3,8,0,0.0
2397,1,2026-06-12 17:30:00,23,287,8,3.67,45.8,3.8,2.5,97.2,1.8,23,0,0.0
2398,2,2026-06-12 17:30:00,14,414,8,3.22,40.2,1.9,1.7,98.6,0.9,14,0,0.0
2399,3,2026-06-12 17:30:00,7,267,4,1.04,26.0,2.3,2.1,98.0,1.5,7,0,0.0
2400,4,2026-06-12 17:30:00,4,378,3,0.84,28.0,5.9,10.3,94.9,4.4,4,0,0.0
