# NOTICE: These records are synthetic and are NOT Emory Healthcare records. They are generated solely to exercise the GhostQueue schema and analytics pipeline described by the published study (JMIR Med Inform 2026; DOI: 10.2196/88441).
contact_id,timestamp,queue_duration_sec,skill_group,agent_id,team_id,outcome
SYN-HC-00001,2024-03-01 08:25:00,82,Pediatric Primary Care,AGT-022,TEAM-ACCESS-NORTH,connected
SYN-HC-00002,2024-03-05 09:29:00,261,Prescription Refill Line,,TEAM-ACCESS-NORTH,abandoned
SYN-HC-00003,2024-03-02 11:58:00,383,Prescription Refill Line,,TEAM-ACCESS-SOUTH,abandoned
SYN-HC-00004,2024-03-05 15:09:00,289,Cardiology Scheduling,AGT-025,TEAM-ACCESS-NORTH,connected
SYN-HC-00005,2024-03-02 15:12:00,91,Pediatric Primary Care,AGT-004,TEAM-SPECIALTY,connected
SYN-HC-00006,2024-03-01 14:29:00,243,General Patient Services,AGT-026,TEAM-SPECIALTY,connected
SYN-HC-00007,2024-03-01 15:50:00,108,Prescription Refill Line,AGT-003,TEAM-TRIAGE,connected
SYN-HC-00008,2024-03-05 13:00:00,260,Prescription Refill Line,AGT-002,TEAM-ACCESS-NORTH,connected
SYN-HC-00009,2024-03-02 12:56:00,179,General Patient Services,AGT-009,TEAM-TRIAGE,connected
SYN-HC-00010,2024-03-04 14:13:00,469,Cardiology Scheduling,AGT-023,TEAM-SPECIALTY,connected
SYN-HC-00011,2024-03-01 10:55:00,170,Prescription Refill Line,AGT-009,TEAM-TRIAGE,connected
SYN-HC-00012,2024-03-05 11:44:00,78,Pediatric Primary Care,AGT-026,TEAM-ACCESS-NORTH,connected
SYN-HC-00013,2024-03-03 14:50:00,83,Pediatric Primary Care,AGT-007,TEAM-SPECIALTY,connected
SYN-HC-00014,2024-03-04 14:45:00,266,Oncology Intake,AGT-024,TEAM-ACCESS-SOUTH,connected
SYN-HC-00015,2024-03-05 17:11:00,169,Pediatric Primary Care,AGT-012,TEAM-TRIAGE,connected
SYN-HC-00016,2024-03-02 10:21:00,297,Prescription Refill Line,AGT-028,TEAM-ACCESS-NORTH,connected
SYN-HC-00017,2024-03-01 10:36:00,465,Cardiology Scheduling,AGT-013,TEAM-ACCESS-NORTH,connected
SYN-HC-00018,2024-03-04 15:59:00,173,Prescription Refill Line,AGT-022,TEAM-ACCESS-NORTH,connected
SYN-HC-00019,2024-03-01 17:09:00,107,Pediatric Primary Care,AGT-006,TEAM-TRIAGE,connected
SYN-HC-00020,2024-03-04 08:03:00,148,Pediatric Primary Care,AGT-028,TEAM-ACCESS-NORTH,connected
SYN-HC-00021,2024-03-03 16:39:00,146,Prescription Refill Line,AGT-018,TEAM-ACCESS-SOUTH,connected
SYN-HC-00022,2024-03-05 08:00:00,210,Prescription Refill Line,AGT-030,TEAM-ACCESS-NORTH,connected
SYN-HC-00023,2024-03-03 13:14:00,149,Cardiology Scheduling,AGT-003,TEAM-ACCESS-NORTH,connected
SYN-HC-00024,2024-03-04 09:10:00,109,Prescription Refill Line,AGT-018,TEAM-TRIAGE,connected
SYN-HC-00025,2024-03-02 12:31:00,385,Prescription Refill Line,AGT-030,TEAM-ACCESS-SOUTH,connected
SYN-HC-00026,2024-03-05 11:25:00,254,Pediatric Primary Care,AGT-015,TEAM-SPECIALTY,connected
SYN-HC-00027,2024-03-05 15:42:00,93,General Patient Services,AGT-001,TEAM-SPECIALTY,connected
SYN-HC-00028,2024-03-05 17:27:00,361,Cardiology Scheduling,AGT-023,TEAM-ACCESS-NORTH,connected
SYN-HC-00029,2024-03-01 11:54:00,76,General Patient Services,AGT-017,TEAM-ACCESS-NORTH,connected
SYN-HC-00030,2024-03-02 12:45:00,339,Oncology Intake,AGT-008,TEAM-TRIAGE,connected
SYN-HC-00031,2024-03-04 14:56:00,186,Cardiology Scheduling,,TEAM-TRIAGE,abandoned
SYN-HC-00032,2024-03-03 15:13:00,329,Oncology Intake,AGT-022,TEAM-ACCESS-NORTH,connected
SYN-HC-00033,2024-03-01 09:02:00,462,Oncology Intake,AGT-008,TEAM-ACCESS-NORTH,connected
SYN-HC-00034,2024-03-02 11:14:00,304,Prescription Refill Line,AGT-009,TEAM-ACCESS-SOUTH,connected
SYN-HC-00035,2024-03-04 12:15:00,286,General Patient Services,AGT-002,TEAM-ACCESS-NORTH,connected
SYN-HC-00036,2024-03-05 08:15:00,222,General Patient Services,AGT-014,TEAM-ACCESS-SOUTH,connected
SYN-HC-00037,2024-03-04 16:12:00,265,Cardiology Scheduling,AGT-013,TEAM-ACCESS-SOUTH,connected
SYN-HC-00038,2024-03-01 14:39:00,282,Pediatric Primary Care,AGT-005,TEAM-TRIAGE,connected
SYN-HC-00039,2024-03-02 13:03:00,149,Cardiology Scheduling,AGT-024,TEAM-ACCESS-NORTH,connected
SYN-HC-00040,2024-03-03 08:58:00,179,General Patient Services,AGT-002,TEAM-ACCESS-SOUTH,connected
SYN-HC-00041,2024-03-05 09:22:00,95,Cardiology Scheduling,AGT-013,TEAM-ACCESS-SOUTH,connected
SYN-HC-00042,2024-03-01 17:43:00,356,Cardiology Scheduling,AGT-014,TEAM-ACCESS-NORTH,connected
SYN-HC-00043,2024-03-05 17:38:00,206,Prescription Refill Line,AGT-022,TEAM-ACCESS-SOUTH,connected
SYN-HC-00044,2024-03-03 12:04:00,252,Pediatric Primary Care,AGT-015,TEAM-SPECIALTY,connected
SYN-HC-00045,2024-03-03 09:14:00,147,General Patient Services,AGT-003,TEAM-ACCESS-NORTH,connected
SYN-HC-00046,2024-03-05 11:38:00,210,Prescription Refill Line,AGT-029,TEAM-SPECIALTY,connected
SYN-HC-00047,2024-03-01 12:10:00,195,Pediatric Primary Care,AGT-020,TEAM-SPECIALTY,connected
SYN-HC-00048,2024-03-05 08:08:00,198,Prescription Refill Line,AGT-029,TEAM-ACCESS-NORTH,connected
SYN-HC-00049,2024-03-02 12:30:00,114,General Patient Services,AGT-009,TEAM-ACCESS-SOUTH,connected
SYN-HC-00050,2024-03-03 11:35:00,154,Pediatric Primary Care,AGT-017,TEAM-SPECIALTY,connected
SYN-HC-00051,2024-03-04 12:17:00,107,General Patient Services,AGT-002,TEAM-SPECIALTY,connected
SYN-HC-00052,2024-03-01 13:41:00,358,Cardiology Scheduling,,TEAM-TRIAGE,abandoned
SYN-HC-00053,2024-03-05 15:17:00,49,Prescription Refill Line,AGT-018,TEAM-ACCESS-SOUTH,connected
SYN-HC-00054,2024-03-01 14:18:00,357,Prescription Refill Line,AGT-002,TEAM-ACCESS-SOUTH,connected
SYN-HC-00055,2024-03-03 14:13:00,243,General Patient Services,AGT-022,TEAM-ACCESS-SOUTH,connected
SYN-HC-00056,2024-03-01 14:02:00,283,Prescription Refill Line,AGT-030,TEAM-ACCESS-SOUTH,connected
SYN-HC-00057,2024-03-02 10:46:00,271,Cardiology Scheduling,,TEAM-SPECIALTY,abandoned
SYN-HC-00058,2024-03-04 12:14:00,131,Pediatric Primary Care,AGT-013,TEAM-ACCESS-NORTH,connected
SYN-HC-00059,2024-03-01 16:01:00,162,Cardiology Scheduling,AGT-012,TEAM-TRIAGE,connected
SYN-HC-00060,2024-03-03 11:53:00,114,Cardiology Scheduling,AGT-011,TEAM-TRIAGE,connected
SYN-HC-00061,2024-03-03 09:11:00,109,Pediatric Primary Care,AGT-022,TEAM-TRIAGE,connected
SYN-HC-00062,2024-03-05 13:39:00,119,General Patient Services,AGT-006,TEAM-SPECIALTY,connected
SYN-HC-00063,2024-03-05 12:31:00,115,General Patient Services,AGT-024,TEAM-SPECIALTY,connected
SYN-HC-00064,2024-03-03 15:26:00,104,Prescription Refill Line,AGT-009,TEAM-ACCESS-SOUTH,connected
SYN-HC-00065,2024-03-01 15:26:00,163,General Patient Services,AGT-012,TEAM-ACCESS-SOUTH,connected
SYN-HC-00066,2024-03-04 09:11:00,179,Pediatric Primary Care,AGT-024,TEAM-ACCESS-NORTH,connected
SYN-HC-00067,2024-03-03 16:39:00,124,Pediatric Primary Care,AGT-018,TEAM-SPECIALTY,connected
SYN-HC-00068,2024-03-02 11:16:00,508,Oncology Intake,AGT-020,TEAM-ACCESS-SOUTH,connected
SYN-HC-00069,2024-03-05 13:08:00,681,Oncology Intake,AGT-010,TEAM-SPECIALTY,connected
SYN-HC-00070,2024-03-02 15:20:00,209,Prescription Refill Line,AGT-022,TEAM-TRIAGE,connected
SYN-HC-00071,2024-03-02 16:43:00,496,Oncology Intake,AGT-022,TEAM-ACCESS-SOUTH,connected
SYN-HC-00072,2024-03-01 12:50:00,414,Prescription Refill Line,AGT-003,TEAM-SPECIALTY,connected
SYN-HC-00073,2024-03-02 13:17:00,293,Cardiology Scheduling,,TEAM-ACCESS-NORTH,abandoned
SYN-HC-00074,2024-03-02 16:06:00,82,Prescription Refill Line,AGT-023,TEAM-ACCESS-SOUTH,connected
SYN-HC-00075,2024-03-04 16:26:00,214,Oncology Intake,AGT-029,TEAM-ACCESS-NORTH,connected
SYN-HC-00076,2024-03-01 15:15:00,150,Cardiology Scheduling,AGT-002,TEAM-TRIAGE,connected
SYN-HC-00077,2024-03-05 12:15:00,293,General Patient Services,AGT-022,TEAM-TRIAGE,connected
SYN-HC-00078,2024-03-05 17:32:00,207,Prescription Refill Line,AGT-020,TEAM-TRIAGE,connected
SYN-HC-00079,2024-03-05 15:16:00,273,Prescription Refill Line,AGT-015,TEAM-TRIAGE,connected
SYN-HC-00080,2024-03-03 12:13:00,316,Pediatric Primary Care,AGT-009,TEAM-ACCESS-SOUTH,connected
SYN-HC-00081,2024-03-04 09:19:00,80,Pediatric Primary Care,AGT-029,TEAM-SPECIALTY,connected
SYN-HC-00082,2024-03-05 09:22:00,137,Cardiology Scheduling,AGT-023,TEAM-ACCESS-SOUTH,connected
SYN-HC-00083,2024-03-02 09:05:00,298,Oncology Intake,AGT-014,TEAM-TRIAGE,connected
SYN-HC-00084,2024-03-01 11:31:00,518,Oncology Intake,AGT-028,TEAM-ACCESS-NORTH,connected
SYN-HC-00085,2024-03-05 14:29:00,126,Oncology Intake,AGT-025,TEAM-SPECIALTY,connected
SYN-HC-00086,2024-03-04 15:09:00,157,Prescription Refill Line,AGT-014,TEAM-SPECIALTY,connected
SYN-HC-00087,2024-03-04 08:29:00,262,Oncology Intake,AGT-024,TEAM-TRIAGE,connected
SYN-HC-00088,2024-03-02 15:58:00,378,Cardiology Scheduling,AGT-019,TEAM-TRIAGE,connected
SYN-HC-00089,2024-03-05 08:27:00,194,General Patient Services,AGT-006,TEAM-TRIAGE,connected
SYN-HC-00090,2024-03-01 12:26:00,455,Oncology Intake,,TEAM-SPECIALTY,abandoned
SYN-HC-00091,2024-03-03 14:28:00,265,Pediatric Primary Care,AGT-016,TEAM-ACCESS-NORTH,connected
SYN-HC-00092,2024-03-01 17:12:00,119,General Patient Services,AGT-025,TEAM-ACCESS-NORTH,connected
SYN-HC-00093,2024-03-01 08:31:00,162,Cardiology Scheduling,AGT-008,TEAM-ACCESS-SOUTH,connected
SYN-HC-00094,2024-03-02 16:04:00,174,General Patient Services,AGT-023,TEAM-TRIAGE,connected
SYN-HC-00095,2024-03-03 14:17:00,207,Cardiology Scheduling,AGT-010,TEAM-ACCESS-SOUTH,connected
SYN-HC-00096,2024-03-01 17:52:00,109,General Patient Services,AGT-013,TEAM-TRIAGE,connected
SYN-HC-00097,2024-03-02 09:17:00,169,Prescription Refill Line,AGT-028,TEAM-SPECIALTY,connected
SYN-HC-00098,2024-03-05 10:03:00,66,Prescription Refill Line,AGT-022,TEAM-TRIAGE,connected
SYN-HC-00099,2024-03-03 09:10:00,219,Prescription Refill Line,,TEAM-TRIAGE,abandoned
SYN-HC-00100,2024-03-04 09:48:00,581,Oncology Intake,AGT-023,TEAM-TRIAGE,connected
SYN-HC-00101,2024-03-02 15:25:00,435,Cardiology Scheduling,AGT-020,TEAM-SPECIALTY,connected
SYN-HC-00102,2024-03-05 16:15:00,313,Oncology Intake,AGT-011,TEAM-SPECIALTY,connected
SYN-HC-00103,2024-03-02 09:28:00,135,Pediatric Primary Care,AGT-019,TEAM-TRIAGE,connected
SYN-HC-00104,2024-03-05 14:28:00,64,Pediatric Primary Care,AGT-006,TEAM-SPECIALTY,connected
SYN-HC-00105,2024-03-04 11:37:00,182,Pediatric Primary Care,AGT-018,TEAM-SPECIALTY,connected
SYN-HC-00106,2024-03-01 16:49:00,103,Cardiology Scheduling,AGT-016,TEAM-TRIAGE,connected
SYN-HC-00107,2024-03-05 12:06:00,622,Oncology Intake,AGT-003,TEAM-ACCESS-NORTH,connected
SYN-HC-00108,2024-03-03 11:46:00,369,Oncology Intake,AGT-016,TEAM-SPECIALTY,connected
SYN-HC-00109,2024-03-05 17:03:00,128,Pediatric Primary Care,AGT-012,TEAM-SPECIALTY,connected
SYN-HC-00110,2024-03-04 12:37:00,178,Pediatric Primary Care,AGT-011,TEAM-ACCESS-SOUTH,connected
SYN-HC-00111,2024-03-01 17:08:00,158,Cardiology Scheduling,AGT-009,TEAM-TRIAGE,connected
SYN-HC-00112,2024-03-05 16:57:00,189,Prescription Refill Line,AGT-010,TEAM-ACCESS-SOUTH,connected
SYN-HC-00113,2024-03-02 14:09:00,399,Cardiology Scheduling,,TEAM-ACCESS-SOUTH,abandoned
SYN-HC-00114,2024-03-03 08:46:00,171,General Patient Services,AGT-021,TEAM-ACCESS-SOUTH,connected
SYN-HC-00115,2024-03-04 09:45:00,176,General Patient Services,AGT-015,TEAM-TRIAGE,connected
SYN-HC-00116,2024-03-03 11:08:00,189,General Patient Services,AGT-004,TEAM-TRIAGE,connected
SYN-HC-00117,2024-03-01 14:50:00,195,Oncology Intake,AGT-005,TEAM-ACCESS-NORTH,connected
SYN-HC-00118,2024-03-02 17:36:00,41,Pediatric Primary Care,AGT-018,TEAM-ACCESS-NORTH,connected
SYN-HC-00119,2024-03-04 11:51:00,269,Prescription Refill Line,AGT-010,TEAM-TRIAGE,connected
SYN-HC-00120,2024-03-05 15:19:00,165,Pediatric Primary Care,AGT-025,TEAM-ACCESS-NORTH,connected
SYN-HC-00121,2024-03-02 11:36:00,91,Pediatric Primary Care,AGT-018,TEAM-ACCESS-SOUTH,connected
SYN-HC-00122,2024-03-01 10:40:00,134,General Patient Services,AGT-010,TEAM-TRIAGE,connected
SYN-HC-00123,2024-03-01 11:57:00,194,Pediatric Primary Care,AGT-003,TEAM-TRIAGE,connected
SYN-HC-00124,2024-03-02 12:30:00,413,Prescription Refill Line,AGT-014,TEAM-ACCESS-SOUTH,connected
SYN-HC-00125,2024-03-01 17:17:00,391,Cardiology Scheduling,AGT-027,TEAM-SPECIALTY,connected
SYN-HC-00126,2024-03-02 09:13:00,72,General Patient Services,AGT-015,TEAM-SPECIALTY,connected
SYN-HC-00127,2024-03-01 15:59:00,123,Pediatric Primary Care,AGT-015,TEAM-TRIAGE,connected
SYN-HC-00128,2024-03-01 08:40:00,466,Oncology Intake,AGT-001,TEAM-SPECIALTY,connected
SYN-HC-00129,2024-03-01 11:54:00,375,Prescription Refill Line,AGT-019,TEAM-SPECIALTY,connected
SYN-HC-00130,2024-03-01 10:59:00,355,Oncology Intake,AGT-006,TEAM-SPECIALTY,connected
SYN-HC-00131,2024-03-05 15:26:00,586,Oncology Intake,,TEAM-SPECIALTY,abandoned
SYN-HC-00132,2024-03-04 13:41:00,103,Pediatric Primary Care,AGT-014,TEAM-SPECIALTY,connected
SYN-HC-00133,2024-03-04 12:55:00,683,Oncology Intake,,TEAM-ACCESS-NORTH,abandoned
SYN-HC-00134,2024-03-03 12:18:00,109,Pediatric Primary Care,AGT-028,TEAM-TRIAGE,connected
SYN-HC-00135,2024-03-05 08:01:00,281,Prescription Refill Line,AGT-017,TEAM-ACCESS-SOUTH,connected
SYN-HC-00136,2024-03-03 16:30:00,479,Oncology Intake,,TEAM-SPECIALTY,abandoned
SYN-HC-00137,2024-03-05 10:14:00,132,Pediatric Primary Care,AGT-004,TEAM-TRIAGE,connected
SYN-HC-00138,2024-03-01 12:05:00,408,Cardiology Scheduling,AGT-003,TEAM-TRIAGE,connected
SYN-HC-00139,2024-03-02 09:56:00,574,Oncology Intake,,TEAM-ACCESS-SOUTH,abandoned
SYN-HC-00140,2024-03-04 12:58:00,436,Prescription Refill Line,AGT-016,TEAM-TRIAGE,connected
SYN-HC-00141,2024-03-02 15:47:00,119,Prescription Refill Line,AGT-028,TEAM-ACCESS-SOUTH,connected
SYN-HC-00142,2024-03-01 12:42:00,468,Oncology Intake,AGT-027,TEAM-SPECIALTY,connected
SYN-HC-00143,2024-03-01 12:49:00,350,Pediatric Primary Care,AGT-028,TEAM-TRIAGE,connected
SYN-HC-00144,2024-03-02 15:37:00,292,Prescription Refill Line,AGT-015,TEAM-TRIAGE,connected
SYN-HC-00145,2024-03-03 11:13:00,482,Cardiology Scheduling,AGT-002,TEAM-TRIAGE,connected
SYN-HC-00146,2024-03-03 16:04:00,287,Oncology Intake,AGT-016,TEAM-ACCESS-SOUTH,connected
SYN-HC-00147,2024-03-01 10:09:00,214,Prescription Refill Line,AGT-004,TEAM-TRIAGE,connected
SYN-HC-00148,2024-03-05 15:47:00,214,General Patient Services,AGT-003,TEAM-ACCESS-SOUTH,connected
SYN-HC-00149,2024-03-04 12:31:00,253,Pediatric Primary Care,AGT-028,TEAM-SPECIALTY,connected
SYN-HC-00150,2024-03-05 14:29:00,299,Pediatric Primary Care,AGT-020,TEAM-ACCESS-NORTH,connected
SYN-HC-00151,2024-03-01 12:00:00,166,Pediatric Primary Care,AGT-004,TEAM-TRIAGE,connected
SYN-HC-00152,2024-03-01 15:34:00,415,Cardiology Scheduling,AGT-002,TEAM-ACCESS-NORTH,connected
SYN-HC-00153,2024-03-03 08:57:00,111,Pediatric Primary Care,AGT-008,TEAM-ACCESS-SOUTH,connected
SYN-HC-00154,2024-03-05 15:01:00,137,Prescription Refill Line,AGT-020,TEAM-ACCESS-NORTH,connected
SYN-HC-00155,2024-03-04 12:06:00,717,Oncology Intake,,TEAM-TRIAGE,abandoned
SYN-HC-00156,2024-03-03 15:50:00,22,Pediatric Primary Care,AGT-029,TEAM-TRIAGE,connected
SYN-HC-00157,2024-03-03 17:19:00,97,Cardiology Scheduling,AGT-019,TEAM-SPECIALTY,connected
SYN-HC-00158,2024-03-03 15:14:00,136,Pediatric Primary Care,AGT-013,TEAM-ACCESS-SOUTH,connected
SYN-HC-00159,2024-03-04 09:49:00,255,Cardiology Scheduling,AGT-023,TEAM-SPECIALTY,connected
SYN-HC-00160,2024-03-03 08:22:00,230,Oncology Intake,,TEAM-ACCESS-NORTH,abandoned
SYN-HC-00161,2024-03-05 16:28:00,78,Pediatric Primary Care,AGT-008,TEAM-SPECIALTY,connected
SYN-HC-00162,2024-03-02 12:16:00,189,Cardiology Scheduling,AGT-010,TEAM-ACCESS-NORTH,connected
SYN-HC-00163,2024-03-04 08:34:00,231,Prescription Refill Line,AGT-030,TEAM-ACCESS-NORTH,connected
SYN-HC-00164,2024-03-03 13:34:00,299,Oncology Intake,,TEAM-SPECIALTY,abandoned
SYN-HC-00165,2024-03-05 16:33:00,62,Pediatric Primary Care,AGT-026,TEAM-TRIAGE,connected
SYN-HC-00166,2024-03-03 13:46:00,299,General Patient Services,AGT-025,TEAM-ACCESS-SOUTH,connected
SYN-HC-00167,2024-03-02 14:46:00,262,Prescription Refill Line,,TEAM-TRIAGE,abandoned
SYN-HC-00168,2024-03-01 12:30:00,138,Prescription Refill Line,AGT-019,TEAM-SPECIALTY,connected
SYN-HC-00169,2024-03-04 14:20:00,405,General Patient Services,AGT-020,TEAM-ACCESS-NORTH,connected
SYN-HC-00170,2024-03-05 13:35:00,188,Prescription Refill Line,AGT-030,TEAM-TRIAGE,connected
SYN-HC-00171,2024-03-03 14:58:00,131,General Patient Services,,TEAM-ACCESS-NORTH,abandoned
SYN-HC-00172,2024-03-03 16:24:00,54,General Patient Services,AGT-013,TEAM-ACCESS-SOUTH,connected
SYN-HC-00173,2024-03-04 14:19:00,289,Prescription Refill Line,AGT-029,TEAM-ACCESS-SOUTH,connected
SYN-HC-00174,2024-03-04 09:41:00,405,Oncology Intake,AGT-002,TEAM-SPECIALTY,connected
SYN-HC-00175,2024-03-03 11:42:00,575,Oncology Intake,AGT-004,TEAM-SPECIALTY,connected
SYN-HC-00176,2024-03-03 17:17:00,35,Pediatric Primary Care,AGT-004,TEAM-ACCESS-SOUTH,connected
SYN-HC-00177,2024-03-04 09:33:00,388,Cardiology Scheduling,AGT-002,TEAM-ACCESS-NORTH,connected
SYN-HC-00178,2024-03-03 12:09:00,300,Cardiology Scheduling,,TEAM-ACCESS-SOUTH,abandoned
SYN-HC-00179,2024-03-05 11:41:00,426,Cardiology Scheduling,AGT-009,TEAM-ACCESS-NORTH,connected
SYN-HC-00180,2024-03-02 10:13:00,173,Prescription Refill Line,AGT-022,TEAM-ACCESS-NORTH,connected
SYN-HC-00181,2024-03-01 10:14:00,121,General Patient Services,AGT-019,TEAM-ACCESS-SOUTH,connected
SYN-HC-00182,2024-03-03 08:16:00,195,Cardiology Scheduling,,TEAM-TRIAGE,abandoned
SYN-HC-00183,2024-03-05 09:56:00,151,General Patient Services,AGT-017,TEAM-SPECIALTY,connected
SYN-HC-00184,2024-03-05 09:51:00,347,Oncology Intake,AGT-024,TEAM-ACCESS-NORTH,connected
SYN-HC-00185,2024-03-05 13:08:00,778,Oncology Intake,AGT-016,TEAM-ACCESS-NORTH,connected
SYN-HC-00186,2024-03-04 15:16:00,155,General Patient Services,AGT-003,TEAM-TRIAGE,connected
SYN-HC-00187,2024-03-01 13:29:00,150,Prescription Refill Line,,TEAM-SPECIALTY,abandoned
SYN-HC-00188,2024-03-05 17:59:00,211,Prescription Refill Line,AGT-015,TEAM-SPECIALTY,connected
SYN-HC-00189,2024-03-05 15:20:00,233,General Patient Services,AGT-014,TEAM-ACCESS-SOUTH,connected
SYN-HC-00190,2024-03-04 11:53:00,467,Oncology Intake,AGT-014,TEAM-TRIAGE,connected
SYN-HC-00191,2024-03-01 13:20:00,440,Oncology Intake,AGT-005,TEAM-SPECIALTY,connected
SYN-HC-00192,2024-03-04 09:08:00,51,General Patient Services,AGT-024,TEAM-ACCESS-NORTH,connected
SYN-HC-00193,2024-03-03 10:13:00,75,Prescription Refill Line,AGT-022,TEAM-SPECIALTY,connected
SYN-HC-00194,2024-03-01 15:00:00,128,Pediatric Primary Care,AGT-010,TEAM-ACCESS-NORTH,connected
SYN-HC-00195,2024-03-05 13:19:00,103,Pediatric Primary Care,AGT-005,TEAM-ACCESS-SOUTH,connected
SYN-HC-00196,2024-03-04 11:49:00,239,General Patient Services,AGT-004,TEAM-SPECIALTY,connected
SYN-HC-00197,2024-03-03 17:47:00,473,Cardiology Scheduling,AGT-020,TEAM-ACCESS-NORTH,connected
SYN-HC-00198,2024-03-03 08:29:00,199,Cardiology Scheduling,AGT-030,TEAM-SPECIALTY,connected
SYN-HC-00199,2024-03-03 13:59:00,152,General Patient Services,AGT-003,TEAM-TRIAGE,connected
SYN-HC-00200,2024-03-02 08:31:00,221,General Patient Services,AGT-014,TEAM-TRIAGE,connected
SYN-HC-00201,2024-03-04 13:49:00,468,Cardiology Scheduling,AGT-025,TEAM-SPECIALTY,connected
SYN-HC-00202,2024-03-05 09:26:00,69,General Patient Services,AGT-022,TEAM-ACCESS-NORTH,connected
SYN-HC-00203,2024-03-01 12:38:00,554,Oncology Intake,AGT-014,TEAM-TRIAGE,connected
SYN-HC-00204,2024-03-03 11:40:00,133,Prescription Refill Line,AGT-010,TEAM-ACCESS-NORTH,connected
SYN-HC-00205,2024-03-05 16:18:00,202,Prescription Refill Line,,TEAM-TRIAGE,abandoned
SYN-HC-00206,2024-03-05 08:56:00,82,General Patient Services,AGT-025,TEAM-ACCESS-SOUTH,connected
SYN-HC-00207,2024-03-02 12:21:00,217,Pediatric Primary Care,AGT-024,TEAM-TRIAGE,connected
SYN-HC-00208,2024-03-04 10:59:00,254,Cardiology Scheduling,AGT-017,TEAM-ACCESS-SOUTH,connected
SYN-HC-00209,2024-03-05 14:02:00,263,General Patient Services,AGT-014,TEAM-ACCESS-NORTH,connected
SYN-HC-00210,2024-03-01 15:50:00,110,General Patient Services,AGT-023,TEAM-TRIAGE,connected
SYN-HC-00211,2024-03-04 12:56:00,267,General Patient Services,,TEAM-SPECIALTY,abandoned
SYN-HC-00212,2024-03-02 15:51:00,42,Pediatric Primary Care,AGT-008,TEAM-ACCESS-NORTH,connected
SYN-HC-00213,2024-03-04 14:50:00,115,Prescription Refill Line,AGT-024,TEAM-SPECIALTY,connected
SYN-HC-00214,2024-03-03 11:46:00,136,Pediatric Primary Care,,TEAM-ACCESS-NORTH,abandoned
SYN-HC-00215,2024-03-05 16:42:00,457,Cardiology Scheduling,AGT-008,TEAM-ACCESS-SOUTH,connected
SYN-HC-00216,2024-03-01 10:29:00,70,Pediatric Primary Care,AGT-025,TEAM-ACCESS-SOUTH,connected
SYN-HC-00217,2024-03-01 11:01:00,595,Oncology Intake,AGT-022,TEAM-TRIAGE,connected
SYN-HC-00218,2024-03-05 13:30:00,127,Pediatric Primary Care,AGT-015,TEAM-TRIAGE,connected
SYN-HC-00219,2024-03-03 12:41:00,103,Prescription Refill Line,AGT-010,TEAM-ACCESS-NORTH,connected
SYN-HC-00220,2024-03-04 15:42:00,44,General Patient Services,AGT-003,TEAM-SPECIALTY,connected
SYN-HC-00221,2024-03-01 16:39:00,326,Oncology Intake,AGT-015,TEAM-ACCESS-NORTH,connected
SYN-HC-00222,2024-03-05 11:12:00,359,Pediatric Primary Care,AGT-002,TEAM-ACCESS-SOUTH,connected
SYN-HC-00223,2024-03-04 09:45:00,41,Pediatric Primary Care,AGT-002,TEAM-ACCESS-SOUTH,connected
SYN-HC-00224,2024-03-02 15:28:00,358,Oncology Intake,AGT-012,TEAM-ACCESS-SOUTH,connected
SYN-HC-00225,2024-03-03 12:49:00,538,Oncology Intake,AGT-026,TEAM-ACCESS-NORTH,connected
SYN-HC-00226,2024-03-03 09:07:00,44,Pediatric Primary Care,AGT-010,TEAM-TRIAGE,connected
SYN-HC-00227,2024-03-03 10:33:00,40,Pediatric Primary Care,AGT-030,TEAM-ACCESS-SOUTH,connected
SYN-HC-00228,2024-03-03 13:17:00,252,Oncology Intake,AGT-010,TEAM-ACCESS-NORTH,connected
SYN-HC-00229,2024-03-05 14:25:00,115,Pediatric Primary Care,AGT-021,TEAM-ACCESS-NORTH,connected
SYN-HC-00230,2024-03-04 16:40:00,24,Pediatric Primary Care,AGT-007,TEAM-ACCESS-SOUTH,connected
SYN-HC-00231,2024-03-03 16:17:00,175,Cardiology Scheduling,AGT-003,TEAM-ACCESS-SOUTH,connected
SYN-HC-00232,2024-03-03 09:43:00,64,Prescription Refill Line,AGT-020,TEAM-ACCESS-SOUTH,connected
SYN-HC-00233,2024-03-04 10:37:00,152,Cardiology Scheduling,AGT-024,TEAM-ACCESS-SOUTH,connected
SYN-HC-00234,2024-03-04 08:44:00,276,Oncology Intake,AGT-015,TEAM-ACCESS-SOUTH,connected
SYN-HC-00235,2024-03-05 12:51:00,359,Oncology Intake,AGT-026,TEAM-SPECIALTY,connected
SYN-HC-00236,2024-03-04 11:18:00,342,Pediatric Primary Care,AGT-025,TEAM-TRIAGE,connected
SYN-HC-00237,2024-03-03 14:31:00,345,Prescription Refill Line,AGT-027,TEAM-ACCESS-SOUTH,connected
SYN-HC-00238,2024-03-02 10:21:00,33,Pediatric Primary Care,AGT-018,TEAM-SPECIALTY,connected
SYN-HC-00239,2024-03-01 16:48:00,102,General Patient Services,AGT-009,TEAM-ACCESS-SOUTH,connected
SYN-HC-00240,2024-03-04 16:45:00,283,Cardiology Scheduling,,TEAM-ACCESS-SOUTH,abandoned
SYN-HC-00241,2024-03-04 13:57:00,272,General Patient Services,,TEAM-SPECIALTY,abandoned
SYN-HC-00242,2024-03-02 14:35:00,251,General Patient Services,AGT-030,TEAM-SPECIALTY,connected
SYN-HC-00243,2024-03-01 13:43:00,230,Cardiology Scheduling,,TEAM-TRIAGE,abandoned
SYN-HC-00244,2024-03-02 16:00:00,405,Oncology Intake,,TEAM-ACCESS-NORTH,abandoned
SYN-HC-00245,2024-03-01 12:22:00,243,Cardiology Scheduling,AGT-004,TEAM-TRIAGE,connected
SYN-HC-00246,2024-03-03 12:03:00,112,Pediatric Primary Care,,TEAM-TRIAGE,abandoned
SYN-HC-00247,2024-03-05 15:48:00,58,General Patient Services,AGT-020,TEAM-TRIAGE,connected
SYN-HC-00248,2024-03-05 08:16:00,168,Prescription Refill Line,AGT-014,TEAM-SPECIALTY,connected
SYN-HC-00249,2024-03-01 14:01:00,516,Cardiology Scheduling,,TEAM-ACCESS-NORTH,abandoned
SYN-HC-00250,2024-03-05 14:09:00,329,General Patient Services,AGT-013,TEAM-ACCESS-NORTH,connected
SYN-HC-00251,2024-03-04 08:44:00,592,Oncology Intake,AGT-012,TEAM-ACCESS-NORTH,connected
SYN-HC-00252,2024-03-01 13:53:00,196,Cardiology Scheduling,AGT-005,TEAM-SPECIALTY,connected
SYN-HC-00253,2024-03-01 14:00:00,248,Prescription Refill Line,AGT-027,TEAM-ACCESS-SOUTH,connected
SYN-HC-00254,2024-03-04 16:10:00,475,Cardiology Scheduling,AGT-002,TEAM-TRIAGE,connected
SYN-HC-00255,2024-03-03 11:26:00,162,General Patient Services,AGT-030,TEAM-SPECIALTY,connected
SYN-HC-00256,2024-03-03 16:47:00,596,Oncology Intake,AGT-009,TEAM-TRIAGE,connected
SYN-HC-00257,2024-03-01 11:15:00,232,Pediatric Primary Care,AGT-028,TEAM-ACCESS-NORTH,connected
SYN-HC-00258,2024-03-03 12:39:00,248,General Patient Services,AGT-024,TEAM-TRIAGE,connected
SYN-HC-00259,2024-03-04 14:35:00,145,Pediatric Primary Care,AGT-012,TEAM-TRIAGE,connected
SYN-HC-00260,2024-03-05 12:33:00,277,General Patient Services,,TEAM-ACCESS-SOUTH,abandoned
SYN-HC-00261,2024-03-05 13:00:00,102,Pediatric Primary Care,AGT-010,TEAM-SPECIALTY,connected
SYN-HC-00262,2024-03-04 15:16:00,413,Cardiology Scheduling,AGT-002,TEAM-TRIAGE,connected
SYN-HC-00263,2024-03-03 15:25:00,34,Pediatric Primary Care,AGT-012,TEAM-TRIAGE,connected
SYN-HC-00264,2024-03-05 10:43:00,66,General Patient Services,AGT-002,TEAM-TRIAGE,connected
SYN-HC-00265,2024-03-02 09:08:00,458,Cardiology Scheduling,AGT-013,TEAM-SPECIALTY,connected
SYN-HC-00266,2024-03-05 08:33:00,123,Prescription Refill Line,AGT-012,TEAM-SPECIALTY,connected
SYN-HC-00267,2024-03-04 09:18:00,115,Prescription Refill Line,AGT-011,TEAM-TRIAGE,connected
SYN-HC-00268,2024-03-03 12:15:00,73,General Patient Services,AGT-017,TEAM-TRIAGE,connected
SYN-HC-00269,2024-03-04 17:35:00,97,General Patient Services,AGT-007,TEAM-TRIAGE,connected
SYN-HC-00270,2024-03-05 12:52:00,324,Oncology Intake,,TEAM-ACCESS-NORTH,abandoned
SYN-HC-00271,2024-03-04 10:56:00,600,Oncology Intake,,TEAM-SPECIALTY,abandoned
SYN-HC-00272,2024-03-03 09:06:00,193,Prescription Refill Line,AGT-023,TEAM-ACCESS-SOUTH,connected
SYN-HC-00273,2024-03-02 14:10:00,189,Prescription Refill Line,,TEAM-ACCESS-SOUTH,abandoned
SYN-HC-00274,2024-03-02 12:02:00,146,Oncology Intake,AGT-015,TEAM-SPECIALTY,connected
SYN-HC-00275,2024-03-05 10:12:00,89,Prescription Refill Line,,TEAM-TRIAGE,abandoned
SYN-HC-00276,2024-03-04 16:58:00,483,Oncology Intake,AGT-005,TEAM-ACCESS-NORTH,connected
SYN-HC-00277,2024-03-03 09:15:00,328,Oncology Intake,AGT-005,TEAM-SPECIALTY,connected
SYN-HC-00278,2024-03-05 11:06:00,533,Cardiology Scheduling,AGT-027,TEAM-ACCESS-NORTH,connected
SYN-HC-00279,2024-03-01 16:50:00,215,Cardiology Scheduling,AGT-030,TEAM-SPECIALTY,connected
SYN-HC-00280,2024-03-02 13:54:00,220,Prescription Refill Line,AGT-007,TEAM-SPECIALTY,connected
SYN-HC-00281,2024-03-05 12:41:00,400,Cardiology Scheduling,AGT-017,TEAM-ACCESS-NORTH,connected
SYN-HC-00282,2024-03-02 17:54:00,147,Cardiology Scheduling,AGT-027,TEAM-SPECIALTY,connected
SYN-HC-00283,2024-03-05 08:42:00,50,General Patient Services,,TEAM-SPECIALTY,abandoned
SYN-HC-00284,2024-03-02 17:45:00,406,Oncology Intake,AGT-029,TEAM-TRIAGE,connected
SYN-HC-00285,2024-03-05 12:56:00,297,Pediatric Primary Care,AGT-010,TEAM-TRIAGE,connected
SYN-HC-00286,2024-03-04 09:14:00,70,General Patient Services,AGT-015,TEAM-TRIAGE,connected
SYN-HC-00287,2024-03-02 13:48:00,148,Prescription Refill Line,AGT-024,TEAM-SPECIALTY,connected
SYN-HC-00288,2024-03-03 14:48:00,469,Cardiology Scheduling,AGT-011,TEAM-ACCESS-NORTH,connected
SYN-HC-00289,2024-03-02 15:57:00,98,General Patient Services,AGT-004,TEAM-ACCESS-SOUTH,connected
SYN-HC-00290,2024-03-01 12:57:00,750,Oncology Intake,AGT-027,TEAM-ACCESS-SOUTH,connected
SYN-HC-00291,2024-03-03 17:51:00,68,Pediatric Primary Care,AGT-017,TEAM-TRIAGE,connected
SYN-HC-00292,2024-03-04 16:30:00,147,Pediatric Primary Care,,TEAM-TRIAGE,abandoned
SYN-HC-00293,2024-03-05 15:48:00,170,Cardiology Scheduling,AGT-002,TEAM-ACCESS-NORTH,connected
SYN-HC-00294,2024-03-03 16:26:00,285,Prescription Refill Line,AGT-028,TEAM-ACCESS-NORTH,connected
SYN-HC-00295,2024-03-01 15:21:00,195,Cardiology Scheduling,AGT-012,TEAM-TRIAGE,connected
SYN-HC-00296,2024-03-01 14:50:00,351,General Patient Services,AGT-018,TEAM-SPECIALTY,connected
SYN-HC-00297,2024-03-03 09:15:00,348,Oncology Intake,AGT-027,TEAM-SPECIALTY,connected
SYN-HC-00298,2024-03-05 10:01:00,109,Cardiology Scheduling,AGT-018,TEAM-SPECIALTY,connected
SYN-HC-00299,2024-03-03 10:27:00,368,Cardiology Scheduling,AGT-002,TEAM-ACCESS-NORTH,connected
SYN-HC-00300,2024-03-01 10:20:00,141,Pediatric Primary Care,AGT-020,TEAM-ACCESS-SOUTH,connected
SYN-HC-00301,2024-03-05 10:23:00,176,Pediatric Primary Care,AGT-020,TEAM-TRIAGE,connected
SYN-HC-00302,2024-03-03 13:44:00,335,Prescription Refill Line,AGT-016,TEAM-SPECIALTY,connected
SYN-HC-00303,2024-03-01 14:17:00,106,Pediatric Primary Care,AGT-026,TEAM-SPECIALTY,connected
SYN-HC-00304,2024-03-01 16:05:00,168,Pediatric Primary Care,AGT-019,TEAM-ACCESS-NORTH,connected
SYN-HC-00305,2024-03-04 10:54:00,239,Prescription Refill Line,AGT-002,TEAM-ACCESS-SOUTH,connected
SYN-HC-00306,2024-03-05 09:52:00,69,Cardiology Scheduling,AGT-005,TEAM-TRIAGE,connected
SYN-HC-00307,2024-03-04 11:28:00,633,Oncology Intake,AGT-028,TEAM-TRIAGE,connected
SYN-HC-00308,2024-03-01 10:21:00,151,Prescription Refill Line,AGT-017,TEAM-TRIAGE,connected
SYN-HC-00309,2024-03-04 13:21:00,560,Cardiology Scheduling,AGT-018,TEAM-SPECIALTY,connected
SYN-HC-00310,2024-03-03 12:30:00,322,Prescription Refill Line,AGT-009,TEAM-ACCESS-SOUTH,connected
SYN-HC-00311,2024-03-05 13:05:00,394,Cardiology Scheduling,AGT-023,TEAM-ACCESS-SOUTH,connected
SYN-HC-00312,2024-03-04 13:24:00,477,Oncology Intake,AGT-010,TEAM-SPECIALTY,connected
SYN-HC-00313,2024-03-01 17:47:00,239,Prescription Refill Line,AGT-027,TEAM-TRIAGE,connected
SYN-HC-00314,2024-03-03 10:29:00,30,Pediatric Primary Care,AGT-012,TEAM-ACCESS-NORTH,connected
SYN-HC-00315,2024-03-04 12:22:00,339,Oncology Intake,,TEAM-SPECIALTY,abandoned
SYN-HC-00316,2024-03-05 12:38:00,201,Cardiology Scheduling,AGT-008,TEAM-ACCESS-SOUTH,connected
SYN-HC-00317,2024-03-01 17:03:00,386,Cardiology Scheduling,AGT-014,TEAM-ACCESS-NORTH,connected
SYN-HC-00318,2024-03-03 16:03:00,204,General Patient Services,AGT-018,TEAM-ACCESS-NORTH,connected
SYN-HC-00319,2024-03-02 14:56:00,608,Oncology Intake,AGT-011,TEAM-SPECIALTY,connected
SYN-HC-00320,2024-03-03 09:00:00,196,General Patient Services,AGT-030,TEAM-ACCESS-NORTH,connected
SYN-HC-00321,2024-03-02 15:07:00,78,Cardiology Scheduling,AGT-026,TEAM-TRIAGE,connected
SYN-HC-00322,2024-03-04 11:10:00,69,Pediatric Primary Care,,TEAM-ACCESS-NORTH,abandoned
SYN-HC-00323,2024-03-03 12:51:00,776,Oncology Intake,AGT-029,TEAM-TRIAGE,connected
SYN-HC-00324,2024-03-02 16:36:00,229,Oncology Intake,AGT-011,TEAM-ACCESS-NORTH,connected
SYN-HC-00325,2024-03-02 15:49:00,67,Pediatric Primary Care,,TEAM-SPECIALTY,abandoned
SYN-HC-00326,2024-03-03 17:41:00,149,Cardiology Scheduling,AGT-027,TEAM-TRIAGE,connected
SYN-HC-00327,2024-03-04 16:47:00,42,Pediatric Primary Care,AGT-006,TEAM-ACCESS-NORTH,connected
SYN-HC-00328,2024-03-02 16:08:00,83,Pediatric Primary Care,,TEAM-TRIAGE,abandoned
SYN-HC-00329,2024-03-02 15:37:00,104,Pediatric Primary Care,AGT-009,TEAM-ACCESS-NORTH,connected
SYN-HC-00330,2024-03-03 12:01:00,401,General Patient Services,AGT-006,TEAM-SPECIALTY,connected
SYN-HC-00331,2024-03-04 16:34:00,50,Pediatric Primary Care,AGT-012,TEAM-SPECIALTY,connected
SYN-HC-00332,2024-03-05 11:46:00,226,Cardiology Scheduling,AGT-024,TEAM-TRIAGE,connected
SYN-HC-00333,2024-03-05 14:22:00,682,Oncology Intake,AGT-025,TEAM-ACCESS-SOUTH,connected
SYN-HC-00334,2024-03-02 09:23:00,273,Prescription Refill Line,AGT-003,TEAM-SPECIALTY,connected
SYN-HC-00335,2024-03-05 09:54:00,170,General Patient Services,AGT-019,TEAM-ACCESS-SOUTH,connected
SYN-HC-00336,2024-03-05 10:33:00,227,Cardiology Scheduling,AGT-004,TEAM-TRIAGE,connected
SYN-HC-00337,2024-03-02 17:57:00,136,Oncology Intake,AGT-026,TEAM-TRIAGE,connected
SYN-HC-00338,2024-03-01 15:44:00,322,Cardiology Scheduling,AGT-018,TEAM-ACCESS-NORTH,connected
SYN-HC-00339,2024-03-04 13:15:00,262,General Patient Services,AGT-024,TEAM-ACCESS-NORTH,connected
SYN-HC-00340,2024-03-02 17:52:00,41,General Patient Services,AGT-018,TEAM-ACCESS-NORTH,connected
SYN-HC-00341,2024-03-01 09:10:00,106,Oncology Intake,AGT-025,TEAM-ACCESS-SOUTH,connected
SYN-HC-00342,2024-03-02 15:10:00,117,Pediatric Primary Care,AGT-013,TEAM-TRIAGE,connected
SYN-HC-00343,2024-03-01 17:12:00,394,Cardiology Scheduling,AGT-006,TEAM-ACCESS-NORTH,connected
SYN-HC-00344,2024-03-05 14:42:00,140,Prescription Refill Line,AGT-027,TEAM-ACCESS-SOUTH,connected
SYN-HC-00345,2024-03-01 08:23:00,138,Pediatric Primary Care,AGT-018,TEAM-TRIAGE,connected
SYN-HC-00346,2024-03-04 11:55:00,561,Cardiology Scheduling,AGT-007,TEAM-SPECIALTY,connected
SYN-HC-00347,2024-03-01 08:32:00,404,Oncology Intake,AGT-008,TEAM-ACCESS-NORTH,connected
SYN-HC-00348,2024-03-02 09:08:00,182,General Patient Services,,TEAM-ACCESS-NORTH,abandoned
SYN-HC-00349,2024-03-02 08:45:00,314,Oncology Intake,AGT-025,TEAM-ACCESS-SOUTH,connected
SYN-HC-00350,2024-03-01 10:23:00,193,Prescription Refill Line,AGT-019,TEAM-SPECIALTY,connected
SYN-HC-00351,2024-03-05 13:28:00,399,Cardiology Scheduling,AGT-014,TEAM-ACCESS-SOUTH,connected
SYN-HC-00352,2024-03-03 12:41:00,345,General Patient Services,AGT-021,TEAM-ACCESS-SOUTH,connected
SYN-HC-00353,2024-03-04 17:29:00,114,Oncology Intake,AGT-026,TEAM-TRIAGE,connected
SYN-HC-00354,2024-03-05 13:26:00,538,Oncology Intake,,TEAM-TRIAGE,abandoned
SYN-HC-00355,2024-03-02 17:10:00,213,Oncology Intake,AGT-028,TEAM-SPECIALTY,connected
SYN-HC-00356,2024-03-02 15:54:00,173,General Patient Services,AGT-018,TEAM-TRIAGE,connected
SYN-HC-00357,2024-03-05 10:17:00,214,Oncology Intake,AGT-021,TEAM-SPECIALTY,connected
SYN-HC-00358,2024-03-01 15:40:00,43,Pediatric Primary Care,AGT-002,TEAM-ACCESS-SOUTH,connected
SYN-HC-00359,2024-03-03 14:26:00,383,Prescription Refill Line,,TEAM-ACCESS-NORTH,abandoned
SYN-HC-00360,2024-03-02 17:32:00,305,Cardiology Scheduling,AGT-010,TEAM-SPECIALTY,connected
SYN-HC-00361,2024-03-01 11:36:00,210,Cardiology Scheduling,AGT-030,TEAM-TRIAGE,connected
SYN-HC-00362,2024-03-02 11:29:00,365,Oncology Intake,AGT-013,TEAM-SPECIALTY,connected
SYN-HC-00363,2024-03-04 17:06:00,98,Pediatric Primary Care,AGT-015,TEAM-TRIAGE,connected
SYN-HC-00364,2024-03-01 16:00:00,72,Pediatric Primary Care,AGT-002,TEAM-TRIAGE,connected
SYN-HC-00365,2024-03-05 11:46:00,106,Cardiology Scheduling,AGT-010,TEAM-TRIAGE,connected
SYN-HC-00366,2024-03-02 11:20:00,167,Pediatric Primary Care,AGT-016,TEAM-ACCESS-SOUTH,connected
SYN-HC-00367,2024-03-05 13:45:00,300,Pediatric Primary Care,AGT-015,TEAM-TRIAGE,connected
SYN-HC-00368,2024-03-02 14:00:00,233,Cardiology Scheduling,AGT-006,TEAM-TRIAGE,connected
SYN-HC-00369,2024-03-05 09:00:00,62,Prescription Refill Line,AGT-027,TEAM-ACCESS-NORTH,connected
SYN-HC-00370,2024-03-01 08:06:00,160,Oncology Intake,AGT-003,TEAM-ACCESS-SOUTH,connected
SYN-HC-00371,2024-03-02 08:09:00,318,Cardiology Scheduling,AGT-020,TEAM-ACCESS-NORTH,connected
SYN-HC-00372,2024-03-05 16:14:00,98,Oncology Intake,,TEAM-TRIAGE,abandoned
SYN-HC-00373,2024-03-01 08:17:00,185,Prescription Refill Line,AGT-001,TEAM-SPECIALTY,connected
SYN-HC-00374,2024-03-05 15:20:00,114,Cardiology Scheduling,AGT-008,TEAM-ACCESS-SOUTH,connected
SYN-HC-00375,2024-03-02 16:59:00,110,Pediatric Primary Care,AGT-003,TEAM-TRIAGE,connected
SYN-HC-00376,2024-03-03 14:55:00,698,Oncology Intake,AGT-010,TEAM-ACCESS-SOUTH,connected
SYN-HC-00377,2024-03-01 08:32:00,133,General Patient Services,AGT-002,TEAM-TRIAGE,connected
SYN-HC-00378,2024-03-01 10:55:00,157,General Patient Services,AGT-019,TEAM-SPECIALTY,connected
SYN-HC-00379,2024-03-01 17:00:00,88,General Patient Services,AGT-009,TEAM-TRIAGE,connected
SYN-HC-00380,2024-03-01 09:16:00,159,Pediatric Primary Care,AGT-006,TEAM-ACCESS-NORTH,connected
SYN-HC-00381,2024-03-03 08:16:00,360,Cardiology Scheduling,AGT-030,TEAM-TRIAGE,connected
SYN-HC-00382,2024-03-01 13:06:00,336,Cardiology Scheduling,AGT-022,TEAM-TRIAGE,connected
SYN-HC-00383,2024-03-05 13:39:00,263,Oncology Intake,AGT-017,TEAM-ACCESS-NORTH,connected
SYN-HC-00384,2024-03-03 08:54:00,141,General Patient Services,AGT-011,TEAM-ACCESS-NORTH,connected
SYN-HC-00385,2024-03-05 14:46:00,65,Pediatric Primary Care,AGT-016,TEAM-TRIAGE,connected
SYN-HC-00386,2024-03-02 14:04:00,267,Prescription Refill Line,AGT-003,TEAM-TRIAGE,connected
SYN-HC-00387,2024-03-05 13:02:00,165,Cardiology Scheduling,,TEAM-ACCESS-SOUTH,abandoned
SYN-HC-00388,2024-03-04 10:37:00,252,Oncology Intake,AGT-001,TEAM-ACCESS-NORTH,connected
SYN-HC-00389,2024-03-03 15:35:00,89,Pediatric Primary Care,AGT-006,TEAM-ACCESS-NORTH,connected
SYN-HC-00390,2024-03-04 15:39:00,253,Prescription Refill Line,AGT-012,TEAM-ACCESS-NORTH,connected
SYN-HC-00391,2024-03-05 09:35:00,211,Prescription Refill Line,AGT-010,TEAM-ACCESS-NORTH,connected
SYN-HC-00392,2024-03-04 14:37:00,346,General Patient Services,AGT-019,TEAM-ACCESS-SOUTH,connected
SYN-HC-00393,2024-03-05 10:53:00,176,Oncology Intake,,TEAM-SPECIALTY,abandoned
SYN-HC-00394,2024-03-03 16:24:00,92,Cardiology Scheduling,AGT-014,TEAM-SPECIALTY,connected
SYN-HC-00395,2024-03-03 16:15:00,122,General Patient Services,AGT-024,TEAM-ACCESS-SOUTH,connected
SYN-HC-00396,2024-03-04 11:20:00,229,Oncology Intake,,TEAM-ACCESS-NORTH,abandoned
SYN-HC-00397,2024-03-04 13:40:00,269,Prescription Refill Line,AGT-015,TEAM-SPECIALTY,connected
SYN-HC-00398,2024-03-03 15:20:00,114,Prescription Refill Line,AGT-016,TEAM-ACCESS-SOUTH,connected
SYN-HC-00399,2024-03-03 11:01:00,446,Oncology Intake,AGT-019,TEAM-TRIAGE,connected
SYN-HC-00400,2024-03-02 13:33:00,407,Oncology Intake,AGT-012,TEAM-TRIAGE,connected
SYN-HC-00401,2024-03-01 17:37:00,363,Cardiology Scheduling,AGT-022,TEAM-ACCESS-SOUTH,connected
SYN-HC-00402,2024-03-05 08:27:00,572,Oncology Intake,AGT-026,TEAM-TRIAGE,connected
SYN-HC-00403,2024-03-03 09:10:00,434,Oncology Intake,AGT-008,TEAM-SPECIALTY,connected
SYN-HC-00404,2024-03-03 10:37:00,494,Oncology Intake,AGT-020,TEAM-TRIAGE,connected
SYN-HC-00405,2024-03-04 17:56:00,363,Oncology Intake,AGT-018,TEAM-TRIAGE,connected
SYN-HC-00406,2024-03-01 14:08:00,379,Prescription Refill Line,AGT-004,TEAM-ACCESS-NORTH,connected
SYN-HC-00407,2024-03-02 14:03:00,135,Cardiology Scheduling,AGT-025,TEAM-TRIAGE,connected
SYN-HC-00408,2024-03-03 15:20:00,32,General Patient Services,AGT-017,TEAM-ACCESS-SOUTH,connected
SYN-HC-00409,2024-03-05 17:31:00,158,Prescription Refill Line,AGT-015,TEAM-TRIAGE,connected
SYN-HC-00410,2024-03-05 16:32:00,236,Cardiology Scheduling,AGT-004,TEAM-TRIAGE,connected
SYN-HC-00411,2024-03-03 15:05:00,59,General Patient Services,AGT-012,TEAM-ACCESS-SOUTH,connected
SYN-HC-00412,2024-03-03 13:51:00,331,Oncology Intake,AGT-016,TEAM-SPECIALTY,connected
SYN-HC-00413,2024-03-01 15:28:00,253,Oncology Intake,,TEAM-ACCESS-NORTH,abandoned
SYN-HC-00414,2024-03-01 08:23:00,47,Pediatric Primary Care,AGT-030,TEAM-ACCESS-SOUTH,connected
SYN-HC-00415,2024-03-02 16:48:00,342,Cardiology Scheduling,AGT-015,TEAM-TRIAGE,connected
SYN-HC-00416,2024-03-02 14:54:00,280,Cardiology Scheduling,AGT-013,TEAM-TRIAGE,connected
SYN-HC-00417,2024-03-01 11:22:00,726,Oncology Intake,AGT-023,TEAM-ACCESS-NORTH,connected
SYN-HC-00418,2024-03-02 11:30:00,82,Pediatric Primary Care,AGT-012,TEAM-ACCESS-SOUTH,connected
SYN-HC-00419,2024-03-03 11:21:00,236,Oncology Intake,AGT-017,TEAM-TRIAGE,connected
SYN-HC-00420,2024-03-03 14:37:00,275,Prescription Refill Line,AGT-012,TEAM-SPECIALTY,connected
SYN-HC-00421,2024-03-04 10:56:00,177,Pediatric Primary Care,AGT-011,TEAM-ACCESS-SOUTH,connected
SYN-HC-00422,2024-03-01 12:04:00,109,Pediatric Primary Care,AGT-017,TEAM-ACCESS-SOUTH,connected
SYN-HC-00423,2024-03-04 15:08:00,115,Prescription Refill Line,AGT-006,TEAM-TRIAGE,connected
SYN-HC-00424,2024-03-04 17:10:00,344,Cardiology Scheduling,AGT-005,TEAM-SPECIALTY,connected
SYN-HC-00425,2024-03-02 13:22:00,754,Oncology Intake,,TEAM-SPECIALTY,abandoned
SYN-HC-00426,2024-03-01 16:16:00,159,Cardiology Scheduling,AGT-014,TEAM-TRIAGE,connected
SYN-HC-00427,2024-03-04 15:05:00,340,Oncology Intake,AGT-026,TEAM-ACCESS-NORTH,connected
SYN-HC-00428,2024-03-02 12:59:00,200,General Patient Services,AGT-006,TEAM-SPECIALTY,connected
SYN-HC-00429,2024-03-04 17:39:00,371,Oncology Intake,AGT-009,TEAM-ACCESS-NORTH,connected
SYN-HC-00430,2024-03-05 14:15:00,462,Prescription Refill Line,,TEAM-TRIAGE,abandoned
SYN-HC-00431,2024-03-05 11:43:00,224,Oncology Intake,AGT-010,TEAM-ACCESS-SOUTH,connected
SYN-HC-00432,2024-03-01 15:40:00,109,Pediatric Primary Care,AGT-015,TEAM-ACCESS-NORTH,connected
SYN-HC-00433,2024-03-01 12:02:00,449,Cardiology Scheduling,AGT-006,TEAM-TRIAGE,connected
SYN-HC-00434,2024-03-05 10:22:00,476,Cardiology Scheduling,AGT-019,TEAM-ACCESS-NORTH,connected
SYN-HC-00435,2024-03-03 17:05:00,172,Pediatric Primary Care,AGT-023,TEAM-SPECIALTY,connected
SYN-HC-00436,2024-03-03 12:56:00,211,Prescription Refill Line,AGT-005,TEAM-ACCESS-NORTH,connected
SYN-HC-00437,2024-03-04 09:00:00,52,Pediatric Primary Care,AGT-008,TEAM-ACCESS-SOUTH,connected
SYN-HC-00438,2024-03-02 13:29:00,492,Cardiology Scheduling,AGT-021,TEAM-SPECIALTY,connected
SYN-HC-00439,2024-03-04 14:24:00,197,Oncology Intake,AGT-013,TEAM-ACCESS-NORTH,connected
SYN-HC-00440,2024-03-05 12:44:00,282,Pediatric Primary Care,AGT-019,TEAM-SPECIALTY,connected
SYN-HC-00441,2024-03-01 09:35:00,415,Oncology Intake,AGT-028,TEAM-SPECIALTY,connected
SYN-HC-00442,2024-03-01 17:07:00,201,Oncology Intake,AGT-016,TEAM-ACCESS-SOUTH,connected
SYN-HC-00443,2024-03-03 13:30:00,222,Pediatric Primary Care,AGT-019,TEAM-ACCESS-SOUTH,connected
SYN-HC-00444,2024-03-04 13:51:00,83,General Patient Services,AGT-001,TEAM-TRIAGE,connected
SYN-HC-00445,2024-03-01 10:41:00,323,Oncology Intake,,TEAM-TRIAGE,abandoned
SYN-HC-00446,2024-03-02 10:15:00,60,Pediatric Primary Care,AGT-003,TEAM-SPECIALTY,connected
SYN-HC-00447,2024-03-03 12:16:00,250,General Patient Services,AGT-002,TEAM-ACCESS-SOUTH,connected
SYN-HC-00448,2024-03-04 13:12:00,529,Cardiology Scheduling,AGT-001,TEAM-ACCESS-NORTH,connected
SYN-HC-00449,2024-03-02 16:08:00,63,General Patient Services,AGT-001,TEAM-TRIAGE,connected
SYN-HC-00450,2024-03-01 13:51:00,276,General Patient Services,AGT-003,TEAM-TRIAGE,connected
SYN-HC-00451,2024-03-02 14:32:00,112,General Patient Services,AGT-029,TEAM-SPECIALTY,connected
SYN-HC-00452,2024-03-03 10:20:00,486,Oncology Intake,AGT-021,TEAM-ACCESS-SOUTH,connected
SYN-HC-00453,2024-03-02 09:10:00,49,Prescription Refill Line,AGT-015,TEAM-ACCESS-SOUTH,connected
SYN-HC-00454,2024-03-03 11:38:00,511,Cardiology Scheduling,AGT-028,TEAM-TRIAGE,connected
SYN-HC-00455,2024-03-02 09:28:00,65,General Patient Services,AGT-012,TEAM-TRIAGE,connected
SYN-HC-00456,2024-03-04 13:22:00,343,Cardiology Scheduling,AGT-008,TEAM-ACCESS-NORTH,connected
SYN-HC-00457,2024-03-05 12:51:00,397,General Patient Services,AGT-017,TEAM-ACCESS-SOUTH,connected
SYN-HC-00458,2024-03-05 16:41:00,442,Cardiology Scheduling,AGT-026,TEAM-ACCESS-NORTH,connected
SYN-HC-00459,2024-03-02 16:26:00,147,Oncology Intake,AGT-017,TEAM-ACCESS-NORTH,connected
SYN-HC-00460,2024-03-01 14:09:00,117,Pediatric Primary Care,AGT-012,TEAM-TRIAGE,connected
SYN-HC-00461,2024-03-05 10:56:00,578,Oncology Intake,AGT-001,TEAM-ACCESS-NORTH,connected
SYN-HC-00462,2024-03-05 09:09:00,97,General Patient Services,AGT-026,TEAM-ACCESS-NORTH,connected
SYN-HC-00463,2024-03-04 16:38:00,180,Pediatric Primary Care,AGT-014,TEAM-TRIAGE,connected
SYN-HC-00464,2024-03-04 09:24:00,123,Prescription Refill Line,AGT-003,TEAM-SPECIALTY,connected
SYN-HC-00465,2024-03-05 11:28:00,639,Cardiology Scheduling,AGT-010,TEAM-ACCESS-NORTH,connected
SYN-HC-00466,2024-03-04 12:04:00,185,General Patient Services,,TEAM-TRIAGE,abandoned
SYN-HC-00467,2024-03-01 15:44:00,73,Prescription Refill Line,AGT-004,TEAM-ACCESS-SOUTH,connected
SYN-HC-00468,2024-03-01 10:20:00,71,General Patient Services,AGT-017,TEAM-SPECIALTY,connected
SYN-HC-00469,2024-03-05 12:25:00,470,Cardiology Scheduling,,TEAM-SPECIALTY,abandoned
SYN-HC-00470,2024-03-01 08:30:00,129,Pediatric Primary Care,AGT-009,TEAM-ACCESS-NORTH,connected
SYN-HC-00471,2024-03-05 09:18:00,323,Oncology Intake,AGT-016,TEAM-ACCESS-NORTH,connected
SYN-HC-00472,2024-03-05 10:50:00,60,Pediatric Primary Care,AGT-029,TEAM-ACCESS-NORTH,connected
SYN-HC-00473,2024-03-05 09:58:00,439,Cardiology Scheduling,AGT-028,TEAM-ACCESS-NORTH,connected
SYN-HC-00474,2024-03-01 12:10:00,301,General Patient Services,AGT-006,TEAM-ACCESS-SOUTH,connected
SYN-HC-00475,2024-03-01 17:26:00,204,Oncology Intake,AGT-030,TEAM-TRIAGE,connected
SYN-HC-00476,2024-03-03 12:37:00,352,General Patient Services,AGT-006,TEAM-ACCESS-NORTH,connected
SYN-HC-00477,2024-03-02 16:48:00,132,General Patient Services,AGT-028,TEAM-TRIAGE,connected
SYN-HC-00478,2024-03-03 13:18:00,94,Pediatric Primary Care,AGT-012,TEAM-ACCESS-NORTH,connected
SYN-HC-00479,2024-03-02 12:58:00,476,Prescription Refill Line,AGT-015,TEAM-ACCESS-SOUTH,connected
SYN-HC-00480,2024-03-03 16:25:00,435,Cardiology Scheduling,AGT-005,TEAM-ACCESS-SOUTH,connected
SYN-HC-00481,2024-03-01 14:59:00,179,General Patient Services,AGT-011,TEAM-ACCESS-NORTH,connected
SYN-HC-00482,2024-03-01 14:25:00,103,Pediatric Primary Care,AGT-014,TEAM-ACCESS-SOUTH,connected
SYN-HC-00483,2024-03-04 09:01:00,424,Cardiology Scheduling,AGT-030,TEAM-ACCESS-NORTH,connected
SYN-HC-00484,2024-03-02 16:52:00,448,Oncology Intake,AGT-024,TEAM-TRIAGE,connected
SYN-HC-00485,2024-03-01 17:54:00,159,General Patient Services,AGT-003,TEAM-TRIAGE,connected
SYN-HC-00486,2024-03-05 17:41:00,141,General Patient Services,AGT-008,TEAM-ACCESS-SOUTH,connected
SYN-HC-00487,2024-03-03 12:27:00,251,Pediatric Primary Care,AGT-011,TEAM-SPECIALTY,connected
SYN-HC-00488,2024-03-04 12:38:00,166,Cardiology Scheduling,AGT-025,TEAM-ACCESS-SOUTH,connected
SYN-HC-00489,2024-03-05 09:51:00,114,Cardiology Scheduling,AGT-011,TEAM-TRIAGE,connected
SYN-HC-00490,2024-03-04 10:03:00,228,Prescription Refill Line,AGT-015,TEAM-ACCESS-SOUTH,connected
SYN-HC-00491,2024-03-03 15:54:00,50,Pediatric Primary Care,AGT-027,TEAM-SPECIALTY,connected
SYN-HC-00492,2024-03-05 08:41:00,227,Cardiology Scheduling,AGT-012,TEAM-ACCESS-SOUTH,connected
SYN-HC-00493,2024-03-04 16:45:00,203,General Patient Services,AGT-001,TEAM-ACCESS-SOUTH,connected
SYN-HC-00494,2024-03-04 15:43:00,172,Prescription Refill Line,AGT-026,TEAM-ACCESS-NORTH,connected
SYN-HC-00495,2024-03-02 10:04:00,45,General Patient Services,AGT-005,TEAM-ACCESS-SOUTH,connected
SYN-HC-00496,2024-03-02 14:50:00,93,Pediatric Primary Care,AGT-030,TEAM-SPECIALTY,connected
SYN-HC-00497,2024-03-01 08:22:00,80,General Patient Services,AGT-026,TEAM-TRIAGE,connected
SYN-HC-00498,2024-03-02 09:34:00,51,Pediatric Primary Care,,TEAM-TRIAGE,abandoned
SYN-HC-00499,2024-03-01 10:52:00,266,Prescription Refill Line,AGT-016,TEAM-TRIAGE,connected
SYN-HC-00500,2024-03-01 14:31:00,296,Oncology Intake,AGT-009,TEAM-ACCESS-SOUTH,connected
SYN-HC-00501,2024-03-03 15:36:00,77,Cardiology Scheduling,AGT-021,TEAM-ACCESS-SOUTH,connected
SYN-HC-00502,2024-03-03 16:30:00,541,Oncology Intake,AGT-003,TEAM-ACCESS-NORTH,connected
SYN-HC-00503,2024-03-03 14:32:00,519,Cardiology Scheduling,AGT-021,TEAM-ACCESS-SOUTH,connected
SYN-HC-00504,2024-03-05 08:19:00,490,Oncology Intake,AGT-018,TEAM-TRIAGE,connected
SYN-HC-00505,2024-03-04 13:52:00,332,Prescription Refill Line,AGT-006,TEAM-SPECIALTY,connected
SYN-HC-00506,2024-03-01 13:26:00,187,Prescription Refill Line,,TEAM-SPECIALTY,abandoned
SYN-HC-00507,2024-03-01 16:03:00,228,Prescription Refill Line,AGT-006,TEAM-ACCESS-SOUTH,connected
SYN-HC-00508,2024-03-01 12:13:00,362,Cardiology Scheduling,AGT-025,TEAM-ACCESS-NORTH,connected
SYN-HC-00509,2024-03-02 17:49:00,271,Oncology Intake,AGT-006,TEAM-ACCESS-SOUTH,connected
SYN-HC-00510,2024-03-02 13:25:00,352,Pediatric Primary Care,,TEAM-SPECIALTY,abandoned
SYN-HC-00511,2024-03-05 17:37:00,348,Cardiology Scheduling,AGT-018,TEAM-TRIAGE,connected
SYN-HC-00512,2024-03-03 10:59:00,109,Oncology Intake,,TEAM-ACCESS-SOUTH,abandoned
SYN-HC-00513,2024-03-05 11:44:00,329,General Patient Services,AGT-030,TEAM-SPECIALTY,connected
SYN-HC-00514,2024-03-05 11:26:00,438,Cardiology Scheduling,AGT-002,TEAM-SPECIALTY,connected
SYN-HC-00515,2024-03-01 10:31:00,117,Prescription Refill Line,AGT-003,TEAM-SPECIALTY,connected
SYN-HC-00516,2024-03-03 14:45:00,126,Prescription Refill Line,AGT-005,TEAM-SPECIALTY,connected
SYN-HC-00517,2024-03-02 15:27:00,422,Oncology Intake,AGT-008,TEAM-SPECIALTY,connected
SYN-HC-00518,2024-03-05 10:59:00,247,Oncology Intake,AGT-005,TEAM-SPECIALTY,connected
SYN-HC-00519,2024-03-02 08:01:00,245,Prescription Refill Line,AGT-006,TEAM-ACCESS-NORTH,connected
SYN-HC-00520,2024-03-05 13:25:00,188,Prescription Refill Line,AGT-030,TEAM-ACCESS-NORTH,connected
SYN-HC-00521,2024-03-04 10:24:00,39,Pediatric Primary Care,AGT-006,TEAM-SPECIALTY,connected
SYN-HC-00522,2024-03-01 13:43:00,131,Oncology Intake,AGT-023,TEAM-ACCESS-SOUTH,connected
SYN-HC-00523,2024-03-01 13:58:00,105,Pediatric Primary Care,AGT-013,TEAM-ACCESS-NORTH,connected
SYN-HC-00524,2024-03-04 15:09:00,271,Cardiology Scheduling,AGT-012,TEAM-TRIAGE,connected
SYN-HC-00525,2024-03-05 14:24:00,305,General Patient Services,AGT-006,TEAM-ACCESS-SOUTH,connected
SYN-HC-00526,2024-03-04 09:15:00,105,General Patient Services,,TEAM-SPECIALTY,abandoned
SYN-HC-00527,2024-03-01 09:15:00,63,Pediatric Primary Care,AGT-024,TEAM-ACCESS-SOUTH,connected
SYN-HC-00528,2024-03-01 17:20:00,116,General Patient Services,AGT-023,TEAM-TRIAGE,connected
SYN-HC-00529,2024-03-01 15:21:00,370,Cardiology Scheduling,AGT-002,TEAM-ACCESS-SOUTH,connected
SYN-HC-00530,2024-03-01 13:39:00,284,Cardiology Scheduling,AGT-022,TEAM-SPECIALTY,connected
SYN-HC-00531,2024-03-03 13:04:00,188,Cardiology Scheduling,,TEAM-TRIAGE,abandoned
SYN-HC-00532,2024-03-02 08:55:00,20,Pediatric Primary Care,AGT-027,TEAM-SPECIALTY,connected
SYN-HC-00533,2024-03-05 16:11:00,109,Cardiology Scheduling,,TEAM-ACCESS-SOUTH,abandoned
SYN-HC-00534,2024-03-03 09:23:00,522,Oncology Intake,,TEAM-TRIAGE,abandoned
SYN-HC-00535,2024-03-04 16:20:00,43,Pediatric Primary Care,AGT-006,TEAM-TRIAGE,connected
SYN-HC-00536,2024-03-03 14:30:00,145,Pediatric Primary Care,AGT-015,TEAM-SPECIALTY,connected
SYN-HC-00537,2024-03-04 12:29:00,365,Cardiology Scheduling,AGT-025,TEAM-ACCESS-SOUTH,connected
SYN-HC-00538,2024-03-01 09:27:00,158,Pediatric Primary Care,AGT-018,TEAM-ACCESS-SOUTH,connected
SYN-HC-00539,2024-03-01 14:36:00,289,Prescription Refill Line,AGT-019,TEAM-TRIAGE,connected
SYN-HC-00540,2024-03-02 16:07:00,40,Pediatric Primary Care,AGT-017,TEAM-ACCESS-NORTH,connected
SYN-HC-00541,2024-03-05 16:49:00,120,Prescription Refill Line,AGT-006,TEAM-TRIAGE,connected
SYN-HC-00542,2024-03-02 11:36:00,219,Cardiology Scheduling,,TEAM-ACCESS-NORTH,abandoned
SYN-HC-00543,2024-03-04 11:26:00,354,Cardiology Scheduling,AGT-003,TEAM-ACCESS-NORTH,connected
SYN-HC-00544,2024-03-04 17:29:00,372,Oncology Intake,AGT-017,TEAM-SPECIALTY,connected
SYN-HC-00545,2024-03-04 08:12:00,259,Prescription Refill Line,AGT-005,TEAM-ACCESS-SOUTH,connected
SYN-HC-00546,2024-03-05 17:56:00,57,General Patient Services,AGT-026,TEAM-ACCESS-NORTH,connected
SYN-HC-00547,2024-03-03 17:08:00,125,Pediatric Primary Care,AGT-019,TEAM-TRIAGE,connected
SYN-HC-00548,2024-03-05 16:04:00,74,General Patient Services,AGT-020,TEAM-ACCESS-SOUTH,connected
SYN-HC-00549,2024-03-05 14:51:00,262,General Patient Services,AGT-023,TEAM-SPECIALTY,connected
SYN-HC-00550,2024-03-02 08:50:00,561,Oncology Intake,AGT-001,TEAM-SPECIALTY,connected
SYN-HC-00551,2024-03-03 13:10:00,193,Pediatric Primary Care,AGT-028,TEAM-ACCESS-NORTH,connected
SYN-HC-00552,2024-03-02 10:17:00,133,Pediatric Primary Care,AGT-009,TEAM-SPECIALTY,connected
SYN-HC-00553,2024-03-04 09:31:00,286,Cardiology Scheduling,AGT-024,TEAM-TRIAGE,connected
SYN-HC-00554,2024-03-04 16:48:00,34,Pediatric Primary Care,AGT-003,TEAM-ACCESS-SOUTH,connected
SYN-HC-00555,2024-03-03 16:38:00,159,Oncology Intake,AGT-006,TEAM-ACCESS-NORTH,connected
SYN-HC-00556,2024-03-02 11:25:00,187,General Patient Services,,TEAM-ACCESS-NORTH,abandoned
SYN-HC-00557,2024-03-03 11:23:00,238,Pediatric Primary Care,AGT-021,TEAM-TRIAGE,connected
SYN-HC-00558,2024-03-01 08:31:00,250,Cardiology Scheduling,AGT-006,TEAM-TRIAGE,connected
SYN-HC-00559,2024-03-04 18:00:00,224,Prescription Refill Line,AGT-024,TEAM-SPECIALTY,connected
SYN-HC-00560,2024-03-01 12:51:00,257,General Patient Services,,TEAM-ACCESS-SOUTH,abandoned
SYN-HC-00561,2024-03-02 11:50:00,365,Cardiology Scheduling,AGT-028,TEAM-ACCESS-NORTH,connected
SYN-HC-00562,2024-03-01 16:05:00,391,Cardiology Scheduling,AGT-008,TEAM-ACCESS-NORTH,connected
SYN-HC-00563,2024-03-03 13:12:00,266,Pediatric Primary Care,AGT-015,TEAM-SPECIALTY,connected
SYN-HC-00564,2024-03-03 11:43:00,429,Oncology Intake,AGT-019,TEAM-TRIAGE,connected
SYN-HC-00565,2024-03-01 08:07:00,236,Prescription Refill Line,AGT-010,TEAM-SPECIALTY,connected
SYN-HC-00566,2024-03-01 16:13:00,116,General Patient Services,AGT-028,TEAM-SPECIALTY,connected
SYN-HC-00567,2024-03-03 12:27:00,146,Pediatric Primary Care,AGT-029,TEAM-ACCESS-SOUTH,connected
SYN-HC-00568,2024-03-01 14:53:00,121,Pediatric Primary Care,AGT-010,TEAM-TRIAGE,connected
SYN-HC-00569,2024-03-03 15:08:00,288,Oncology Intake,AGT-011,TEAM-ACCESS-SOUTH,connected
SYN-HC-00570,2024-03-02 17:07:00,554,Oncology Intake,AGT-017,TEAM-SPECIALTY,connected
SYN-HC-00571,2024-03-03 10:54:00,137,Prescription Refill Line,AGT-005,TEAM-TRIAGE,connected
SYN-HC-00572,2024-03-03 17:32:00,408,Cardiology Scheduling,AGT-008,TEAM-ACCESS-NORTH,connected
SYN-HC-00573,2024-03-03 11:48:00,265,Pediatric Primary Care,AGT-012,TEAM-SPECIALTY,connected
SYN-HC-00574,2024-03-03 17:59:00,138,Pediatric Primary Care,AGT-002,TEAM-TRIAGE,connected
SYN-HC-00575,2024-03-05 17:54:00,81,Prescription Refill Line,AGT-017,TEAM-ACCESS-SOUTH,connected
SYN-HC-00576,2024-03-01 14:30:00,227,Prescription Refill Line,AGT-005,TEAM-ACCESS-SOUTH,connected
SYN-HC-00577,2024-03-02 13:50:00,703,Oncology Intake,AGT-005,TEAM-TRIAGE,connected
SYN-HC-00578,2024-03-03 11:04:00,309,General Patient Services,AGT-011,TEAM-ACCESS-SOUTH,connected
SYN-HC-00579,2024-03-01 08:04:00,230,Oncology Intake,AGT-019,TEAM-ACCESS-SOUTH,connected
SYN-HC-00580,2024-03-02 16:21:00,63,General Patient Services,AGT-013,TEAM-TRIAGE,connected
SYN-HC-00581,2024-03-04 16:08:00,92,Oncology Intake,,TEAM-ACCESS-SOUTH,abandoned
SYN-HC-00582,2024-03-03 08:14:00,155,Pediatric Primary Care,AGT-021,TEAM-ACCESS-NORTH,connected
SYN-HC-00583,2024-03-02 11:51:00,209,Pediatric Primary Care,AGT-017,TEAM-TRIAGE,connected
SYN-HC-00584,2024-03-05 13:13:00,156,Cardiology Scheduling,AGT-010,TEAM-SPECIALTY,connected
SYN-HC-00585,2024-03-04 16:52:00,217,Prescription Refill Line,AGT-011,TEAM-ACCESS-SOUTH,connected
SYN-HC-00586,2024-03-04 14:07:00,258,Cardiology Scheduling,AGT-001,TEAM-TRIAGE,connected
SYN-HC-00587,2024-03-02 11:49:00,306,Cardiology Scheduling,AGT-004,TEAM-ACCESS-SOUTH,connected
SYN-HC-00588,2024-03-03 08:38:00,538,Oncology Intake,AGT-020,TEAM-ACCESS-NORTH,connected
SYN-HC-00589,2024-03-01 09:50:00,42,General Patient Services,AGT-015,TEAM-TRIAGE,connected
SYN-HC-00590,2024-03-04 10:06:00,174,Prescription Refill Line,AGT-007,TEAM-ACCESS-SOUTH,connected
SYN-HC-00591,2024-03-01 13:08:00,223,Oncology Intake,AGT-020,TEAM-SPECIALTY,connected
SYN-HC-00592,2024-03-05 10:20:00,515,Oncology Intake,AGT-010,TEAM-ACCESS-NORTH,connected
SYN-HC-00593,2024-03-01 09:48:00,191,Oncology Intake,AGT-027,TEAM-SPECIALTY,connected
SYN-HC-00594,2024-03-05 11:26:00,259,Pediatric Primary Care,AGT-018,TEAM-ACCESS-NORTH,connected
SYN-HC-00595,2024-03-04 11:32:00,458,Oncology Intake,AGT-022,TEAM-ACCESS-NORTH,connected
SYN-HC-00596,2024-03-01 09:53:00,297,Prescription Refill Line,AGT-025,TEAM-ACCESS-NORTH,connected
SYN-HC-00597,2024-03-05 09:16:00,95,General Patient Services,AGT-010,TEAM-TRIAGE,connected
SYN-HC-00598,2024-03-03 15:55:00,55,General Patient Services,AGT-028,TEAM-ACCESS-NORTH,connected
SYN-HC-00599,2024-03-03 14:08:00,268,Pediatric Primary Care,AGT-028,TEAM-ACCESS-NORTH,connected
SYN-HC-00600,2024-03-01 08:09:00,399,Cardiology Scheduling,AGT-012,TEAM-SPECIALTY,connected
SYN-HC-00601,2024-03-04 12:34:00,250,General Patient Services,AGT-004,TEAM-ACCESS-SOUTH,connected
SYN-HC-00602,2024-03-04 14:49:00,398,Oncology Intake,AGT-026,TEAM-TRIAGE,connected
SYN-HC-00603,2024-03-04 10:50:00,63,General Patient Services,AGT-028,TEAM-ACCESS-NORTH,connected
SYN-HC-00604,2024-03-02 09:46:00,556,Oncology Intake,AGT-006,TEAM-TRIAGE,connected
SYN-HC-00605,2024-03-05 14:28:00,64,Pediatric Primary Care,AGT-016,TEAM-ACCESS-SOUTH,connected
SYN-HC-00606,2024-03-04 09:55:00,315,Oncology Intake,,TEAM-SPECIALTY,abandoned
SYN-HC-00607,2024-03-03 08:12:00,159,Prescription Refill Line,AGT-017,TEAM-SPECIALTY,connected
SYN-HC-00608,2024-03-05 09:37:00,428,Oncology Intake,AGT-012,TEAM-TRIAGE,connected
SYN-HC-00609,2024-03-04 10:32:00,72,Prescription Refill Line,,TEAM-ACCESS-SOUTH,abandoned
SYN-HC-00610,2024-03-05 16:00:00,535,Oncology Intake,AGT-011,TEAM-TRIAGE,connected
SYN-HC-00611,2024-03-02 13:38:00,75,Pediatric Primary Care,AGT-013,TEAM-TRIAGE,connected
SYN-HC-00612,2024-03-02 09:20:00,317,Oncology Intake,AGT-003,TEAM-TRIAGE,connected
SYN-HC-00613,2024-03-04 15:37:00,50,Pediatric Primary Care,AGT-004,TEAM-ACCESS-NORTH,connected
SYN-HC-00614,2024-03-04 15:02:00,172,General Patient Services,AGT-026,TEAM-ACCESS-NORTH,connected
SYN-HC-00615,2024-03-05 13:11:00,362,Prescription Refill Line,AGT-011,TEAM-TRIAGE,connected
SYN-HC-00616,2024-03-03 08:55:00,292,Cardiology Scheduling,AGT-023,TEAM-TRIAGE,connected
SYN-HC-00617,2024-03-03 15:43:00,54,General Patient Services,AGT-001,TEAM-ACCESS-SOUTH,connected
SYN-HC-00618,2024-03-03 14:03:00,330,Pediatric Primary Care,AGT-002,TEAM-ACCESS-NORTH,connected
SYN-HC-00619,2024-03-02 16:24:00,480,Cardiology Scheduling,AGT-004,TEAM-TRIAGE,connected
SYN-HC-00620,2024-03-03 11:20:00,213,Cardiology Scheduling,AGT-007,TEAM-TRIAGE,connected
SYN-HC-00621,2024-03-04 11:15:00,105,Pediatric Primary Care,AGT-030,TEAM-ACCESS-NORTH,connected
SYN-HC-00622,2024-03-05 10:06:00,324,Oncology Intake,AGT-016,TEAM-ACCESS-SOUTH,connected
SYN-HC-00623,2024-03-01 17:03:00,171,General Patient Services,AGT-030,TEAM-TRIAGE,connected
SYN-HC-00624,2024-03-05 11:01:00,163,Prescription Refill Line,AGT-004,TEAM-ACCESS-SOUTH,connected
SYN-HC-00625,2024-03-04 13:29:00,271,Prescription Refill Line,AGT-009,TEAM-ACCESS-SOUTH,connected
SYN-HC-00626,2024-03-04 13:51:00,281,Pediatric Primary Care,AGT-014,TEAM-ACCESS-SOUTH,connected
SYN-HC-00627,2024-03-05 16:44:00,160,Pediatric Primary Care,AGT-007,TEAM-ACCESS-SOUTH,connected
SYN-HC-00628,2024-03-02 12:57:00,117,Pediatric Primary Care,AGT-017,TEAM-ACCESS-SOUTH,connected
SYN-HC-00629,2024-03-05 13:30:00,240,General Patient Services,AGT-022,TEAM-TRIAGE,connected
SYN-HC-00630,2024-03-05 12:52:00,133,Oncology Intake,AGT-013,TEAM-ACCESS-NORTH,connected
SYN-HC-00631,2024-03-02 08:54:00,81,General Patient Services,AGT-010,TEAM-ACCESS-SOUTH,connected
SYN-HC-00632,2024-03-03 10:29:00,206,General Patient Services,AGT-025,TEAM-ACCESS-SOUTH,connected
SYN-HC-00633,2024-03-05 08:33:00,135,Pediatric Primary Care,AGT-024,TEAM-ACCESS-SOUTH,connected
SYN-HC-00634,2024-03-05 14:38:00,613,Cardiology Scheduling,AGT-023,TEAM-SPECIALTY,connected
SYN-HC-00635,2024-03-01 14:30:00,546,Oncology Intake,AGT-018,TEAM-SPECIALTY,connected
SYN-HC-00636,2024-03-01 08:13:00,71,Pediatric Primary Care,AGT-027,TEAM-TRIAGE,connected
SYN-HC-00637,2024-03-02 14:16:00,354,Prescription Refill Line,AGT-025,TEAM-ACCESS-SOUTH,connected
SYN-HC-00638,2024-03-02 13:01:00,301,Oncology Intake,AGT-006,TEAM-ACCESS-NORTH,connected
SYN-HC-00639,2024-03-02 16:46:00,126,General Patient Services,,TEAM-SPECIALTY,abandoned
SYN-HC-00640,2024-03-05 12:30:00,254,Cardiology Scheduling,AGT-001,TEAM-SPECIALTY,connected
SYN-HC-00641,2024-03-03 15:57:00,80,Cardiology Scheduling,AGT-020,TEAM-SPECIALTY,connected
SYN-HC-00642,2024-03-01 13:08:00,706,Oncology Intake,AGT-026,TEAM-ACCESS-NORTH,connected
SYN-HC-00643,2024-03-03 16:58:00,154,Cardiology Scheduling,AGT-014,TEAM-ACCESS-SOUTH,connected
SYN-HC-00644,2024-03-05 17:09:00,137,Oncology Intake,AGT-022,TEAM-ACCESS-SOUTH,connected
SYN-HC-00645,2024-03-03 13:39:00,200,Pediatric Primary Care,AGT-018,TEAM-TRIAGE,connected
SYN-HC-00646,2024-03-01 09:57:00,134,Pediatric Primary Care,AGT-002,TEAM-ACCESS-SOUTH,connected
SYN-HC-00647,2024-03-03 14:30:00,257,General Patient Services,AGT-001,TEAM-SPECIALTY,connected
SYN-HC-00648,2024-03-05 14:23:00,335,Prescription Refill Line,AGT-010,TEAM-ACCESS-NORTH,connected
SYN-HC-00649,2024-03-02 13:28:00,117,Prescription Refill Line,AGT-025,TEAM-ACCESS-SOUTH,connected
SYN-HC-00650,2024-03-05 17:06:00,190,General Patient Services,AGT-028,TEAM-ACCESS-SOUTH,connected
SYN-HC-00651,2024-03-04 09:46:00,335,Cardiology Scheduling,AGT-021,TEAM-TRIAGE,connected
SYN-HC-00652,2024-03-01 10:37:00,147,General Patient Services,AGT-003,TEAM-ACCESS-NORTH,connected
SYN-HC-00653,2024-03-01 08:55:00,466,Cardiology Scheduling,AGT-019,TEAM-ACCESS-NORTH,connected
SYN-HC-00654,2024-03-02 12:24:00,517,Oncology Intake,AGT-014,TEAM-TRIAGE,connected
SYN-HC-00655,2024-03-03 08:17:00,434,Oncology Intake,,TEAM-ACCESS-NORTH,abandoned
SYN-HC-00656,2024-03-05 09:04:00,68,Prescription Refill Line,AGT-012,TEAM-ACCESS-NORTH,connected
SYN-HC-00657,2024-03-05 09:48:00,97,Pediatric Primary Care,AGT-025,TEAM-SPECIALTY,connected
SYN-HC-00658,2024-03-04 14:30:00,151,Oncology Intake,AGT-005,TEAM-ACCESS-SOUTH,connected
SYN-HC-00659,2024-03-04 17:18:00,56,Pediatric Primary Care,AGT-001,TEAM-SPECIALTY,connected
SYN-HC-00660,2024-03-05 17:28:00,123,Cardiology Scheduling,,TEAM-TRIAGE,abandoned
SYN-HC-00661,2024-03-05 17:20:00,108,General Patient Services,AGT-007,TEAM-SPECIALTY,connected
SYN-HC-00662,2024-03-04 16:44:00,142,Cardiology Scheduling,AGT-007,TEAM-SPECIALTY,connected
SYN-HC-00663,2024-03-01 11:05:00,102,Prescription Refill Line,AGT-021,TEAM-TRIAGE,connected
SYN-HC-00664,2024-03-05 09:14:00,37,Pediatric Primary Care,AGT-024,TEAM-ACCESS-SOUTH,connected
SYN-HC-00665,2024-03-05 16:18:00,111,Pediatric Primary Care,AGT-004,TEAM-ACCESS-SOUTH,connected
SYN-HC-00666,2024-03-03 09:11:00,222,Cardiology Scheduling,AGT-020,TEAM-SPECIALTY,connected
SYN-HC-00667,2024-03-03 17:58:00,349,Cardiology Scheduling,AGT-014,TEAM-SPECIALTY,connected
SYN-HC-00668,2024-03-02 08:04:00,83,Pediatric Primary Care,AGT-009,TEAM-TRIAGE,connected
SYN-HC-00669,2024-03-03 10:17:00,142,Pediatric Primary Care,AGT-025,TEAM-SPECIALTY,connected
SYN-HC-00670,2024-03-03 16:18:00,100,Prescription Refill Line,AGT-027,TEAM-ACCESS-NORTH,connected
SYN-HC-00671,2024-03-03 10:23:00,145,Prescription Refill Line,AGT-024,TEAM-ACCESS-NORTH,connected
SYN-HC-00672,2024-03-01 08:19:00,60,Prescription Refill Line,AGT-025,TEAM-TRIAGE,connected
SYN-HC-00673,2024-03-05 11:37:00,342,General Patient Services,AGT-021,TEAM-TRIAGE,connected
SYN-HC-00674,2024-03-02 14:14:00,348,Oncology Intake,AGT-005,TEAM-SPECIALTY,connected
SYN-HC-00675,2024-03-04 16:33:00,91,Prescription Refill Line,AGT-022,TEAM-ACCESS-NORTH,connected
SYN-HC-00676,2024-03-02 10:49:00,116,Prescription Refill Line,AGT-019,TEAM-ACCESS-SOUTH,connected
SYN-HC-00677,2024-03-05 10:29:00,570,Oncology Intake,AGT-025,TEAM-ACCESS-SOUTH,connected
SYN-HC-00678,2024-03-04 11:57:00,195,General Patient Services,AGT-022,TEAM-ACCESS-NORTH,connected
SYN-HC-00679,2024-03-02 16:50:00,119,Pediatric Primary Care,AGT-029,TEAM-TRIAGE,connected
SYN-HC-00680,2024-03-01 08:40:00,46,Pediatric Primary Care,AGT-027,TEAM-SPECIALTY,connected
SYN-HC-00681,2024-03-03 17:52:00,134,Prescription Refill Line,AGT-012,TEAM-TRIAGE,connected
SYN-HC-00682,2024-03-05 09:19:00,173,Prescription Refill Line,AGT-017,TEAM-ACCESS-SOUTH,connected
SYN-HC-00683,2024-03-04 14:01:00,299,Pediatric Primary Care,AGT-017,TEAM-ACCESS-NORTH,connected
SYN-HC-00684,2024-03-02 15:30:00,177,Cardiology Scheduling,,TEAM-SPECIALTY,abandoned
SYN-HC-00685,2024-03-02 10:33:00,140,Cardiology Scheduling,AGT-022,TEAM-ACCESS-NORTH,connected
SYN-HC-00686,2024-03-02 15:04:00,49,Pediatric Primary Care,AGT-016,TEAM-TRIAGE,connected
SYN-HC-00687,2024-03-02 10:45:00,101,Oncology Intake,AGT-019,TEAM-ACCESS-SOUTH,connected
SYN-HC-00688,2024-03-05 10:44:00,382,Cardiology Scheduling,AGT-002,TEAM-ACCESS-SOUTH,connected
SYN-HC-00689,2024-03-02 12:24:00,619,Cardiology Scheduling,AGT-029,TEAM-ACCESS-NORTH,connected
SYN-HC-00690,2024-03-03 09:27:00,289,Cardiology Scheduling,AGT-028,TEAM-TRIAGE,connected
SYN-HC-00691,2024-03-04 10:54:00,270,Cardiology Scheduling,AGT-020,TEAM-ACCESS-SOUTH,connected
SYN-HC-00692,2024-03-05 12:30:00,440,Cardiology Scheduling,AGT-008,TEAM-ACCESS-NORTH,connected
SYN-HC-00693,2024-03-04 14:34:00,201,Cardiology Scheduling,,TEAM-TRIAGE,abandoned
SYN-HC-00694,2024-03-02 09:38:00,303,Cardiology Scheduling,AGT-029,TEAM-ACCESS-NORTH,connected
SYN-HC-00695,2024-03-05 16:35:00,53,General Patient Services,AGT-029,TEAM-ACCESS-SOUTH,connected
SYN-HC-00696,2024-03-05 17:12:00,228,General Patient Services,AGT-017,TEAM-TRIAGE,connected
SYN-HC-00697,2024-03-04 14:19:00,417,General Patient Services,AGT-026,TEAM-ACCESS-SOUTH,connected
SYN-HC-00698,2024-03-04 14:30:00,351,Pediatric Primary Care,AGT-014,TEAM-ACCESS-NORTH,connected
SYN-HC-00699,2024-03-02 12:20:00,358,Oncology Intake,AGT-010,TEAM-ACCESS-NORTH,connected
SYN-HC-00700,2024-03-05 17:16:00,221,Oncology Intake,AGT-019,TEAM-ACCESS-NORTH,connected
SYN-HC-00701,2024-03-05 10:00:00,48,Prescription Refill Line,AGT-023,TEAM-ACCESS-SOUTH,connected
SYN-HC-00702,2024-03-03 14:58:00,104,Pediatric Primary Care,AGT-009,TEAM-SPECIALTY,connected
SYN-HC-00703,2024-03-05 15:13:00,232,Prescription Refill Line,AGT-025,TEAM-TRIAGE,connected
SYN-HC-00704,2024-03-02 15:03:00,292,Prescription Refill Line,AGT-009,TEAM-TRIAGE,connected
SYN-HC-00705,2024-03-03 17:51:00,121,Pediatric Primary Care,AGT-024,TEAM-ACCESS-NORTH,connected
SYN-HC-00706,2024-03-02 15:37:00,111,Cardiology Scheduling,AGT-026,TEAM-TRIAGE,connected
SYN-HC-00707,2024-03-03 17:23:00,71,Prescription Refill Line,AGT-026,TEAM-ACCESS-NORTH,connected
SYN-HC-00708,2024-03-01 10:28:00,564,Oncology Intake,AGT-003,TEAM-ACCESS-NORTH,connected
SYN-HC-00709,2024-03-03 11:47:00,90,Pediatric Primary Care,AGT-030,TEAM-TRIAGE,connected
SYN-HC-00710,2024-03-04 16:53:00,172,Pediatric Primary Care,AGT-021,TEAM-ACCESS-SOUTH,connected
SYN-HC-00711,2024-03-04 15:29:00,81,General Patient Services,AGT-007,TEAM-SPECIALTY,connected
SYN-HC-00712,2024-03-01 16:42:00,163,Prescription Refill Line,AGT-012,TEAM-ACCESS-NORTH,connected
SYN-HC-00713,2024-03-02 08:00:00,104,Cardiology Scheduling,AGT-012,TEAM-TRIAGE,connected
SYN-HC-00714,2024-03-04 14:55:00,177,Prescription Refill Line,AGT-030,TEAM-ACCESS-NORTH,connected
SYN-HC-00715,2024-03-01 17:22:00,163,Pediatric Primary Care,AGT-012,TEAM-SPECIALTY,connected
SYN-HC-00716,2024-03-03 11:51:00,174,Prescription Refill Line,AGT-019,TEAM-TRIAGE,connected
SYN-HC-00717,2024-03-01 12:27:00,506,Cardiology Scheduling,AGT-017,TEAM-ACCESS-NORTH,connected
SYN-HC-00718,2024-03-03 13:48:00,322,General Patient Services,AGT-023,TEAM-SPECIALTY,connected
SYN-HC-00719,2024-03-04 14:26:00,322,Prescription Refill Line,AGT-025,TEAM-SPECIALTY,connected
SYN-HC-00720,2024-03-04 15:51:00,59,Prescription Refill Line,AGT-003,TEAM-SPECIALTY,connected
SYN-HC-00721,2024-03-04 11:45:00,413,Cardiology Scheduling,AGT-017,TEAM-SPECIALTY,connected
SYN-HC-00722,2024-03-05 08:09:00,83,Pediatric Primary Care,AGT-022,TEAM-TRIAGE,connected
SYN-HC-00723,2024-03-03 09:17:00,136,Prescription Refill Line,AGT-007,TEAM-SPECIALTY,connected
SYN-HC-00724,2024-03-05 12:35:00,284,Cardiology Scheduling,AGT-008,TEAM-ACCESS-SOUTH,connected
SYN-HC-00725,2024-03-02 12:31:00,324,Cardiology Scheduling,AGT-027,TEAM-ACCESS-SOUTH,connected
SYN-HC-00726,2024-03-05 14:04:00,199,Cardiology Scheduling,,TEAM-ACCESS-NORTH,abandoned
SYN-HC-00727,2024-03-04 08:06:00,66,Prescription Refill Line,AGT-020,TEAM-SPECIALTY,connected
SYN-HC-00728,2024-03-03 16:24:00,185,Prescription Refill Line,AGT-013,TEAM-SPECIALTY,connected
SYN-HC-00729,2024-03-02 17:50:00,87,Cardiology Scheduling,AGT-016,TEAM-TRIAGE,connected
SYN-HC-00730,2024-03-05 08:33:00,222,Prescription Refill Line,AGT-015,TEAM-ACCESS-SOUTH,connected
SYN-HC-00731,2024-03-01 16:50:00,251,Oncology Intake,AGT-022,TEAM-ACCESS-NORTH,connected
SYN-HC-00732,2024-03-02 14:28:00,126,Prescription Refill Line,AGT-006,TEAM-SPECIALTY,connected
SYN-HC-00733,2024-03-05 12:29:00,365,Cardiology Scheduling,AGT-012,TEAM-SPECIALTY,connected
SYN-HC-00734,2024-03-02 16:30:00,197,Oncology Intake,AGT-012,TEAM-SPECIALTY,connected
SYN-HC-00735,2024-03-04 12:46:00,304,Oncology Intake,AGT-027,TEAM-ACCESS-SOUTH,connected
SYN-HC-00736,2024-03-01 12:36:00,658,Cardiology Scheduling,AGT-007,TEAM-TRIAGE,connected
SYN-HC-00737,2024-03-02 10:33:00,502,Oncology Intake,,TEAM-TRIAGE,abandoned
SYN-HC-00738,2024-03-04 10:17:00,206,Prescription Refill Line,AGT-009,TEAM-SPECIALTY,connected
SYN-HC-00739,2024-03-05 17:41:00,131,General Patient Services,AGT-002,TEAM-ACCESS-SOUTH,connected
SYN-HC-00740,2024-03-02 12:20:00,764,Oncology Intake,,TEAM-SPECIALTY,abandoned
SYN-HC-00741,2024-03-03 14:09:00,336,Pediatric Primary Care,AGT-012,TEAM-SPECIALTY,connected
SYN-HC-00742,2024-03-01 15:01:00,119,General Patient Services,AGT-019,TEAM-ACCESS-SOUTH,connected
SYN-HC-00743,2024-03-05 17:11:00,459,Cardiology Scheduling,AGT-022,TEAM-SPECIALTY,connected
SYN-HC-00744,2024-03-05 16:19:00,545,Oncology Intake,,TEAM-SPECIALTY,abandoned
SYN-HC-00745,2024-03-04 10:28:00,387,Cardiology Scheduling,AGT-014,TEAM-SPECIALTY,connected
SYN-HC-00746,2024-03-05 17:45:00,524,Oncology Intake,AGT-006,TEAM-ACCESS-NORTH,connected
SYN-HC-00747,2024-03-03 11:53:00,212,Pediatric Primary Care,AGT-020,TEAM-SPECIALTY,connected
SYN-HC-00748,2024-03-04 12:37:00,491,Oncology Intake,AGT-014,TEAM-TRIAGE,connected
SYN-HC-00749,2024-03-02 11:08:00,124,General Patient Services,AGT-024,TEAM-SPECIALTY,connected
SYN-HC-00750,2024-03-01 11:35:00,496,Cardiology Scheduling,,TEAM-ACCESS-NORTH,abandoned
SYN-HC-00751,2024-03-04 17:21:00,36,General Patient Services,AGT-004,TEAM-ACCESS-NORTH,connected
SYN-HC-00752,2024-03-03 10:39:00,197,General Patient Services,AGT-010,TEAM-TRIAGE,connected
SYN-HC-00753,2024-03-02 12:13:00,276,Pediatric Primary Care,AGT-017,TEAM-ACCESS-SOUTH,connected
SYN-HC-00754,2024-03-02 08:29:00,199,General Patient Services,AGT-028,TEAM-SPECIALTY,connected
SYN-HC-00755,2024-03-04 15:58:00,184,Prescription Refill Line,AGT-023,TEAM-ACCESS-SOUTH,connected
SYN-HC-00756,2024-03-05 11:01:00,380,Prescription Refill Line,AGT-017,TEAM-TRIAGE,connected
SYN-HC-00757,2024-03-05 13:17:00,296,Pediatric Primary Care,AGT-015,TEAM-ACCESS-NORTH,connected
SYN-HC-00758,2024-03-03 14:14:00,386,Oncology Intake,,TEAM-ACCESS-NORTH,abandoned
SYN-HC-00759,2024-03-01 16:55:00,236,Cardiology Scheduling,AGT-023,TEAM-ACCESS-NORTH,connected
SYN-HC-00760,2024-03-04 16:08:00,22,Pediatric Primary Care,AGT-020,TEAM-SPECIALTY,connected
SYN-HC-00761,2024-03-02 08:07:00,236,Prescription Refill Line,AGT-013,TEAM-TRIAGE,connected
SYN-HC-00762,2024-03-02 10:47:00,514,Oncology Intake,AGT-003,TEAM-SPECIALTY,connected
SYN-HC-00763,2024-03-04 12:05:00,466,Prescription Refill Line,AGT-010,TEAM-SPECIALTY,connected
SYN-HC-00764,2024-03-05 12:35:00,312,Oncology Intake,AGT-005,TEAM-ACCESS-SOUTH,connected
SYN-HC-00765,2024-03-03 09:53:00,406,Oncology Intake,AGT-007,TEAM-TRIAGE,connected
SYN-HC-00766,2024-03-03 08:19:00,85,Cardiology Scheduling,AGT-006,TEAM-ACCESS-NORTH,connected
SYN-HC-00767,2024-03-01 12:48:00,114,Pediatric Primary Care,AGT-008,TEAM-ACCESS-NORTH,connected
SYN-HC-00768,2024-03-01 10:34:00,156,General Patient Services,AGT-010,TEAM-TRIAGE,connected
SYN-HC-00769,2024-03-04 14:20:00,152,Oncology Intake,AGT-002,TEAM-ACCESS-SOUTH,connected
SYN-HC-00770,2024-03-03 14:41:00,338,General Patient Services,AGT-029,TEAM-ACCESS-SOUTH,connected
SYN-HC-00771,2024-03-03 14:30:00,122,General Patient Services,AGT-013,TEAM-ACCESS-SOUTH,connected
SYN-HC-00772,2024-03-04 12:13:00,161,General Patient Services,AGT-017,TEAM-ACCESS-NORTH,connected
SYN-HC-00773,2024-03-02 16:04:00,438,Oncology Intake,AGT-006,TEAM-SPECIALTY,connected
SYN-HC-00774,2024-03-01 17:22:00,107,Prescription Refill Line,AGT-007,TEAM-SPECIALTY,connected
SYN-HC-00775,2024-03-03 08:53:00,117,Cardiology Scheduling,AGT-011,TEAM-TRIAGE,connected
SYN-HC-00776,2024-03-01 10:51:00,169,Pediatric Primary Care,AGT-001,TEAM-ACCESS-SOUTH,connected
SYN-HC-00777,2024-03-01 17:55:00,442,Oncology Intake,AGT-025,TEAM-SPECIALTY,connected
SYN-HC-00778,2024-03-01 12:14:00,601,Cardiology Scheduling,,TEAM-SPECIALTY,abandoned
SYN-HC-00779,2024-03-01 09:01:00,59,Pediatric Primary Care,AGT-005,TEAM-ACCESS-NORTH,connected
SYN-HC-00780,2024-03-04 11:58:00,335,Pediatric Primary Care,AGT-026,TEAM-SPECIALTY,connected
SYN-HC-00781,2024-03-04 11:17:00,412,General Patient Services,AGT-009,TEAM-ACCESS-SOUTH,connected
SYN-HC-00782,2024-03-01 16:16:00,376,Oncology Intake,AGT-007,TEAM-TRIAGE,connected
SYN-HC-00783,2024-03-05 11:11:00,253,Prescription Refill Line,AGT-009,TEAM-TRIAGE,connected
SYN-HC-00784,2024-03-05 17:27:00,95,Cardiology Scheduling,AGT-010,TEAM-TRIAGE,connected
SYN-HC-00785,2024-03-03 17:14:00,136,Pediatric Primary Care,,TEAM-TRIAGE,abandoned
SYN-HC-00786,2024-03-02 08:19:00,231,Prescription Refill Line,AGT-011,TEAM-ACCESS-SOUTH,connected
SYN-HC-00787,2024-03-01 17:11:00,187,Oncology Intake,AGT-025,TEAM-TRIAGE,connected
SYN-HC-00788,2024-03-05 10:37:00,189,Prescription Refill Line,AGT-004,TEAM-SPECIALTY,connected
SYN-HC-00789,2024-03-01 16:55:00,41,General Patient Services,AGT-006,TEAM-ACCESS-SOUTH,connected
SYN-HC-00790,2024-03-01 11:26:00,308,General Patient Services,AGT-019,TEAM-ACCESS-NORTH,connected
SYN-HC-00791,2024-03-04 16:21:00,176,Prescription Refill Line,,TEAM-ACCESS-SOUTH,abandoned
SYN-HC-00792,2024-03-05 09:12:00,83,General Patient Services,AGT-015,TEAM-ACCESS-NORTH,connected
SYN-HC-00793,2024-03-01 14:09:00,455,Prescription Refill Line,AGT-027,TEAM-TRIAGE,connected
SYN-HC-00794,2024-03-03 08:59:00,181,Prescription Refill Line,AGT-027,TEAM-ACCESS-NORTH,connected
SYN-HC-00795,2024-03-03 09:19:00,325,Cardiology Scheduling,,TEAM-ACCESS-SOUTH,abandoned
SYN-HC-00796,2024-03-05 14:34:00,287,Cardiology Scheduling,AGT-019,TEAM-ACCESS-SOUTH,connected
SYN-HC-00797,2024-03-02 17:31:00,257,Prescription Refill Line,AGT-022,TEAM-SPECIALTY,connected
SYN-HC-00798,2024-03-04 15:17:00,72,General Patient Services,AGT-017,TEAM-TRIAGE,connected
SYN-HC-00799,2024-03-03 10:41:00,271,Prescription Refill Line,AGT-018,TEAM-SPECIALTY,connected
SYN-HC-00800,2024-03-03 14:20:00,768,Oncology Intake,AGT-020,TEAM-SPECIALTY,connected
SYN-HC-00801,2024-03-02 17:36:00,154,Prescription Refill Line,AGT-012,TEAM-SPECIALTY,connected
SYN-HC-00802,2024-03-04 15:38:00,90,Oncology Intake,AGT-020,TEAM-SPECIALTY,connected
SYN-HC-00803,2024-03-01 16:50:00,214,Cardiology Scheduling,,TEAM-ACCESS-SOUTH,abandoned
SYN-HC-00804,2024-03-02 13:22:00,413,General Patient Services,AGT-004,TEAM-ACCESS-SOUTH,connected
SYN-HC-00805,2024-03-01 15:51:00,59,Pediatric Primary Care,AGT-029,TEAM-SPECIALTY,connected
SYN-HC-00806,2024-03-05 12:15:00,352,Cardiology Scheduling,AGT-019,TEAM-ACCESS-NORTH,connected
SYN-HC-00807,2024-03-04 17:42:00,435,Cardiology Scheduling,,TEAM-SPECIALTY,abandoned
SYN-HC-00808,2024-03-04 10:57:00,512,Oncology Intake,AGT-020,TEAM-ACCESS-NORTH,connected
SYN-HC-00809,2024-03-03 08:38:00,240,Prescription Refill Line,,TEAM-ACCESS-NORTH,abandoned
SYN-HC-00810,2024-03-03 13:56:00,546,Oncology Intake,AGT-028,TEAM-ACCESS-NORTH,connected
SYN-HC-00811,2024-03-02 08:11:00,117,Oncology Intake,AGT-011,TEAM-ACCESS-NORTH,connected
SYN-HC-00812,2024-03-05 17:38:00,227,Cardiology Scheduling,AGT-005,TEAM-ACCESS-SOUTH,connected
SYN-HC-00813,2024-03-01 14:42:00,729,Oncology Intake,AGT-008,TEAM-ACCESS-NORTH,connected
SYN-HC-00814,2024-03-04 12:56:00,271,Oncology Intake,,TEAM-ACCESS-NORTH,abandoned
SYN-HC-00815,2024-03-04 17:45:00,170,General Patient Services,AGT-013,TEAM-ACCESS-NORTH,connected
SYN-HC-00816,2024-03-05 15:24:00,450,Cardiology Scheduling,AGT-016,TEAM-ACCESS-SOUTH,connected
SYN-HC-00817,2024-03-04 17:45:00,347,Cardiology Scheduling,AGT-008,TEAM-ACCESS-SOUTH,connected
SYN-HC-00818,2024-03-01 12:32:00,451,Oncology Intake,AGT-004,TEAM-ACCESS-NORTH,connected
SYN-HC-00819,2024-03-04 15:13:00,109,Pediatric Primary Care,AGT-020,TEAM-SPECIALTY,connected
SYN-HC-00820,2024-03-01 13:12:00,448,Cardiology Scheduling,AGT-020,TEAM-TRIAGE,connected
SYN-HC-00821,2024-03-02 15:31:00,239,General Patient Services,AGT-005,TEAM-SPECIALTY,connected
SYN-HC-00822,2024-03-01 09:55:00,92,General Patient Services,AGT-028,TEAM-ACCESS-SOUTH,connected
SYN-HC-00823,2024-03-03 08:14:00,48,Pediatric Primary Care,AGT-001,TEAM-TRIAGE,connected
SYN-HC-00824,2024-03-03 11:34:00,183,Prescription Refill Line,AGT-018,TEAM-SPECIALTY,connected
SYN-HC-00825,2024-03-04 10:24:00,126,General Patient Services,AGT-009,TEAM-ACCESS-NORTH,connected
SYN-HC-00826,2024-03-02 09:01:00,71,Pediatric Primary Care,AGT-002,TEAM-SPECIALTY,connected
SYN-HC-00827,2024-03-04 08:08:00,129,General Patient Services,AGT-028,TEAM-SPECIALTY,connected
SYN-HC-00828,2024-03-01 08:19:00,118,Pediatric Primary Care,AGT-017,TEAM-TRIAGE,connected
SYN-HC-00829,2024-03-01 13:23:00,731,Oncology Intake,AGT-007,TEAM-ACCESS-SOUTH,connected
SYN-HC-00830,2024-03-05 15:48:00,56,Prescription Refill Line,,TEAM-SPECIALTY,abandoned
SYN-HC-00831,2024-03-03 16:21:00,471,Oncology Intake,AGT-022,TEAM-SPECIALTY,connected
SYN-HC-00832,2024-03-03 14:03:00,170,Pediatric Primary Care,AGT-026,TEAM-SPECIALTY,connected
SYN-HC-00833,2024-03-01 12:23:00,150,Oncology Intake,AGT-008,TEAM-SPECIALTY,connected
SYN-HC-00834,2024-03-02 13:49:00,260,Oncology Intake,,TEAM-TRIAGE,abandoned
SYN-HC-00835,2024-03-05 11:52:00,366,Oncology Intake,AGT-010,TEAM-TRIAGE,connected
SYN-HC-00836,2024-03-05 13:37:00,675,Oncology Intake,,TEAM-ACCESS-SOUTH,abandoned
SYN-HC-00837,2024-03-05 17:14:00,130,Cardiology Scheduling,AGT-014,TEAM-ACCESS-SOUTH,connected
SYN-HC-00838,2024-03-02 17:38:00,222,Cardiology Scheduling,,TEAM-ACCESS-NORTH,abandoned
SYN-HC-00839,2024-03-02 13:25:00,120,Cardiology Scheduling,AGT-014,TEAM-TRIAGE,connected
SYN-HC-00840,2024-03-03 15:33:00,58,Pediatric Primary Care,AGT-005,TEAM-ACCESS-NORTH,connected
SYN-HC-00841,2024-03-02 08:26:00,181,Prescription Refill Line,AGT-020,TEAM-ACCESS-SOUTH,connected
SYN-HC-00842,2024-03-02 11:56:00,243,General Patient Services,,TEAM-TRIAGE,abandoned
SYN-HC-00843,2024-03-02 16:34:00,285,Prescription Refill Line,AGT-006,TEAM-SPECIALTY,connected
SYN-HC-00844,2024-03-04 16:23:00,160,Oncology Intake,AGT-002,TEAM-ACCESS-SOUTH,connected
SYN-HC-00845,2024-03-04 08:15:00,125,Pediatric Primary Care,AGT-025,TEAM-ACCESS-SOUTH,connected
SYN-HC-00846,2024-03-02 09:07:00,284,Cardiology Scheduling,AGT-023,TEAM-TRIAGE,connected
SYN-HC-00847,2024-03-03 15:48:00,278,Cardiology Scheduling,AGT-020,TEAM-ACCESS-NORTH,connected
SYN-HC-00848,2024-03-04 13:20:00,746,Oncology Intake,AGT-017,TEAM-ACCESS-NORTH,connected
SYN-HC-00849,2024-03-01 15:42:00,513,Oncology Intake,AGT-017,TEAM-ACCESS-SOUTH,connected
SYN-HC-00850,2024-03-05 14:45:00,345,General Patient Services,AGT-007,TEAM-ACCESS-NORTH,connected
SYN-HC-00851,2024-03-03 15:30:00,542,Oncology Intake,AGT-015,TEAM-SPECIALTY,connected
SYN-HC-00852,2024-03-02 15:12:00,176,Pediatric Primary Care,AGT-015,TEAM-ACCESS-SOUTH,connected
SYN-HC-00853,2024-03-04 09:32:00,102,Prescription Refill Line,AGT-013,TEAM-ACCESS-SOUTH,connected
SYN-HC-00854,2024-03-04 13:31:00,145,Oncology Intake,,TEAM-ACCESS-SOUTH,abandoned
SYN-HC-00855,2024-03-04 09:32:00,102,Pediatric Primary Care,AGT-023,TEAM-ACCESS-SOUTH,connected
SYN-HC-00856,2024-03-01 09:33:00,210,General Patient Services,AGT-003,TEAM-SPECIALTY,connected
SYN-HC-00857,2024-03-05 14:33:00,388,Prescription Refill Line,AGT-018,TEAM-TRIAGE,connected
SYN-HC-00858,2024-03-04 08:44:00,231,Cardiology Scheduling,AGT-006,TEAM-ACCESS-SOUTH,connected
SYN-HC-00859,2024-03-02 11:03:00,274,General Patient Services,AGT-010,TEAM-TRIAGE,connected
SYN-HC-00860,2024-03-02 10:00:00,163,Cardiology Scheduling,,TEAM-SPECIALTY,abandoned
SYN-HC-00861,2024-03-01 15:49:00,527,Oncology Intake,AGT-020,TEAM-ACCESS-NORTH,connected
SYN-HC-00862,2024-03-04 12:03:00,577,Cardiology Scheduling,AGT-003,TEAM-TRIAGE,connected
SYN-HC-00863,2024-03-05 08:06:00,340,Cardiology Scheduling,AGT-002,TEAM-ACCESS-SOUTH,connected
SYN-HC-00864,2024-03-02 10:31:00,197,General Patient Services,AGT-028,TEAM-ACCESS-SOUTH,connected
SYN-HC-00865,2024-03-01 17:51:00,197,Prescription Refill Line,AGT-002,TEAM-ACCESS-NORTH,connected
SYN-HC-00866,2024-03-01 15:06:00,142,Cardiology Scheduling,AGT-015,TEAM-ACCESS-SOUTH,connected
SYN-HC-00867,2024-03-05 14:08:00,107,General Patient Services,AGT-012,TEAM-SPECIALTY,connected
SYN-HC-00868,2024-03-04 09:09:00,521,Oncology Intake,AGT-016,TEAM-SPECIALTY,connected
SYN-HC-00869,2024-03-02 10:04:00,104,Pediatric Primary Care,AGT-023,TEAM-ACCESS-SOUTH,connected
SYN-HC-00870,2024-03-02 08:59:00,176,General Patient Services,AGT-016,TEAM-ACCESS-NORTH,connected
SYN-HC-00871,2024-03-05 12:54:00,743,Oncology Intake,AGT-017,TEAM-SPECIALTY,connected
SYN-HC-00872,2024-03-05 14:02:00,598,Cardiology Scheduling,AGT-016,TEAM-TRIAGE,connected
SYN-HC-00873,2024-03-02 11:58:00,149,Pediatric Primary Care,,TEAM-ACCESS-NORTH,abandoned
SYN-HC-00874,2024-03-04 10:00:00,469,Cardiology Scheduling,AGT-014,TEAM-TRIAGE,connected
SYN-HC-00875,2024-03-01 13:41:00,336,Pediatric Primary Care,AGT-001,TEAM-ACCESS-SOUTH,connected
SYN-HC-00876,2024-03-02 12:48:00,84,Pediatric Primary Care,AGT-025,TEAM-SPECIALTY,connected
SYN-HC-00877,2024-03-01 09:56:00,107,Pediatric Primary Care,AGT-027,TEAM-ACCESS-NORTH,connected
SYN-HC-00878,2024-03-02 11:18:00,223,Pediatric Primary Care,AGT-030,TEAM-TRIAGE,connected
SYN-HC-00879,2024-03-04 08:36:00,306,Cardiology Scheduling,AGT-029,TEAM-TRIAGE,connected
SYN-HC-00880,2024-03-05 13:43:00,543,Oncology Intake,AGT-027,TEAM-ACCESS-NORTH,connected
SYN-HC-00881,2024-03-05 13:06:00,446,Prescription Refill Line,AGT-007,TEAM-ACCESS-NORTH,connected
SYN-HC-00882,2024-03-05 13:39:00,83,Pediatric Primary Care,AGT-027,TEAM-SPECIALTY,connected
SYN-HC-00883,2024-03-01 13:47:00,761,Oncology Intake,AGT-019,TEAM-ACCESS-SOUTH,connected
SYN-HC-00884,2024-03-05 14:38:00,209,Cardiology Scheduling,AGT-023,TEAM-SPECIALTY,connected
SYN-HC-00885,2024-03-03 08:32:00,125,Pediatric Primary Care,AGT-012,TEAM-ACCESS-SOUTH,connected
SYN-HC-00886,2024-03-04 13:09:00,627,Cardiology Scheduling,AGT-012,TEAM-ACCESS-NORTH,connected
SYN-HC-00887,2024-03-01 11:26:00,287,General Patient Services,AGT-029,TEAM-TRIAGE,connected
SYN-HC-00888,2024-03-05 10:37:00,234,Cardiology Scheduling,AGT-025,TEAM-SPECIALTY,connected
SYN-HC-00889,2024-03-03 10:26:00,240,General Patient Services,AGT-007,TEAM-ACCESS-SOUTH,connected
SYN-HC-00890,2024-03-01 15:50:00,455,Oncology Intake,AGT-001,TEAM-ACCESS-NORTH,connected
SYN-HC-00891,2024-03-03 08:45:00,89,Prescription Refill Line,AGT-004,TEAM-ACCESS-NORTH,connected
SYN-HC-00892,2024-03-05 13:19:00,355,General Patient Services,AGT-011,TEAM-ACCESS-SOUTH,connected
SYN-HC-00893,2024-03-02 11:17:00,191,Pediatric Primary Care,AGT-022,TEAM-TRIAGE,connected
SYN-HC-00894,2024-03-01 12:39:00,251,Cardiology Scheduling,AGT-020,TEAM-ACCESS-NORTH,connected
SYN-HC-00895,2024-03-05 16:46:00,82,General Patient Services,AGT-009,TEAM-SPECIALTY,connected
SYN-HC-00896,2024-03-02 12:50:00,200,Prescription Refill Line,AGT-020,TEAM-SPECIALTY,connected
SYN-HC-00897,2024-03-03 17:13:00,115,Oncology Intake,,TEAM-TRIAGE,abandoned
SYN-HC-00898,2024-03-01 09:48:00,117,Oncology Intake,,TEAM-TRIAGE,abandoned
SYN-HC-00899,2024-03-02 15:36:00,227,Prescription Refill Line,AGT-023,TEAM-ACCESS-SOUTH,connected
SYN-HC-00900,2024-03-05 09:20:00,380,Oncology Intake,,TEAM-TRIAGE,abandoned
SYN-HC-00901,2024-03-01 15:46:00,139,Pediatric Primary Care,AGT-005,TEAM-ACCESS-SOUTH,connected
SYN-HC-00902,2024-03-05 12:24:00,250,Pediatric Primary Care,AGT-026,TEAM-SPECIALTY,connected
SYN-HC-00903,2024-03-03 15:44:00,105,Oncology Intake,,TEAM-ACCESS-NORTH,abandoned
SYN-HC-00904,2024-03-03 16:10:00,523,Oncology Intake,AGT-020,TEAM-SPECIALTY,connected
SYN-HC-00905,2024-03-05 10:10:00,97,Prescription Refill Line,AGT-011,TEAM-ACCESS-NORTH,connected
SYN-HC-00906,2024-03-05 09:12:00,156,Pediatric Primary Care,AGT-008,TEAM-TRIAGE,connected
SYN-HC-00907,2024-03-05 12:09:00,156,Prescription Refill Line,AGT-003,TEAM-TRIAGE,connected
SYN-HC-00908,2024-03-03 11:33:00,295,Prescription Refill Line,AGT-019,TEAM-TRIAGE,connected
SYN-HC-00909,2024-03-03 17:17:00,148,Cardiology Scheduling,AGT-024,TEAM-ACCESS-NORTH,connected
SYN-HC-00910,2024-03-05 16:18:00,181,General Patient Services,AGT-018,TEAM-SPECIALTY,connected
SYN-HC-00911,2024-03-01 15:35:00,217,Cardiology Scheduling,AGT-020,TEAM-ACCESS-NORTH,connected
SYN-HC-00912,2024-03-01 14:28:00,303,Pediatric Primary Care,AGT-003,TEAM-ACCESS-NORTH,connected
SYN-HC-00913,2024-03-02 10:22:00,45,Prescription Refill Line,AGT-015,TEAM-ACCESS-SOUTH,connected
SYN-HC-00914,2024-03-05 12:58:00,750,Oncology Intake,AGT-007,TEAM-ACCESS-SOUTH,connected
SYN-HC-00915,2024-03-03 13:06:00,422,Prescription Refill Line,AGT-023,TEAM-TRIAGE,connected
SYN-HC-00916,2024-03-03 09:31:00,49,Prescription Refill Line,AGT-028,TEAM-TRIAGE,connected
SYN-HC-00917,2024-03-02 13:01:00,249,General Patient Services,AGT-001,TEAM-ACCESS-NORTH,connected
SYN-HC-00918,2024-03-05 14:07:00,204,General Patient Services,AGT-014,TEAM-ACCESS-SOUTH,connected
SYN-HC-00919,2024-03-05 14:43:00,245,Pediatric Primary Care,AGT-018,TEAM-TRIAGE,connected
SYN-HC-00920,2024-03-02 10:57:00,161,Oncology Intake,AGT-027,TEAM-TRIAGE,connected
SYN-HC-00921,2024-03-03 15:07:00,207,Cardiology Scheduling,AGT-005,TEAM-ACCESS-SOUTH,connected
SYN-HC-00922,2024-03-01 09:13:00,66,General Patient Services,AGT-022,TEAM-TRIAGE,connected
SYN-HC-00923,2024-03-04 10:19:00,65,General Patient Services,AGT-028,TEAM-TRIAGE,connected
SYN-HC-00924,2024-03-04 15:15:00,137,Prescription Refill Line,AGT-018,TEAM-TRIAGE,connected
SYN-HC-00925,2024-03-04 14:33:00,165,Pediatric Primary Care,AGT-019,TEAM-ACCESS-NORTH,connected
SYN-HC-00926,2024-03-04 12:02:00,212,Prescription Refill Line,AGT-002,TEAM-SPECIALTY,connected
SYN-HC-00927,2024-03-01 17:41:00,450,Oncology Intake,AGT-023,TEAM-TRIAGE,connected
SYN-HC-00928,2024-03-01 10:25:00,188,Prescription Refill Line,AGT-017,TEAM-ACCESS-NORTH,connected
SYN-HC-00929,2024-03-05 09:30:00,301,Cardiology Scheduling,AGT-022,TEAM-ACCESS-NORTH,connected
SYN-HC-00930,2024-03-05 17:53:00,176,Pediatric Primary Care,AGT-018,TEAM-SPECIALTY,connected
SYN-HC-00931,2024-03-01 16:00:00,352,Oncology Intake,AGT-014,TEAM-SPECIALTY,connected
SYN-HC-00932,2024-03-03 13:01:00,135,Pediatric Primary Care,,TEAM-SPECIALTY,abandoned
SYN-HC-00933,2024-03-05 12:26:00,382,General Patient Services,AGT-019,TEAM-ACCESS-SOUTH,connected
SYN-HC-00934,2024-03-01 12:58:00,88,Prescription Refill Line,AGT-005,TEAM-ACCESS-NORTH,connected
SYN-HC-00935,2024-03-05 09:18:00,84,Pediatric Primary Care,AGT-009,TEAM-SPECIALTY,connected
SYN-HC-00936,2024-03-03 08:14:00,184,General Patient Services,AGT-022,TEAM-ACCESS-SOUTH,connected
SYN-HC-00937,2024-03-04 14:18:00,357,Cardiology Scheduling,AGT-016,TEAM-ACCESS-SOUTH,connected
SYN-HC-00938,2024-03-02 17:00:00,117,General Patient Services,AGT-020,TEAM-ACCESS-SOUTH,connected
SYN-HC-00939,2024-03-02 16:27:00,484,Oncology Intake,AGT-024,TEAM-TRIAGE,connected
SYN-HC-00940,2024-03-02 11:35:00,450,Prescription Refill Line,AGT-021,TEAM-ACCESS-NORTH,connected
SYN-HC-00941,2024-03-03 09:58:00,72,General Patient Services,AGT-010,TEAM-TRIAGE,connected
SYN-HC-00942,2024-03-04 17:05:00,254,Cardiology Scheduling,AGT-016,TEAM-TRIAGE,connected
SYN-HC-00943,2024-03-03 10:28:00,267,Prescription Refill Line,,TEAM-TRIAGE,abandoned
SYN-HC-00944,2024-03-04 13:23:00,424,Prescription Refill Line,AGT-030,TEAM-ACCESS-NORTH,connected
SYN-HC-00945,2024-03-05 14:02:00,745,Oncology Intake,AGT-011,TEAM-SPECIALTY,connected
SYN-HC-00946,2024-03-03 12:33:00,190,General Patient Services,AGT-015,TEAM-TRIAGE,connected
SYN-HC-00947,2024-03-02 11:19:00,247,Prescription Refill Line,AGT-011,TEAM-ACCESS-SOUTH,connected
SYN-HC-00948,2024-03-05 08:10:00,47,General Patient Services,,TEAM-ACCESS-NORTH,abandoned
SYN-HC-00949,2024-03-05 09:46:00,269,Oncology Intake,AGT-009,TEAM-SPECIALTY,connected
SYN-HC-00950,2024-03-02 08:34:00,188,General Patient Services,AGT-020,TEAM-ACCESS-SOUTH,connected
SYN-HC-00951,2024-03-01 10:02:00,184,General Patient Services,AGT-029,TEAM-ACCESS-SOUTH,connected
SYN-HC-00952,2024-03-01 11:08:00,200,Pediatric Primary Care,AGT-021,TEAM-ACCESS-NORTH,connected
SYN-HC-00953,2024-03-04 12:43:00,451,Oncology Intake,AGT-009,TEAM-ACCESS-NORTH,connected
SYN-HC-00954,2024-03-01 14:31:00,460,Oncology Intake,AGT-027,TEAM-SPECIALTY,connected
SYN-HC-00955,2024-03-03 11:02:00,191,Oncology Intake,AGT-020,TEAM-ACCESS-SOUTH,connected
SYN-HC-00956,2024-03-04 11:02:00,231,Oncology Intake,,TEAM-TRIAGE,abandoned
SYN-HC-00957,2024-03-02 09:48:00,456,Oncology Intake,AGT-003,TEAM-ACCESS-NORTH,connected
SYN-HC-00958,2024-03-01 17:45:00,134,Pediatric Primary Care,,TEAM-TRIAGE,abandoned
SYN-HC-00959,2024-03-02 08:00:00,200,General Patient Services,AGT-023,TEAM-ACCESS-SOUTH,connected
SYN-HC-00960,2024-03-03 14:40:00,76,Prescription Refill Line,AGT-016,TEAM-TRIAGE,connected
SYN-HC-00961,2024-03-04 14:53:00,336,General Patient Services,AGT-023,TEAM-TRIAGE,connected
SYN-HC-00962,2024-03-04 10:04:00,228,Prescription Refill Line,AGT-013,TEAM-SPECIALTY,connected
SYN-HC-00963,2024-03-01 09:32:00,156,Pediatric Primary Care,AGT-003,TEAM-SPECIALTY,connected
SYN-HC-00964,2024-03-04 12:56:00,270,Cardiology Scheduling,AGT-022,TEAM-TRIAGE,connected
SYN-HC-00965,2024-03-02 13:06:00,229,Oncology Intake,AGT-016,TEAM-SPECIALTY,connected
SYN-HC-00966,2024-03-01 15:28:00,131,Cardiology Scheduling,,TEAM-ACCESS-NORTH,abandoned
SYN-HC-00967,2024-03-05 12:04:00,518,Oncology Intake,,TEAM-SPECIALTY,abandoned
SYN-HC-00968,2024-03-04 17:06:00,584,Oncology Intake,AGT-011,TEAM-ACCESS-NORTH,connected
SYN-HC-00969,2024-03-01 13:45:00,267,General Patient Services,AGT-022,TEAM-TRIAGE,connected
SYN-HC-00970,2024-03-05 10:32:00,164,Prescription Refill Line,AGT-024,TEAM-ACCESS-NORTH,connected
SYN-HC-00971,2024-03-02 16:20:00,150,General Patient Services,AGT-008,TEAM-ACCESS-NORTH,connected
SYN-HC-00972,2024-03-02 08:14:00,383,Cardiology Scheduling,,TEAM-SPECIALTY,abandoned
SYN-HC-00973,2024-03-01 15:47:00,132,Prescription Refill Line,AGT-027,TEAM-ACCESS-NORTH,connected
SYN-HC-00974,2024-03-01 09:56:00,394,Oncology Intake,AGT-003,TEAM-ACCESS-SOUTH,connected
SYN-HC-00975,2024-03-02 15:16:00,122,Pediatric Primary Care,AGT-011,TEAM-ACCESS-SOUTH,connected
SYN-HC-00976,2024-03-02 08:46:00,133,Prescription Refill Line,AGT-009,TEAM-ACCESS-NORTH,connected
SYN-HC-00977,2024-03-02 15:05:00,416,Cardiology Scheduling,AGT-015,TEAM-ACCESS-SOUTH,connected
SYN-HC-00978,2024-03-02 17:55:00,64,General Patient Services,AGT-025,TEAM-TRIAGE,connected
SYN-HC-00979,2024-03-02 08:16:00,131,Oncology Intake,,TEAM-ACCESS-SOUTH,abandoned
SYN-HC-00980,2024-03-01 12:50:00,607,Oncology Intake,AGT-005,TEAM-ACCESS-SOUTH,connected
SYN-HC-00981,2024-03-03 16:55:00,300,Oncology Intake,AGT-020,TEAM-ACCESS-SOUTH,connected
SYN-HC-00982,2024-03-01 11:04:00,746,Oncology Intake,AGT-012,TEAM-SPECIALTY,connected
SYN-HC-00983,2024-03-04 08:04:00,165,Prescription Refill Line,AGT-020,TEAM-ACCESS-NORTH,connected
SYN-HC-00984,2024-03-03 17:12:00,157,Prescription Refill Line,AGT-009,TEAM-ACCESS-SOUTH,connected
SYN-HC-00985,2024-03-01 11:18:00,136,General Patient Services,AGT-016,TEAM-TRIAGE,connected
SYN-HC-00986,2024-03-02 10:43:00,43,General Patient Services,AGT-007,TEAM-SPECIALTY,connected
SYN-HC-00987,2024-03-04 12:17:00,282,Pediatric Primary Care,,TEAM-ACCESS-NORTH,abandoned
SYN-HC-00988,2024-03-05 11:00:00,119,Cardiology Scheduling,AGT-003,TEAM-ACCESS-NORTH,connected
SYN-HC-00989,2024-03-02 15:35:00,211,Prescription Refill Line,AGT-008,TEAM-SPECIALTY,connected
SYN-HC-00990,2024-03-01 13:33:00,190,Cardiology Scheduling,AGT-028,TEAM-TRIAGE,connected
SYN-HC-00991,2024-03-02 14:24:00,165,Cardiology Scheduling,AGT-002,TEAM-TRIAGE,connected
SYN-HC-00992,2024-03-04 10:28:00,372,Cardiology Scheduling,AGT-012,TEAM-TRIAGE,connected
SYN-HC-00993,2024-03-02 15:48:00,383,Cardiology Scheduling,AGT-007,TEAM-SPECIALTY,connected
SYN-HC-00994,2024-03-03 10:10:00,207,General Patient Services,AGT-005,TEAM-SPECIALTY,connected
SYN-HC-00995,2024-03-01 15:56:00,304,Oncology Intake,AGT-008,TEAM-SPECIALTY,connected
SYN-HC-00996,2024-03-03 10:40:00,132,Prescription Refill Line,AGT-003,TEAM-ACCESS-SOUTH,connected
SYN-HC-00997,2024-03-04 16:54:00,531,Oncology Intake,AGT-027,TEAM-TRIAGE,connected
SYN-HC-00998,2024-03-04 12:45:00,279,General Patient Services,AGT-008,TEAM-ACCESS-SOUTH,connected
SYN-HC-00999,2024-03-03 15:24:00,158,Prescription Refill Line,AGT-030,TEAM-ACCESS-SOUTH,connected
SYN-HC-01000,2024-03-05 08:05:00,591,Oncology Intake,,TEAM-TRIAGE,abandoned
SYN-HC-01001,2024-03-05 08:34:00,361,Oncology Intake,AGT-015,TEAM-ACCESS-NORTH,connected
SYN-HC-01002,2024-03-04 12:06:00,345,General Patient Services,AGT-007,TEAM-TRIAGE,connected
SYN-HC-01003,2024-03-02 14:07:00,172,Pediatric Primary Care,AGT-001,TEAM-ACCESS-NORTH,connected
SYN-HC-01004,2024-03-04 13:12:00,560,Cardiology Scheduling,AGT-015,TEAM-ACCESS-NORTH,connected
SYN-HC-01005,2024-03-04 10:21:00,184,Oncology Intake,AGT-021,TEAM-SPECIALTY,connected
SYN-HC-01006,2024-03-04 08:01:00,128,General Patient Services,AGT-017,TEAM-SPECIALTY,connected
SYN-HC-01007,2024-03-01 13:03:00,396,Oncology Intake,AGT-026,TEAM-ACCESS-SOUTH,connected
SYN-HC-01008,2024-03-01 13:43:00,323,General Patient Services,AGT-029,TEAM-SPECIALTY,connected
SYN-HC-01009,2024-03-01 09:53:00,277,Oncology Intake,AGT-012,TEAM-ACCESS-NORTH,connected
SYN-HC-01010,2024-03-03 10:59:00,79,Prescription Refill Line,AGT-005,TEAM-ACCESS-SOUTH,connected
SYN-HC-01011,2024-03-03 12:04:00,133,Prescription Refill Line,AGT-025,TEAM-ACCESS-SOUTH,connected
SYN-HC-01012,2024-03-02 13:28:00,186,Pediatric Primary Care,AGT-009,TEAM-TRIAGE,connected
SYN-HC-01013,2024-03-01 09:04:00,108,Pediatric Primary Care,AGT-016,TEAM-ACCESS-NORTH,connected
SYN-HC-01014,2024-03-05 17:05:00,135,Pediatric Primary Care,AGT-007,TEAM-ACCESS-NORTH,connected
SYN-HC-01015,2024-03-04 09:29:00,130,General Patient Services,AGT-003,TEAM-SPECIALTY,connected
SYN-HC-01016,2024-03-01 10:48:00,48,Pediatric Primary Care,AGT-005,TEAM-TRIAGE,connected
SYN-HC-01017,2024-03-02 16:53:00,105,General Patient Services,AGT-016,TEAM-ACCESS-SOUTH,connected
SYN-HC-01018,2024-03-03 15:10:00,467,Oncology Intake,AGT-007,TEAM-SPECIALTY,connected
SYN-HC-01019,2024-03-01 08:22:00,326,Cardiology Scheduling,AGT-019,TEAM-TRIAGE,connected
SYN-HC-01020,2024-03-03 13:34:00,727,Oncology Intake,AGT-015,TEAM-TRIAGE,connected
SYN-HC-01021,2024-03-03 17:40:00,464,Cardiology Scheduling,AGT-008,TEAM-SPECIALTY,connected
SYN-HC-01022,2024-03-04 14:20:00,74,Pediatric Primary Care,AGT-015,TEAM-SPECIALTY,connected
SYN-HC-01023,2024-03-02 10:44:00,191,Prescription Refill Line,AGT-027,TEAM-ACCESS-SOUTH,connected
SYN-HC-01024,2024-03-02 10:45:00,119,Cardiology Scheduling,,TEAM-SPECIALTY,abandoned
SYN-HC-01025,2024-03-05 10:09:00,223,Oncology Intake,AGT-018,TEAM-ACCESS-SOUTH,connected
SYN-HC-01026,2024-03-01 13:24:00,125,Pediatric Primary Care,AGT-018,TEAM-ACCESS-SOUTH,connected
SYN-HC-01027,2024-03-03 10:04:00,133,General Patient Services,AGT-015,TEAM-ACCESS-SOUTH,connected
SYN-HC-01028,2024-03-03 10:39:00,219,General Patient Services,AGT-021,TEAM-SPECIALTY,connected
SYN-HC-01029,2024-03-03 16:05:00,166,Pediatric Primary Care,AGT-011,TEAM-TRIAGE,connected
SYN-HC-01030,2024-03-01 16:10:00,65,General Patient Services,AGT-010,TEAM-ACCESS-NORTH,connected
SYN-HC-01031,2024-03-01 14:51:00,187,Prescription Refill Line,AGT-011,TEAM-ACCESS-NORTH,connected
SYN-HC-01032,2024-03-01 11:19:00,344,Prescription Refill Line,AGT-007,TEAM-SPECIALTY,connected
SYN-HC-01033,2024-03-01 09:25:00,273,Prescription Refill Line,AGT-017,TEAM-ACCESS-NORTH,connected
SYN-HC-01034,2024-03-04 11:19:00,445,Oncology Intake,AGT-030,TEAM-ACCESS-NORTH,connected
SYN-HC-01035,2024-03-03 14:47:00,527,Cardiology Scheduling,AGT-001,TEAM-SPECIALTY,connected
SYN-HC-01036,2024-03-03 13:53:00,207,Pediatric Primary Care,AGT-007,TEAM-ACCESS-NORTH,connected
SYN-HC-01037,2024-03-04 15:05:00,237,Oncology Intake,AGT-024,TEAM-TRIAGE,connected
SYN-HC-01038,2024-03-04 10:22:00,89,Prescription Refill Line,AGT-016,TEAM-SPECIALTY,connected
SYN-HC-01039,2024-03-05 13:43:00,362,General Patient Services,AGT-001,TEAM-ACCESS-NORTH,connected
SYN-HC-01040,2024-03-04 12:39:00,299,Oncology Intake,AGT-007,TEAM-ACCESS-SOUTH,connected
SYN-HC-01041,2024-03-02 14:30:00,333,Pediatric Primary Care,AGT-027,TEAM-SPECIALTY,connected
SYN-HC-01042,2024-03-05 13:11:00,692,Oncology Intake,AGT-001,TEAM-ACCESS-SOUTH,connected
SYN-HC-01043,2024-03-01 10:37:00,96,Pediatric Primary Care,AGT-004,TEAM-TRIAGE,connected
SYN-HC-01044,2024-03-03 15:07:00,311,Cardiology Scheduling,AGT-001,TEAM-ACCESS-SOUTH,connected
SYN-HC-01045,2024-03-01 12:43:00,188,Oncology Intake,AGT-019,TEAM-SPECIALTY,connected
SYN-HC-01046,2024-03-04 17:39:00,534,Oncology Intake,AGT-023,TEAM-TRIAGE,connected
SYN-HC-01047,2024-03-01 14:22:00,450,Prescription Refill Line,AGT-006,TEAM-SPECIALTY,connected
SYN-HC-01048,2024-03-05 08:59:00,223,Cardiology Scheduling,AGT-012,TEAM-ACCESS-SOUTH,connected
SYN-HC-01049,2024-03-02 08:54:00,112,Pediatric Primary Care,AGT-002,TEAM-SPECIALTY,connected
SYN-HC-01050,2024-03-03 12:58:00,402,Prescription Refill Line,AGT-025,TEAM-ACCESS-SOUTH,connected
SYN-HC-01051,2024-03-02 09:36:00,130,Prescription Refill Line,AGT-027,TEAM-SPECIALTY,connected
SYN-HC-01052,2024-03-03 12:37:00,99,Pediatric Primary Care,AGT-027,TEAM-SPECIALTY,connected
SYN-HC-01053,2024-03-02 08:13:00,325,Cardiology Scheduling,AGT-014,TEAM-TRIAGE,connected
SYN-HC-01054,2024-03-03 10:46:00,85,General Patient Services,AGT-027,TEAM-ACCESS-SOUTH,connected
SYN-HC-01055,2024-03-02 17:32:00,103,Prescription Refill Line,AGT-004,TEAM-ACCESS-NORTH,connected
SYN-HC-01056,2024-03-02 08:17:00,268,Oncology Intake,AGT-005,TEAM-SPECIALTY,connected
SYN-HC-01057,2024-03-04 16:55:00,64,Pediatric Primary Care,AGT-024,TEAM-ACCESS-NORTH,connected
SYN-HC-01058,2024-03-01 11:47:00,235,Cardiology Scheduling,AGT-005,TEAM-SPECIALTY,connected
SYN-HC-01059,2024-03-02 10:13:00,138,General Patient Services,AGT-003,TEAM-ACCESS-NORTH,connected
SYN-HC-01060,2024-03-01 16:15:00,111,Oncology Intake,AGT-026,TEAM-ACCESS-NORTH,connected
SYN-HC-01061,2024-03-05 09:00:00,150,Oncology Intake,AGT-003,TEAM-ACCESS-NORTH,connected
SYN-HC-01062,2024-03-03 08:10:00,230,General Patient Services,AGT-019,TEAM-ACCESS-SOUTH,connected
SYN-HC-01063,2024-03-02 11:09:00,64,Pediatric Primary Care,AGT-019,TEAM-SPECIALTY,connected
SYN-HC-01064,2024-03-03 14:00:00,602,Cardiology Scheduling,AGT-017,TEAM-ACCESS-SOUTH,connected
SYN-HC-01065,2024-03-05 09:09:00,239,General Patient Services,AGT-017,TEAM-ACCESS-NORTH,connected
SYN-HC-01066,2024-03-02 11:16:00,137,Pediatric Primary Care,AGT-024,TEAM-ACCESS-NORTH,connected
SYN-HC-01067,2024-03-01 11:39:00,437,Prescription Refill Line,AGT-015,TEAM-ACCESS-SOUTH,connected
SYN-HC-01068,2024-03-01 11:05:00,244,Pediatric Primary Care,AGT-014,TEAM-ACCESS-SOUTH,connected
SYN-HC-01069,2024-03-01 13:21:00,298,General Patient Services,AGT-016,TEAM-ACCESS-SOUTH,connected
SYN-HC-01070,2024-03-03 12:55:00,444,Prescription Refill Line,,TEAM-SPECIALTY,abandoned
SYN-HC-01071,2024-03-04 09:58:00,235,Oncology Intake,AGT-022,TEAM-SPECIALTY,connected
SYN-HC-01072,2024-03-04 11:51:00,283,Prescription Refill Line,AGT-007,TEAM-TRIAGE,connected
SYN-HC-01073,2024-03-01 16:07:00,65,Pediatric Primary Care,,TEAM-TRIAGE,abandoned
SYN-HC-01074,2024-03-01 14:45:00,655,Oncology Intake,AGT-004,TEAM-ACCESS-NORTH,connected
SYN-HC-01075,2024-03-02 14:44:00,724,Oncology Intake,AGT-003,TEAM-ACCESS-SOUTH,connected
SYN-HC-01076,2024-03-03 11:23:00,152,Pediatric Primary Care,AGT-004,TEAM-TRIAGE,connected
SYN-HC-01077,2024-03-02 15:14:00,232,Oncology Intake,AGT-025,TEAM-SPECIALTY,connected
SYN-HC-01078,2024-03-04 14:04:00,737,Oncology Intake,AGT-017,TEAM-TRIAGE,connected
SYN-HC-01079,2024-03-03 10:30:00,145,Oncology Intake,,TEAM-TRIAGE,abandoned
SYN-HC-01080,2024-03-04 11:56:00,120,Cardiology Scheduling,,TEAM-ACCESS-NORTH,abandoned
SYN-HC-01081,2024-03-01 16:30:00,75,General Patient Services,AGT-005,TEAM-SPECIALTY,connected
SYN-HC-01082,2024-03-03 09:38:00,199,General Patient Services,AGT-026,TEAM-TRIAGE,connected
SYN-HC-01083,2024-03-04 11:26:00,304,Pediatric Primary Care,AGT-018,TEAM-SPECIALTY,connected
SYN-HC-01084,2024-03-03 17:13:00,54,Prescription Refill Line,AGT-014,TEAM-ACCESS-NORTH,connected
SYN-HC-01085,2024-03-01 14:32:00,442,Oncology Intake,AGT-015,TEAM-TRIAGE,connected
SYN-HC-01086,2024-03-01 08:33:00,345,Cardiology Scheduling,AGT-029,TEAM-SPECIALTY,connected
SYN-HC-01087,2024-03-02 16:23:00,158,Oncology Intake,AGT-016,TEAM-TRIAGE,connected
SYN-HC-01088,2024-03-01 17:42:00,427,Oncology Intake,AGT-016,TEAM-TRIAGE,connected
SYN-HC-01089,2024-03-05 10:40:00,73,Prescription Refill Line,AGT-019,TEAM-TRIAGE,connected
SYN-HC-01090,2024-03-04 14:01:00,214,Pediatric Primary Care,,TEAM-ACCESS-NORTH,abandoned
SYN-HC-01091,2024-03-02 14:15:00,348,Pediatric Primary Care,,TEAM-SPECIALTY,abandoned
SYN-HC-01092,2024-03-04 09:39:00,266,Oncology Intake,AGT-012,TEAM-TRIAGE,connected
SYN-HC-01093,2024-03-01 12:10:00,330,Cardiology Scheduling,AGT-030,TEAM-ACCESS-NORTH,connected
SYN-HC-01094,2024-03-01 13:12:00,232,General Patient Services,AGT-002,TEAM-SPECIALTY,connected
SYN-HC-01095,2024-03-04 15:12:00,260,Prescription Refill Line,AGT-019,TEAM-TRIAGE,connected
SYN-HC-01096,2024-03-01 13:24:00,704,Oncology Intake,AGT-026,TEAM-ACCESS-NORTH,connected
SYN-HC-01097,2024-03-04 09:42:00,232,Cardiology Scheduling,AGT-006,TEAM-SPECIALTY,connected
SYN-HC-01098,2024-03-05 13:06:00,273,Pediatric Primary Care,AGT-027,TEAM-ACCESS-NORTH,connected
SYN-HC-01099,2024-03-05 11:39:00,185,Pediatric Primary Care,,TEAM-TRIAGE,abandoned
SYN-HC-01100,2024-03-02 09:34:00,93,Prescription Refill Line,AGT-003,TEAM-SPECIALTY,connected
SYN-HC-01101,2024-03-05 17:03:00,308,Oncology Intake,AGT-021,TEAM-ACCESS-NORTH,connected
SYN-HC-01102,2024-03-03 16:36:00,130,Pediatric Primary Care,AGT-007,TEAM-SPECIALTY,connected
SYN-HC-01103,2024-03-04 14:51:00,313,Pediatric Primary Care,AGT-029,TEAM-ACCESS-SOUTH,connected
SYN-HC-01104,2024-03-01 16:48:00,355,Cardiology Scheduling,AGT-009,TEAM-TRIAGE,connected
SYN-HC-01105,2024-03-05 15:24:00,75,Prescription Refill Line,AGT-015,TEAM-SPECIALTY,connected
SYN-HC-01106,2024-03-02 12:06:00,397,Cardiology Scheduling,AGT-011,TEAM-TRIAGE,connected
SYN-HC-01107,2024-03-01 11:28:00,393,Oncology Intake,AGT-009,TEAM-ACCESS-SOUTH,connected
SYN-HC-01108,2024-03-05 12:01:00,364,Oncology Intake,,TEAM-ACCESS-SOUTH,abandoned
SYN-HC-01109,2024-03-01 12:11:00,287,Pediatric Primary Care,AGT-014,TEAM-TRIAGE,connected
SYN-HC-01110,2024-03-01 11:26:00,369,Cardiology Scheduling,,TEAM-SPECIALTY,abandoned
SYN-HC-01111,2024-03-03 17:23:00,389,Cardiology Scheduling,AGT-026,TEAM-TRIAGE,connected
SYN-HC-01112,2024-03-01 08:56:00,110,General Patient Services,AGT-029,TEAM-ACCESS-NORTH,connected
SYN-HC-01113,2024-03-04 14:12:00,263,General Patient Services,AGT-008,TEAM-ACCESS-SOUTH,connected
SYN-HC-01114,2024-03-01 17:44:00,106,Prescription Refill Line,AGT-016,TEAM-SPECIALTY,connected
SYN-HC-01115,2024-03-01 12:03:00,137,Prescription Refill Line,AGT-011,TEAM-SPECIALTY,connected
SYN-HC-01116,2024-03-05 14:39:00,523,Cardiology Scheduling,AGT-006,TEAM-ACCESS-NORTH,connected
SYN-HC-01117,2024-03-02 12:41:00,538,Oncology Intake,AGT-016,TEAM-ACCESS-NORTH,connected
SYN-HC-01118,2024-03-05 14:23:00,222,General Patient Services,AGT-022,TEAM-TRIAGE,connected
SYN-HC-01119,2024-03-02 12:44:00,461,Cardiology Scheduling,AGT-027,TEAM-SPECIALTY,connected
SYN-HC-01120,2024-03-03 08:21:00,62,Prescription Refill Line,AGT-023,TEAM-ACCESS-NORTH,connected
SYN-HC-01121,2024-03-02 12:19:00,271,Prescription Refill Line,AGT-029,TEAM-SPECIALTY,connected
SYN-HC-01122,2024-03-01 17:07:00,286,Cardiology Scheduling,AGT-030,TEAM-TRIAGE,connected
SYN-HC-01123,2024-03-03 13:08:00,180,General Patient Services,AGT-030,TEAM-ACCESS-SOUTH,connected
SYN-HC-01124,2024-03-04 13:24:00,154,Oncology Intake,AGT-027,TEAM-ACCESS-NORTH,connected
SYN-HC-01125,2024-03-04 16:02:00,564,Oncology Intake,AGT-029,TEAM-TRIAGE,connected
SYN-HC-01126,2024-03-01 10:44:00,149,Pediatric Primary Care,AGT-020,TEAM-TRIAGE,connected
SYN-HC-01127,2024-03-05 13:34:00,148,Oncology Intake,AGT-021,TEAM-ACCESS-SOUTH,connected
SYN-HC-01128,2024-03-04 10:19:00,132,General Patient Services,AGT-011,TEAM-SPECIALTY,connected
SYN-HC-01129,2024-03-05 09:24:00,70,General Patient Services,AGT-028,TEAM-ACCESS-SOUTH,connected
SYN-HC-01130,2024-03-05 15:00:00,135,Pediatric Primary Care,AGT-009,TEAM-ACCESS-SOUTH,connected
SYN-HC-01131,2024-03-02 13:35:00,151,Pediatric Primary Care,AGT-006,TEAM-SPECIALTY,connected
SYN-HC-01132,2024-03-04 14:26:00,189,Prescription Refill Line,,TEAM-ACCESS-NORTH,abandoned
SYN-HC-01133,2024-03-05 11:54:00,296,General Patient Services,AGT-002,TEAM-ACCESS-SOUTH,connected
SYN-HC-01134,2024-03-04 15:19:00,178,Prescription Refill Line,AGT-006,TEAM-SPECIALTY,connected
SYN-HC-01135,2024-03-05 10:00:00,213,General Patient Services,AGT-027,TEAM-TRIAGE,connected
SYN-HC-01136,2024-03-04 10:01:00,425,Cardiology Scheduling,AGT-010,TEAM-SPECIALTY,connected
SYN-HC-01137,2024-03-04 14:31:00,531,Cardiology Scheduling,AGT-027,TEAM-ACCESS-SOUTH,connected
SYN-HC-01138,2024-03-03 11:13:00,304,Oncology Intake,AGT-001,TEAM-ACCESS-SOUTH,connected
SYN-HC-01139,2024-03-03 12:28:00,551,Cardiology Scheduling,AGT-019,TEAM-SPECIALTY,connected
SYN-HC-01140,2024-03-04 09:27:00,150,General Patient Services,AGT-023,TEAM-SPECIALTY,connected
SYN-HC-01141,2024-03-04 11:37:00,553,Oncology Intake,AGT-003,TEAM-SPECIALTY,connected
SYN-HC-01142,2024-03-01 17:30:00,43,General Patient Services,AGT-016,TEAM-ACCESS-SOUTH,connected
SYN-HC-01143,2024-03-03 08:46:00,94,General Patient Services,AGT-010,TEAM-TRIAGE,connected
SYN-HC-01144,2024-03-04 14:19:00,132,Cardiology Scheduling,AGT-006,TEAM-SPECIALTY,connected
SYN-HC-01145,2024-03-05 16:24:00,139,Pediatric Primary Care,AGT-023,TEAM-SPECIALTY,connected
SYN-HC-01146,2024-03-05 15:23:00,193,Cardiology Scheduling,,TEAM-ACCESS-NORTH,abandoned
SYN-HC-01147,2024-03-02 16:31:00,112,Pediatric Primary Care,AGT-029,TEAM-SPECIALTY,connected
SYN-HC-01148,2024-03-03 12:30:00,235,Prescription Refill Line,AGT-011,TEAM-ACCESS-SOUTH,connected
SYN-HC-01149,2024-03-04 10:34:00,270,Prescription Refill Line,,TEAM-ACCESS-SOUTH,abandoned
SYN-HC-01150,2024-03-01 11:55:00,126,Cardiology Scheduling,AGT-023,TEAM-ACCESS-SOUTH,connected
SYN-HC-01151,2024-03-04 15:26:00,156,General Patient Services,,TEAM-SPECIALTY,abandoned
SYN-HC-01152,2024-03-05 16:16:00,342,Oncology Intake,,TEAM-ACCESS-SOUTH,abandoned
SYN-HC-01153,2024-03-01 13:57:00,164,General Patient Services,AGT-027,TEAM-ACCESS-SOUTH,connected
SYN-HC-01154,2024-03-02 16:40:00,164,Pediatric Primary Care,AGT-019,TEAM-ACCESS-SOUTH,connected
SYN-HC-01155,2024-03-01 16:58:00,137,Prescription Refill Line,AGT-008,TEAM-ACCESS-NORTH,connected
SYN-HC-01156,2024-03-04 09:36:00,26,Pediatric Primary Care,AGT-013,TEAM-ACCESS-NORTH,connected
SYN-HC-01157,2024-03-03 09:48:00,59,Pediatric Primary Care,,TEAM-TRIAGE,abandoned
SYN-HC-01158,2024-03-04 15:44:00,172,Pediatric Primary Care,AGT-002,TEAM-SPECIALTY,connected
SYN-HC-01159,2024-03-05 15:43:00,165,Pediatric Primary Care,AGT-026,TEAM-ACCESS-NORTH,connected
SYN-HC-01160,2024-03-03 13:30:00,96,General Patient Services,AGT-003,TEAM-TRIAGE,connected
SYN-HC-01161,2024-03-04 12:21:00,335,Cardiology Scheduling,AGT-003,TEAM-TRIAGE,connected
SYN-HC-01162,2024-03-01 11:33:00,487,Cardiology Scheduling,AGT-021,TEAM-SPECIALTY,connected
SYN-HC-01163,2024-03-02 10:03:00,145,Pediatric Primary Care,AGT-029,TEAM-SPECIALTY,connected
SYN-HC-01164,2024-03-05 10:14:00,44,Pediatric Primary Care,AGT-016,TEAM-ACCESS-SOUTH,connected
SYN-HC-01165,2024-03-04 14:37:00,394,Oncology Intake,AGT-003,TEAM-TRIAGE,connected
SYN-HC-01166,2024-03-04 14:17:00,170,Prescription Refill Line,AGT-003,TEAM-TRIAGE,connected
SYN-HC-01167,2024-03-01 16:45:00,138,Pediatric Primary Care,AGT-030,TEAM-ACCESS-SOUTH,connected
SYN-HC-01168,2024-03-04 16:59:00,87,Prescription Refill Line,AGT-003,TEAM-TRIAGE,connected
SYN-HC-01169,2024-03-04 13:07:00,220,Cardiology Scheduling,AGT-027,TEAM-SPECIALTY,connected
SYN-HC-01170,2024-03-02 16:55:00,241,Oncology Intake,AGT-030,TEAM-ACCESS-NORTH,connected
SYN-HC-01171,2024-03-01 16:45:00,160,General Patient Services,AGT-015,TEAM-ACCESS-NORTH,connected
SYN-HC-01172,2024-03-05 12:19:00,180,Pediatric Primary Care,AGT-004,TEAM-ACCESS-NORTH,connected
SYN-HC-01173,2024-03-04 11:03:00,492,Cardiology Scheduling,,TEAM-TRIAGE,abandoned
SYN-HC-01174,2024-03-03 13:21:00,445,Prescription Refill Line,AGT-020,TEAM-TRIAGE,connected
SYN-HC-01175,2024-03-03 13:49:00,306,Cardiology Scheduling,,TEAM-SPECIALTY,abandoned
SYN-HC-01176,2024-03-01 15:24:00,54,Prescription Refill Line,,TEAM-ACCESS-NORTH,abandoned
SYN-HC-01177,2024-03-01 10:55:00,325,Oncology Intake,AGT-010,TEAM-TRIAGE,connected
SYN-HC-01178,2024-03-05 14:09:00,429,Oncology Intake,,TEAM-ACCESS-SOUTH,abandoned
SYN-HC-01179,2024-03-01 11:15:00,68,General Patient Services,AGT-028,TEAM-ACCESS-SOUTH,connected
SYN-HC-01180,2024-03-01 11:34:00,268,Oncology Intake,AGT-027,TEAM-TRIAGE,connected
SYN-HC-01181,2024-03-05 11:15:00,214,General Patient Services,AGT-016,TEAM-ACCESS-SOUTH,connected
SYN-HC-01182,2024-03-04 08:22:00,72,General Patient Services,AGT-016,TEAM-TRIAGE,connected
SYN-HC-01183,2024-03-04 08:20:00,389,Oncology Intake,AGT-019,TEAM-SPECIALTY,connected
SYN-HC-01184,2024-03-04 08:52:00,22,Pediatric Primary Care,AGT-014,TEAM-TRIAGE,connected
SYN-HC-01185,2024-03-04 17:52:00,193,Prescription Refill Line,,TEAM-TRIAGE,abandoned
SYN-HC-01186,2024-03-04 16:45:00,294,Prescription Refill Line,AGT-017,TEAM-ACCESS-NORTH,connected
SYN-HC-01187,2024-03-01 15:12:00,206,Prescription Refill Line,AGT-029,TEAM-SPECIALTY,connected
SYN-HC-01188,2024-03-04 16:04:00,156,General Patient Services,AGT-015,TEAM-SPECIALTY,connected
SYN-HC-01189,2024-03-04 08:21:00,207,Cardiology Scheduling,AGT-012,TEAM-TRIAGE,connected
SYN-HC-01190,2024-03-04 11:57:00,187,Prescription Refill Line,AGT-030,TEAM-SPECIALTY,connected
SYN-HC-01191,2024-03-05 15:59:00,210,Cardiology Scheduling,AGT-014,TEAM-TRIAGE,connected
SYN-HC-01192,2024-03-03 16:03:00,378,Cardiology Scheduling,AGT-022,TEAM-ACCESS-NORTH,connected
SYN-HC-01193,2024-03-04 10:12:00,162,Cardiology Scheduling,AGT-004,TEAM-TRIAGE,connected
SYN-HC-01194,2024-03-04 16:25:00,80,Pediatric Primary Care,AGT-001,TEAM-ACCESS-NORTH,connected
SYN-HC-01195,2024-03-03 12:27:00,131,Pediatric Primary Care,AGT-026,TEAM-ACCESS-NORTH,connected
SYN-HC-01196,2024-03-01 13:45:00,236,Oncology Intake,AGT-018,TEAM-ACCESS-NORTH,connected
SYN-HC-01197,2024-03-02 16:18:00,107,Pediatric Primary Care,AGT-025,TEAM-ACCESS-NORTH,connected
SYN-HC-01198,2024-03-05 12:33:00,617,Cardiology Scheduling,AGT-023,TEAM-ACCESS-NORTH,connected
SYN-HC-01199,2024-03-01 15:28:00,582,Oncology Intake,AGT-004,TEAM-ACCESS-NORTH,connected
SYN-HC-01200,2024-03-05 09:44:00,66,Prescription Refill Line,AGT-021,TEAM-ACCESS-SOUTH,connected
